id_registro,id_maquina,planta,modelo_equipo,turno,antiguedad_meses,horas_operacion,n_mantenimientos_previos,temperatura_c,vibracion_mm_s,presion_bar,consumo_kwh,costo_reparacion_usd,fallo
2355,MQ-0009,Este,XR-200,mañana,51.0,9644.0,2,,3.778,4.61,547.2,,0
2228,MQ-0012,Sur,TL-90,tarde,50.0,8787.0,1,57.71,3.071,6.6,577.1,,0
2398,MQ-0050,Oeste,TL-120,noche,46.0,4944.0,1,61.39,,7.4,479.5,2196.02,1
49,MQ-0123,Este,TL-90,mañana,27.0,5550.0,1,63.67,3.285,5.26,536.2,,0
741,MQ-0072,Sur,BM-500,mañana,18.0,2735.0,1,86.71,2.15,5.71,547.7,,0
188,MQ-0085,Sur,XR-350,mañana,64.0,13025.0,3,61.33,0.874,5.82,568.2,,0
2004,MQ-0180,Sur,xr200,mañana,33.0,6528.0,1,64.71,3.6,6.45,497.3,,0
2778,MQ-0102,Este,BM-500,noche,106.0,17897.0,4,62.4,,6.18,729.3,,0
4122,MQ-0023,Norte,XR-350,mañana,34.0,5646.0,0,71.56,0.621,5.43,501.3,,0
1471,MQ-0028,Oeste,xr200,mañana,72.0,14475.0,3,70.23,1.251,6.22,686.6,,0
721,MQ-0114,Norte,XR-200,mañana,56.0,10963.0,2,73.17,2.679,5.04,659.4,,0
534,MQ-0036,Este,XR-200,tarde,48.0,7828.0,1,82.27,1.926,6.96,710.4,,0
3030,MQ-0093,Norte,XR-350,mañana,21.0,3105.0,4,78.96,2.75,6.65,542.1,,0
541,MQ-0034,Norte,BM-500,mañana,9.0,3459.0,0,59.61,2.23,6.27,359.9,,0
2470,MQ-0133,Norte,XR-200,noche,67.0,7563.0,2,64.62,,5.92,458.1,,0
3655,MQ-0026,Sur,xr350,noche,21.0,3876.0,1,,2.517,6.2,602.5,,0
2083,MQ-0035,Norte,XR-350,mañana,125.0,21226.0,3,59.27,2.151,7.07,752.2,,0
1078,MQ-0013,Norte,XR-200,noche,82.0,14795.0,4,64.77,2.994,6.88,720.1,,0
2520,MQ-0121,Sur,xr200,mañana,31.0,5568.0,3,61.51,1.932,6.33,595.7,,0
665,MQ-0063,Norte,tl120,noche,18.0,4152.0,1,57.47,1.577,7.4,409.8,,0
3641,MQ-0069,Este,BM 500,mañana,11.0,50.0,1,66.55,2.651,6.71,430.1,,0
1122,MQ-0134,Norte,BM-500,tarde,20.0,4069.0,1,56.42,1.237,7.09,430.8,,0
2563,MQ-0089,Norte,TL-90,tarde,24.0,2023.0,0,69.54,2.716,6.59,500.9,,0
1372,MQ-0028,Norte,XR 200,tarde,22.0,5686.0,0,65.2,3.078,5.98,494.6,,0
2191,MQ-0159,Este,XR-350,tarde,17.0,50.0,2,66.35,2.795,6.69,362.3,,0
3977,MQ-0132,Norte,TL-120,mañana,33.0,7631.0,0,61.25,1.278,5.73,436.8,,0
3591,MQ-0115,Este,xr350,mañana,97.0,16293.0,6,85.14,1.598,4.81,880.8,,0
4214,MQ-0172,Sur,bm500,noche,34.0,5594.0,2,,2.828,4.43,771.7,,0
2919,MQ-0001,Este,XR-350,mañana,67.0,11753.0,3,83.74,1.127,7.87,749.1,,0
1381,MQ-0130,Sur,XR 350,noche,32.0,4268.0,2,75.51,,6.6,555.3,,0
1522,MQ-0128,Este,XR-200,noche,21.0,3740.0,1,79.03,2.199,5.95,588.1,,0
1931,MQ-0109,Norte,XR 200,mañana,50.0,10136.0,1,64.2,2.225,6.84,589.8,,0
2223,MQ-0107,Norte,xr350,mañana,14.0,50.0,0,67.57,1.545,5.98,370.5,,0
1374,MQ-0029,Sur,BM-500,mañana,43.0,6950.0,0,78.89,1.48,6.45,621.8,,0
1171,MQ-0082,Norte, XR-200 ,mañana,26.0,7273.0,2,83.02,4.945,6.03,621.3,3341.84,1
1784,MQ-0032,Oeste,XR-200,mañana,60.0,9010.0,4,60.09,2.411,5.84,476.5,,0
1722,MQ-0125,Este,XR-200,mañana,23.0,6159.0,0,69.55,0.763,5.43,572.2,,0
2061,MQ-0122,Norte,XR-350,tarde,39.0,4993.0,1,80.82,4.118,4.88,464.9,,0
162,MQ-0047,Norte,TL-120,mañana,98.0,14820.0,2,80.11,1.915,6.58,697.7,,0
3779,MQ-0131,Norte,XR-350,mañana,35.0,5201.0,0,82.3,1.339,6.79,,,0
570,MQ-0169,Oeste,XR-350,tarde,33.0,8819.0,0,65.04,1.279,4.92,,,0
1180,MQ-0038,Sur,XR-200,mañana,80.0,12593.0,5,68.62,1.241,6.12,696.3,,0
4092,MQ-0132,Este,TL-120,mañana,44.0,9302.0,2,61.8,,5.43,492.5,,0
3571,MQ-0095,Sur,TL-90,noche,30.0,1346.0,1,81.2,,5.73,441.6,,0
2334,MQ-0143,Este,XR-200,noche,29.0,5928.0,4,67.81,1.458,5.82,412.3,,0
4157,MQ-0052,Este,XR-200,tarde,13.0,3009.0,0,68.52,1.223,5.17,345.4,,0
3859,MQ-0093,Norte,XR-350,mañana,43.0,6988.0,3,60.5,0.929,5.72,479.9,,0
1730,MQ-0119,Sur,xr200,mañana,73.0,12122.0,3,70.19,,6.84,767.1,780.18,1
2878,MQ-0171,Sur,XR-350,mañana,39.0,5565.0,2,74.26,2.509,5.95,,,0
1051,MQ-0045,Sur,XR-200,noche,56.0,10607.0,2,70.39,1.743,6.67,664.6,,0
2440,MQ-0117,Sur,tl120,mañana,27.0,4790.0,0,83.66,2.405,6.17,482.3,,0
2336,MQ-0085,Oeste,TL-90,mañana,92.0,15719.0,3,72.24,1.403,5.53,774.0,,0
3363,MQ-0011,Sur,xr200,tarde,30.0,3257.0,2,64.43,3.016,5.73,,,0
1219,MQ-0154,Oeste,TL-90,noche,10.0,1898.0,1,84.57,1.009,6.07,,,0
514,MQ-0005,Este,XR-350,tarde,42.0,6335.0,2,67.19,1.987,6.13,539.5,,0
3062,MQ-0170,Norte,XR 200,noche,33.0,6241.0,1,82.71,1.605,5.59,654.6,,0
3905,MQ-0063,Norte, XR-200 ,mañana,8.0,517.0,1,64.95,1.942,7.39,518.6,,0
3293,MQ-0151,Norte,XR-350,noche,55.0,11671.0,2,64.24,,7.41,600.5,,0
326,MQ-0053,Norte,TL-120,mañana,78.0,14102.0,2,,2.121,5.32,687.1,,0
52,MQ-0034,Este,TL-90,mañana,43.0,9332.0,2,88.82,1.978,6.69,802.8,,0
2750,MQ-0035,Sur,TL-120,mañana,22.0,3350.0,0,61.16,,5.83,397.3,,0
1096,MQ-0023,Este,TL-90,tarde,9.0,3873.0,0,66.47,2.641,6.72,565.1,,0
3992,MQ-0080,Sur,XR-350,tarde,44.0,7778.0,3,85.7,1.236,6.33,670.2,,0
1306,MQ-0123,Oeste,tl120,mañana,97.0,17635.0,9,83.57,1.273,5.72,,,0
641,MQ-0016,Sur,TL-90,noche,39.0,5315.0,2,64.62,2.403,6.27,,,0
3581,MQ-0175,Este,TL-120,mañana,40.0,5234.0,0,83.06,2.727,5.58,563.6,,0
3156,MQ-0020,Norte,xr200,noche,46.0,8590.0,4,,,6.1,654.3,,0
2018,MQ-0004,Sur,TL-90,mañana,47.0,9862.0,5,64.46,2.181,6.39,585.8,1003.05,1
769,MQ-0005,Norte,XR-200,noche,32.0,4572.0,0,86.87,1.963,5.79,655.2,,0
1269,MQ-0059,Oeste,XR-350,tarde,16.0,3172.0,0,86.12,0.999,6.96,617.6,,0
3809,MQ-0021,Norte,TL-120,mañana,49.0,9724.0,2,84.57,1.613,5.29,722.5,,0
4075,MQ-0164,Este,TL-90,mañana,41.0,3733.0,2,78.3,2.913,6.94,568.7,,0
3852,MQ-0037,Norte,XR-200,mañana,14.0,4726.0,1,80.54,,6.58,522.8,,0
3686,MQ-0075,Oeste,XR-200,mañana,14.0,2492.0,1,81.72,1.696,6.5,,,0
652,MQ-0012,Norte,TL-90,noche,25.0,2145.0,2,87.6,,6.87,573.8,,0
2312,MQ-0134,Norte,XR-350,tarde,20.0,930.0,1,61.02,2.557,6.15,465.8,,0
3903,MQ-0013,Norte,XR-200,tarde,88.0,12535.0,4,66.44,2.846,7.16,717.5,,0
3755,MQ-0137,Sur,TL-90,mañana,35.0,5831.0,0,80.84,2.201,5.97,560.0,3455.93,1
3688,MQ-0062,Norte,TL-90,tarde,73.0,12073.0,3,79.93,7.613,6.43,728.7,1328.74,1
2980,MQ-0134,Sur,XR-350,noche,35.0,8834.0,3,65.68,1.987,7.02,667.9,,0
702,MQ-0091,Sur,XR-200,tarde,81.0,15019.0,7,67.05,1.525,7.84,660.4,,0
3599,MQ-0056,Norte,TL-120,tarde,49.0,9885.0,2,62.12,3.683,6.45,508.7,,0
1833,MQ-0091,Norte,TL-90,tarde,82.0,14943.0,2,76.94,1.763,6.13,789.1,,0
451,MQ-0042,Norte,XR-200,tarde,37.0,9006.0,1,83.77,1.91,6.95,644.4,,0
1033,MQ-0021,Norte,TL-90,tarde,52.0,9048.0,2,63.54,1.633,5.98,547.5,,0
1454,MQ-0176,Norte,TL-120,tarde,59.0,8224.0,4,68.74,5.028,5.5,613.6,,0
3356,MQ-0101,Este,XR-350,mañana,61.0,7183.0,5,78.38,2.513,6.14,625.9,,0
3304,MQ-0060,Oeste,XR-350,tarde,48.0,13586.0,1,68.44,2.285,6.12,685.8,,0
2671,MQ-0029,Oeste,TL-120,mañana,34.0,3844.0,1,72.35,1.268,6.09,574.7,,0
1694,MQ-0069,Este,XR-200,tarde,153.0,27102.0,13,86.44,1.559,6.16,1081.6,,0
668,MQ-0071,Este,XR 350,tarde,16.0,4657.0,0,61.53,0.643,7.48,435.6,,0
719,MQ-0179,Este,TL-120,mañana,31.0,8198.0,3,79.55,1.344,6.24,618.7,,0
1645,MQ-0008,Sur,XR-350,tarde,38.0,5469.0,3,80.64,1.542,6.92,564.6,,0
3703,MQ-0084,Norte,TL-90,noche,19.0,1944.0,0,70.59,1.672,6.55,479.0,,0
1087,MQ-0030,Norte,XR-350,mañana,33.0,7087.0,0,82.63,1.78,7.27,,,0
1980,MQ-0069,Norte,XR-200,mañana,20.0,1879.0,0,85.39,1.348,6.18,,,0
1551,MQ-0168,Norte,XR-200,noche,20.0,526.0,2,66.41,,5.88,344.8,,0
2462,MQ-0157,Norte,TL 90,mañana,25.0,4519.0,2,64.93,1.891,5.94,547.9,,0
454,MQ-0056,Este,TL-90,noche,51.0,11197.0,2,66.33,2.913,5.51,587.9,,0
4097,MQ-0102,Oeste,XR-350,tarde,30.0,4061.0,0,64.18,1.677,7.85,525.3,,0
512,MQ-0107,Sur,XR-200,tarde,44.0,6849.0,1,64.82,1.575,6.37,460.6,,0
4051,MQ-0040,Norte,XR-200,mañana,72.0,11314.0,4,84.5,1.315,6.58,,,0
801,MQ-0036,Oeste,TL-120,tarde,47.0,8138.0,3,64.06,1.672,6.05,583.5,,0
3744,MQ-0012,Este,xr350,tarde,33.0,5955.0,3,66.2,1.238,6.94,433.6,,0
2923,MQ-0140,Norte,XR-200,tarde,18.0,2265.0,3,72.76,4.239,7.01,346.4,3644.7,1
3921,MQ-0005,Este, XR-200 ,mañana,28.0,5643.0,0,69.09,1.657,5.66,559.4,,0
2022,MQ-0161,Sur,bm500,mañana,38.0,8124.0,1,80.65,1.254,7.44,627.3,,0
2044,MQ-0155,Norte,XR 350,mañana,42.0,9811.0,3,68.45,0.655,8.07,555.5,,0
3093,MQ-0140,Este,XR-200,mañana,44.0,9421.0,4,61.52,0.953,6.8,656.8,,0
695,MQ-0100,Este,XR-350,noche,67.0,12193.0,4,69.4,2.145,4.38,826.1,,0
2949,MQ-0122,Norte,TL-90,mañana,74.0,12151.0,1,68.7,1.184,6.37,719.5,,0
2811,MQ-0067,Este,TL-120,noche,30.0,5133.0,1,81.72,,6.21,568.1,,0
3144,MQ-0040,Oeste,XR-350,mañana,68.0,10389.0,4,68.39,2.528,5.0,667.6,,0
3508,MQ-0168,Norte,XR-200,noche,79.0,14955.0,3,81.23,1.497,7.11,756.0,,0
2294,MQ-0060,Norte,XR-350,noche,74.0,10803.0,2,78.51,1.691,6.83,674.6,,0
2932,MQ-0056,Sur, XR-350 ,tarde,24.0,1040.0,0,,10.008,5.86,541.8,4146.47,1
99,MQ-0075,Este,XR-350,noche,85.0,16608.0,6,69.53,3.505,6.41,755.0,,0
2389,MQ-0075,Norte,TL-120,noche,35.0,4729.0,3,87.0,,6.61,639.6,,0
2448,MQ-0124,Sur,XR-200,mañana,28.0,9001.0,2,63.99,1.718,5.46,590.0,,0
2881,MQ-0151,Norte,XR-200,mañana,9.0,50.0,0,85.92,2.933,4.91,437.6,,0
1967,MQ-0116,Este,TL-90,mañana,24.0,2280.0,1,65.31,1.926,6.03,485.7,,0
445,MQ-0037,Sur,XR-350,noche,33.0,6786.0,1,83.15,,5.98,652.1,,0
1263,MQ-0017,Oeste,tl120,tarde,25.0,260760.0,1,63.92,1.34,5.35,483.9,,0
195,MQ-0025,Norte,TL-120,noche,53.0,10376.0,1,60.77,3.743,6.1,513.6,,0
2074,MQ-0080,Oeste,TL 90,mañana,23.0,2579.0,2,64.32,1.956,6.06,406.2,,0
1681,MQ-0078,Norte, XR-350 ,tarde,102.0,15694.0,2,59.88,1.488,6.61,642.9,,0
2911,MQ-0097,Norte,XR-200,mañana,26.0,1236.0,1,82.63,3.222,5.4,578.7,,0
3645,MQ-0074,Sur,tl90,mañana,19.0,50.0,0,86.89,1.289,5.54,514.1,,0
3166,MQ-0161,Norte,BM-500,noche,36.0,5725.0,0,64.62,1.76,6.44,463.6,,0
2058,MQ-0089,Oeste,XR-350,mañana,49.0,9395.0,3,95.24,7.618,5.9,757.0,2146.98,1
1633,MQ-0071,Norte,TL-120,tarde,37.0,3207.0,0,64.72,1.177,6.03,463.6,,0
3480,MQ-0138,Norte,TL-120,tarde,55.0,7871.0,5,67.42,3.395,6.81,601.6,,0
2247,MQ-0033,Norte,XR 200,mañana,44.0,7570.0,3,78.94,2.42,7.08,681.7,,0
2452,MQ-0172,Sur,bm500,noche,34.0,5594.0,2,,2.828,4.43,771.7,,0
475,MQ-0067,Norte,tl120,noche,53.0,10298.0,6,65.23,2.051,6.09,556.3,,0
1766,MQ-0024,Norte,TL-90,noche,88.0,9416.0,1,56.05,,6.21,430.3,1964.64,1
1388,MQ-0009,Oeste,XR-200,tarde,42.0,10360.0,1,64.41,3.068,5.79,534.6,,0
706,MQ-0154,Norte,TL-120,mañana,60.0,12991.0,1,85.12,1.07,6.03,842.6,,0
163,MQ-0129,Oeste,TL-120,mañana,30.0,3784.0,0,65.84,1.811,6.54,568.1,,0
1176,MQ-0047,Norte,XR 350,tarde,28.0,5813.0,1,65.28,1.667,5.97,596.4,,0
1321,MQ-0055,Este,TL-120,mañana,27.0,8772.0,1,85.15,2.873,4.24,802.8,,0
1243,MQ-0035,Este,TL-120,noche,25.0,3461.0,1,66.24,2.547,6.41,467.5,,0
1492,MQ-0070,Norte,BM-500,mañana,34.0,2826.0,0,64.01,2.08,6.43,518.0,,0
2984,MQ-0177,Este,TL-120,tarde,46.0,7019.0,4,81.08,3.406,6.0,649.1,,0
565,MQ-0055,Norte,XR-350,tarde,81.0,12473.0,0,80.96,2.939,7.64,761.5,,0
4181,MQ-0141,Este,XR-200,tarde,55.0,700140.0,0,69.02,1.448,5.02,690.1,,0
2282,MQ-0044,Oeste,TL-90,tarde,64.0,9778.0,0,84.07,0.772,5.89,743.8,,0
1423,MQ-0163,Sur,TL-90,mañana,10.0,1124.0,0,,1.36,5.89,580.2,,0
1383,MQ-0044,Sur,XR-200,noche,37.0,6098.0,3,80.76,2.234,5.72,688.4,,0
3088,MQ-0129,Este,XR-200,noche,38.0,6080.0,1,79.64,1.416,7.59,661.5,,0
884,MQ-0174,Oeste,TL-90,tarde,32.0,4958.0,1,87.27,4.932,7.14,553.9,1244.72,1
2231,MQ-0133,Norte, XR-350 ,mañana,51.0,6819.0,4,68.05,2.005,4.14,464.8,,0
922,MQ-0177,Sur,TL-90,tarde,10.0,3076.0,0,63.9,1.748,5.3,470.9,,0
2142,MQ-0006,Norte,XR-350,tarde,79.0,13959.0,3,79.56,1.018,6.05,772.3,,0
890,MQ-0069,Este,XR-350,noche,13.0,1863.0,0,61.78,1.25,6.85,482.8,,0
3610,MQ-0047,Este,TL-90,noche,24.0,5613.0,2,67.29,,6.59,480.4,,0
3820,MQ-0021,Oeste,XR-350,noche,72.0,12737.0,3,66.32,2.32,5.96,779.0,,0
2422,MQ-0166,Norte,XR-200,mañana,22.0,6570.0,0,62.56,1.751,5.31,480.4,,0
439,MQ-0016,Este,TL-90,noche,99.0,14548.0,2,70.74,1.786,5.07,639.5,,0
3931,MQ-0160,Sur,TL-90,mañana,45.0,8863.0,1,66.77,4.064,6.19,520.6,,0
2742,MQ-0109,Norte,TL 120,tarde,61.0,12491.0,5,67.66,3.05,5.88,641.6,,0
3065,MQ-0082,Norte,XR-200,noche,31.0,4499.0,3,72.41,1.089,5.85,523.4,,0
1258,MQ-0161,Este,XR-200,noche,25.0,3288.0,0,60.1,1.528,5.3,391.9,,0
2349,MQ-0064,Norte,xr200,mañana,46.0,8790.0,1,66.54,1.728,5.35,678.3,,0
2950,MQ-0108,Sur,TL-90,mañana,50.0,8625.0,3,67.01,2.183,5.56,543.6,1416.19,1
1590,MQ-0027,Oeste,TL-120,tarde,14.0,3587.0,0,86.36,2.265,6.03,692.4,,0
3068,MQ-0089,Norte,TL-90,noche,64.0,7483.0,3,68.82,,6.33,549.7,,0
319,MQ-0025,Norte, XR-350 ,tarde,18.0,1929.0,2,59.83,1.805,5.39,437.5,,0
1749,MQ-0060,Norte,XR-200,noche,29.0,8727.0,2,75.15,3.05,5.69,684.6,,0
1507,MQ-0134,Sur,XR-200,mañana,28.0,3284.0,4,82.1,1.7,6.69,525.6,,0
3433,MQ-0173,Norte,xr350,tarde,20.0,5642.0,1,63.31,2.85,5.29,444.1,,0
3953,MQ-0127,Sur,xr200,tarde,65.0,10873.0,6,83.58,1.421,5.69,750.3,,0
2997,MQ-0163,Sur,XR-350,tarde,29.0,6973.0,0,60.46,2.614,6.65,533.1,,0
972,MQ-0067,Oeste,XR-200,mañana,73.0,13950.0,3,82.12,4.779,6.32,905.4,4060.54,1
276,MQ-0149,Sur,TL-90,tarde,78.0,11308.0,8,82.77,1.526,6.59,675.4,,0
3481,MQ-0085,Norte,TL-120,mañana,25.0,3901.0,0,68.57,1.979,6.84,497.9,,0
2957,MQ-0134,Este,BM-500,tarde,37.0,4708.0,5,62.04,1.337,5.98,512.6,,0
3142,MQ-0148,Norte,TL-90,tarde,33.0,3514.0,2,71.39,2.584,6.74,576.8,,0
2308,MQ-0111,Norte,XR-350,mañana,44.0,5278.0,0,67.88,0.935,5.16,516.4,,0
3499,MQ-0157,Este,TL-90,tarde,27.0,4763.0,0,61.37,2.339,5.78,,,0
1223,MQ-0093,Este,TL-90,mañana,35.0,4450.0,0,60.95,3.315,6.23,469.8,,0
1338,MQ-0011,Oeste,TL-90,noche,27.0,3699.0,1,77.93,1.058,6.44,594.8,,0
2451,MQ-0102,Norte,XR-350,tarde,49.0,7387.0,4,61.02,1.656,7.52,543.8,,0
3740,MQ-0047,Sur,tl90,mañana,22.0,4169.0,1,82.11,0.974,5.88,553.7,,0
2975,MQ-0153,Norte,TL-90,mañana,84.0,14598.0,9,56.99,1.515,6.14,689.3,,0
4220,MQ-0126,Norte,TL-120,mañana,23.0,3305.0,1,69.43,1.212,5.2,571.0,,0
2845,MQ-0093,Sur,XR-350,mañana,28.0,3828.0,0,78.3,1.483,5.36,653.3,,0
2209,MQ-0032,Oeste, TL-120 ,mañana,13.0,2135.0,0,63.04,0.769,6.0,480.2,,0
1539,MQ-0044,Sur,XR 200,tarde,105.0,15185.0,1,83.95,0.918,6.67,773.8,,0
685,MQ-0002,Sur,XR 200,tarde,23.0,6475.0,1,65.29,2.808,5.24,542.5,,0
3587,MQ-0009,Sur,TL-120,tarde,25.0,8697.0,1,80.84,1.257,6.58,607.1,,0
591,MQ-0160,Norte,XR-350,mañana,11.0,50.0,1,67.29,1.882,5.39,,,0
2399,MQ-0114,Norte,TL 120,tarde,69.0,10948.0,3,77.75,2.678,7.36,,,0
1257,MQ-0092,Oeste,XR-350,tarde,16.0,5734.0,1,62.51,2.033,7.08,499.4,,0
761,MQ-0029,Norte,XR-200,tarde,74.0,12956.0,1,61.28,2.228,6.62,623.0,,0
2621,MQ-0119,Sur,XR-350,mañana,42.0,7886.0,1,64.45,2.275,6.37,563.8,,0
2687,MQ-0167,Norte,TL-120,mañana,28.0,4660.0,2,69.37,1.828,6.37,533.7,,0
616,MQ-0036,Norte,TL-120,noche,40.0,5947.0,0,68.71,,4.87,522.0,,0
916,MQ-0045,Norte,XR-350,tarde,43.0,6913.0,2,81.55,1.946,6.05,768.5,,0
1494,MQ-0110,Sur,XR-200,noche,64.0,10233.0,4,81.12,3.334,5.6,724.5,,0
2776,MQ-0008,Este,XR-200,tarde,57.0,7300.0,3,64.95,0.937,6.7,,,0
940,MQ-0151,Este,xr350,mañana,-50.0,8519.0,5,66.15,2.333,6.37,495.5,,0
3312,MQ-0052,Este,XR-200,noche,35.0,6690.0,2,84.36,,7.43,678.5,,0
2712,MQ-0085,Sur,XR-350,tarde,26.0,4328.0,0,65.52,1.946,6.94,524.4,,0
211,MQ-0157,Oeste,BM-500,mañana,62.0,8828.0,4,82.62,1.522,6.17,,,0
1909,MQ-0029,Sur,XR-200,tarde,10.0,777.0,0,60.3,1.848,6.17,294.2,,0
2585,MQ-0085,Sur,XR-200,mañana,44.0,6237.0,4,82.08,1.955,5.0,690.0,,0
3398,MQ-0069,Sur,XR-200,mañana,35.0,5857.0,1,,1.981,6.28,599.0,4604.98,1
88,MQ-0117,Sur,TL-90,tarde,15.0,717.0,1,61.78,1.704,5.7,405.1,,0
440,MQ-0136,Norte,XR 350,tarde,50.0,10542.0,0,68.01,2.613,5.7,657.9,,0
421,MQ-0088,Norte,TL-120,tarde,32.0,8800.0,1,63.04,1.628,5.9,624.3,,0
595,MQ-0172,Norte,XR-200,mañana,76.0,12537.0,2,65.96,1.456,6.11,674.5,,0
733,MQ-0092,Este,XR-200,tarde,19.0,2315.0,2,69.4,2.055,6.48,453.0,4741.83,1
518,MQ-0173,Este,XR-200,noche,45.0,6870.0,1,65.79,,6.79,564.8,,0
501,MQ-0017,Norte,XR-350,mañana,26.0,3315.0,1,86.78,1.241,7.0,565.8,,0
2465,MQ-0048,Este,xr200,mañana,30.0,6583.0,0,84.69,2.946,7.05,624.0,,0
4162,MQ-0145,Norte,XR-350,tarde,36.0,3327.0,2,84.98,2.276,6.02,632.0,,0
2357,MQ-0138,Este,XR-350,tarde,22.0,4381.0,2,76.27,1.743,6.53,597.1,,0
3397,MQ-0004,Sur,TL-90,tarde,20.0,3811.0,1,84.66,2.906,6.09,511.1,,0
3699,MQ-0111,Oeste,XR-200,mañana,86.0,13687.0,2,81.85,2.491,6.81,879.5,,0
877,MQ-0043,Norte,xr200,mañana,63.0,9269.0,6,61.83,1.93,5.47,529.2,,0
4130,MQ-0052,Este,TL-90,tarde,57.0,9439.0,3,55.54,0.997,5.91,511.7,,0
2444,MQ-0008,Norte,XR-350,mañana,41.0,8091.0,5,68.9,1.376,6.07,625.8,,0
1448,MQ-0034,Oeste,TL-120,mañana,35.0,2480.0,4,84.52,1.946,5.86,545.0,,0
3266,MQ-0161,Oeste,XR-200,mañana,51.0,6149.0,2,71.12,1.727,7.71,558.5,,0
1052,MQ-0033,Sur,XR-350,noche,65.0,9925.0,2,67.62,1.925,5.72,554.6,,0
3082,MQ-0003,Sur,XR 200,mañana,35.0,8810.0,0,75.54,2.536,7.14,639.9,,0
1622,MQ-0109,Sur,XR-200,noche,25.0,2764.0,2,82.42,1.177,5.11,673.2,,0
2535,MQ-0163,Sur,tl90,noche,34.0,4198.0,4,64.02,,6.28,523.0,,0
2568,MQ-0163,Este,BM-500,mañana,49.0,7120.0,3,71.62,1.29,6.03,622.2,,0
1926,MQ-0056,Norte,BM 500,noche,42.0,3723.0,5,61.19,0.861,5.23,,,0
2117,MQ-0131,Norte,TL-90,tarde,20.0,4593.0,0,88.09,1.048,6.1,604.0,,0
3945,MQ-0014,Norte,XR-350,tarde,42.0,9046.0,3,58.14,1.482,5.92,544.2,,0
637,MQ-0149,Norte,TL-90,noche,50.0,10767.0,1,64.71,,7.55,606.9,,0
1587,MQ-0017,Norte,XR-200,mañana,19.0,6677.0,1,62.83,1.24,5.28,494.0,,0
2432,MQ-0109,Este,XR-200,mañana,51.0,7477.0,1,69.43,1.709,5.82,591.0,,0
3294,MQ-0156,Norte,XR-350,mañana,6.0,2855.0,2,81.62,1.806,5.6,489.4,,0
2864,MQ-0017,Sur,TL 90,tarde,27.0,7812.0,1,91.81,6.375,5.07,638.1,3558.21,1
2259,MQ-0042,Oeste,TL-90,tarde,37.0,6675.0,4,82.55,2.237,5.77,723.8,,0
2606,MQ-0032,Norte,XR-350,tarde,44.0,8862.0,2,64.47,3.922,6.17,559.4,3358.18,1
1623,MQ-0001,Oeste,XR-350,mañana,39.0,5484.0,2,,1.613,6.16,717.7,,0
1011,MQ-0018,Este,TL-90,mañana,11.0,977.0,1,83.18,3.315,6.38,507.5,,0
4111,MQ-0171,Sur,xr200,noche,41.0,6132.0,2,72.72,,7.56,582.6,,0
1233,MQ-0060,Sur,XR-200,mañana,26.0,3683.0,0,86.38,1.586,5.68,537.7,,0
1901,MQ-0164,Norte,XR-350,mañana,26.0,3854.0,0,65.76,1.626,6.79,509.0,,0
2155,MQ-0180,Norte, XR-200 ,noche,34.0,4145.0,1,79.09,,6.26,547.1,,0
2135,MQ-0178,Norte,XR-200,mañana,89.0,14323.0,1,85.61,1.719,6.95,813.4,,0
2745,MQ-0155,Este,XR-350,noche,37.0,4894.0,1,68.24,2.694,6.55,450.8,,0
3525,MQ-0003,Norte,XR-350,noche,37.0,995.0,1,63.77,,6.32,371.4,,0
1904,MQ-0051,Sur,tl90,tarde,14.0,2531.0,0,83.21,1.349,6.49,615.0,,0
1392,MQ-0018,Oeste,tl90,tarde,50.0,8574.0,3,65.88,1.881,5.17,616.3,,0
1245,MQ-0018,Oeste,TL-120,mañana,50.0,9012.0,2,66.88,1.744,4.73,604.9,,0
1783,MQ-0031,Este,XR-350,noche,74.0,10365.0,5,65.72,2.687,6.11,559.0,,0
2055,MQ-0141,Sur,TL-120,mañana,41.0,6102.0,1,65.15,1.878,5.22,519.5,,0
3626,MQ-0160,Norte,xr350,noche,35.0,6584.0,0,89.49,0.923,6.31,645.1,,0
3114,MQ-0128,Este,tl90,mañana,62.0,7768.0,5,85.44,3.43,5.86,650.9,5137.71,1
4184,MQ-0141,Norte,XR-200,mañana,51.0,8417.0,2,61.68,1.688,6.45,556.5,,0
1097,MQ-0175,Norte,XR 350,mañana,121.0,20683.0,8,63.31,3.514,6.26,701.7,1617.12,1
3256,MQ-0018,Este,tl90,mañana,25.0,3983.0,0,68.22,1.612,6.26,568.4,,0
3942,MQ-0141,Sur,TL-120,tarde,29.0,4667.0,1,70.43,1.976,6.1,516.2,,0
1083,MQ-0149,Oeste,BM 500,tarde,21.0,5327.0,1,62.36,2.687,7.03,352.6,,0
3343,MQ-0095,Norte, TL-120 ,mañana,28.0,4375.0,0,68.49,3.023,5.46,457.1,,0
841,MQ-0013,Este,TL-120,mañana,28.0,1839.0,3,63.78,0.743,-1.0,415.8,,0
3111,MQ-0154,Norte,BM-500,mañana,24.0,1261.0,3,65.92,1.361,6.51,397.0,,0
4146,MQ-0131,Este,TL-120,tarde,43.0,9101.0,2,69.75,1.764,5.95,691.1,,0
3159,MQ-0116,Sur,XR-200,mañana,37.0,5280.0,3,66.66,2.079,5.91,491.3,,0
3837,MQ-0126,Norte,XR-200,noche,45.0,9788.0,1,64.81,,6.19,602.2,,0
220,MQ-0038,Oeste,bm500,mañana,21.0,2485.0,2,69.12,1.799,5.52,430.4,,0
3523,MQ-0001,Norte,XR-350,tarde,35.0,4772.0,2,67.69,1.679,6.55,613.5,,0
885,MQ-0156,Oeste,TL-120,mañana,68.0,12855.0,3,73.54,2.565,6.35,701.5,,0
1403,MQ-0019,Sur,XR-200,mañana,71.0,12313.0,3,83.74,2.399,5.36,754.8,,0
1001,MQ-0156,Norte,tl90,tarde,10.0,50.0,0,80.92,1.756,6.23,546.5,,0
579,MQ-0080,Norte,XR-200,tarde,33.0,4063.0,2,62.97,3.966,6.53,374.3,,0
1255,MQ-0128,Norte, TL-90 ,mañana,6.0,2611.0,0,77.82,1.416,6.02,505.0,,0
1719,MQ-0018,Este,TL-90,tarde,29.0,5466.0,3,69.15,2.111,6.37,452.4,,0
963,MQ-0101,Sur,XR-200,mañana,18.0,2206.0,1,62.54,1.561,4.97,366.0,,0
533,MQ-0116,Sur,XR-200,tarde,32.0,2933.0,1,67.22,0.731,5.87,463.3,,0
808,MQ-0141,Oeste,TL-90,noche,61.0,8781.0,1,85.61,2.93,6.02,712.6,,0
653,MQ-0027,Norte,BM-500,noche,61.0,8717.0,4,62.21,,5.67,578.0,,0
1609,MQ-0094,Sur,TL-120,mañana,20.0,4654.0,0,76.88,7.686,6.75,,6576.01,1
2115,MQ-0130,Este,TL-90,mañana,39.0,7880.0,1,65.15,2.43,6.21,482.8,,0
3792,MQ-0122,Sur,XR-350,mañana,51.0,8966.0,3,85.85,2.502,6.12,726.3,,0
1691,MQ-0019,Sur, TL-90 ,mañana,20.0,4346.0,0,83.3,,6.39,615.6,3719.11,1
373,MQ-0071,Oeste,tl90,mañana,71.0,10897.0,6,71.99,1.923,6.18,,,0
2447,MQ-0099,Sur,XR-350,mañana,20.0,5033.0,0,60.82,1.15,5.91,,,0
3830,MQ-0141,Este,tl120,tarde,23.0,4168.0,0,62.06,1.59,6.13,408.0,,0
1777,MQ-0022,Norte,XR-200,mañana,55.0,6063.0,1,83.89,2.214,7.52,676.2,,0
2548,MQ-0032,Norte,TL-90,mañana,52.0,10572.0,2,86.27,2.33,7.22,794.9,,0
2461,MQ-0051,Norte,XR-200,mañana,22.0,4958.0,3,67.58,1.576,6.26,526.3,,0
260,MQ-0111,Sur,TL-90,mañana,57.0,10113.0,2,83.8,1.131,5.96,794.4,,0
3183,MQ-0141,Oeste,TL-90,noche,20.0,3665.0,1,81.3,,6.44,486.9,5109.08,1
2556,MQ-0099,Este,XR-200,mañana,121.0,22544.0,6,64.52,1.995,5.82,856.7,,0
2137,MQ-0036,Este,XR 200,mañana,58.0,10070.0,1,88.05,3.111,6.31,721.3,,0
1147,MQ-0120,Este,XR-200,tarde,48.0,7867.0,3,83.43,2.091,6.2,700.1,,0
3687,MQ-0011,Sur,XR-350,tarde,35.0,4357.0,0,66.69,1.205,6.67,527.3,,0
306,MQ-0021,Norte,TL-90,tarde,84.0,12156.0,5,62.33,1.254,-1.0,742.2,,0
2386,MQ-0143,Este,xr200,mañana,25.0,50.0,0,61.55,1.239,6.07,,,0
3757,MQ-0135,Norte,XR-350,noche,30.0,4046.0,2,80.48,,6.07,631.1,,0
2668,MQ-0130,Sur,TL-90,noche,33.0,5231.0,1,81.3,1.564,6.19,,,0
1410,MQ-0081,Este,BM-500,tarde,63.0,9019.0,0,68.53,1.204,7.27,604.9,,0
3388,MQ-0082,Este,XR-200,mañana,92.0,13530.0,4,67.61,1.915,6.47,681.5,,0
1437,MQ-0172,Este,TL-90,tarde,9.0,2301.0,0,85.31,1.198,6.95,593.0,,0
2554,MQ-0077,Sur,XR-200,tarde,37.0,9465.0,2,66.73,1.204,5.26,612.8,,0
3172,MQ-0085,Oeste,TL-120,mañana,77.0,10856.0,5,63.6,1.366,5.31,609.2,,0
2281,MQ-0008,Sur,XR-350,mañana,71.0,10398.0,6,85.91,1.982,5.55,812.2,,0
3705,MQ-0161,Oeste,TL-90,mañana,90.0,14674.0,4,69.8,0.923,5.62,756.8,,0
639,MQ-0098,Sur,XR-350,noche,32.0,2643.0,2,81.43,,6.53,529.3,,0
76,MQ-0126,Sur,TL-90,tarde,29.0,4403.0,2,66.72,0.809,5.62,460.0,,0
1282,MQ-0026,Este,XR-200,mañana,73.0,9665.0,2,63.88,0.598,6.26,564.6,,0
3968,MQ-0171,Norte,TL-90,mañana,39.0,8196.0,3,81.93,3.032,6.16,673.9,,0
2557,MQ-0078,Sur,BM-500,mañana,29.0,3986.0,1,82.47,0.526,6.32,596.0,,0
230,MQ-0129,Sur,BM-500,mañana,72.0,13344.0,5,68.88,1.863,6.44,687.0,,0
2162,MQ-0168,Norte,XR-200,tarde,40.0,7314.0,4,999.0,2.253,6.06,690.4,,0
1172,MQ-0099,Sur,XR-200,mañana,39.0,8420.0,1,63.63,1.002,6.74,,,0
1545,MQ-0110,Norte,TL-120,tarde,87.0,13917.0,7,64.63,1.046,6.95,587.2,2013.36,1
2686,MQ-0072,Norte,TL-90,mañana,28.0,7051.0,1,62.13,1.252,6.2,520.2,,0
1344,MQ-0084,Sur,XR-200,mañana,80.0,12735.0,4,66.25,1.494,6.85,701.2,,0
1848,MQ-0046,Oeste,TL-120,noche,81.0,13379.0,7,69.61,1.522,6.01,630.3,5362.35,1
357,MQ-0148,Norte,XR-200,noche,39.0,6157.0,3,63.86,1.574,6.48,547.3,,0
799,MQ-0009,Norte,TL-120,mañana,18.0,2413.0,2,66.84,1.35,6.38,500.0,,0
787,MQ-0122,Oeste,TL-120,noche,36.0,5487.0,4,65.12,,5.61,419.4,,0
1152,MQ-0143,Norte,TL-90,tarde,26.0,2802.0,0,63.35,0.911,6.27,444.5,,0
493,MQ-0114,Sur,BM 500,tarde,75.0,14482.0,6,66.96,1.138,7.12,754.5,,0
1129,MQ-0159,Oeste,TL-90,tarde,31.0,6704.0,3,63.77,2.842,6.55,554.8,,0
746,MQ-0021,Norte,XR-200,noche,15.0,3306.0,0,69.26,,6.05,570.3,,0
3198,MQ-0059,Este,XR-200,tarde,20.0,4842.0,1,65.76,3.982,5.67,506.2,,0
738,MQ-0098,Norte,bm500,mañana,73.0,11818.0,1,67.21,2.223,6.24,631.1,,0
736,MQ-0094,Sur,XR-350,mañana,36.0,8112.0,1,83.22,2.522,5.69,704.6,,0
1211,MQ-0142,Sur,XR-200,tarde,22.0,1881.0,0,73.49,1.66,7.25,437.3,,0
4213,MQ-0009,Sur,TL-90,mañana,22.0,50.0,1,67.76,1.524,5.41,357.5,,0
2277,MQ-0154,Oeste,TL-90,noche,42.0,7281.0,1,64.77,1.737,5.74,595.8,,0
2994,MQ-0164,Norte,XR-350,tarde,27.0,2477.0,0,59.84,1.518,6.21,346.6,,0
802,MQ-0164,Oeste, TL-90 ,noche,50.0,6554.0,3,66.95,,6.46,552.1,,0
2970,MQ-0149,Norte,BM-500,tarde,36.0,6090.0,0,59.37,1.733,6.82,567.4,,0
1116,MQ-0155,Sur,xr200,tarde,21.0,3042.0,3,82.04,2.304,5.31,554.4,,0
4125,MQ-0007,Norte,bm500,mañana,51.0,12109.0,4,68.84,2.282,6.25,770.7,,0
540,MQ-0127,Oeste,TL-120,mañana,18.0,783.0,1,82.34,1.649,6.73,491.5,,0
3017,MQ-0157,Este,BM 500,noche,64.0,10611.0,3,79.48,,6.51,715.0,,0
214,MQ-0086,Norte,XR-200,mañana,34.0,7252.0,0,77.66,1.446,6.43,718.1,,0
3176,MQ-0045,Sur,TL-90,tarde,57.0,8743.0,4,80.94,1.355,7.77,642.0,,0
3250,MQ-0139,Norte,XR 200,noche,70.0,15299.0,4,76.37,1.411,6.56,760.3,,0
2697,MQ-0130,Oeste,BM-500,noche,17.0,3186.0,1,79.02,,5.26,586.5,,0
638,MQ-0084,Norte,TL-120,noche,47.0,9428.0,1,84.99,,7.89,693.4,,0
2646,MQ-0075,Sur,XR-350,mañana,30.0,4147.0,2,58.91,1.07,6.25,421.1,,0
63,MQ-0004,Norte,xr200,mañana,63.0,12856.0,4,81.68,1.947,5.85,808.3,,0
2884,MQ-0161,Sur,XR-200,noche,13.0,1599.0,1,87.29,2.502,6.3,637.5,,0
1936,MQ-0101,Norte,TL 120,mañana,39.0,4276.0,0,,1.084,6.63,,,0
1114,MQ-0159,Sur,xr350,mañana,15.0,3742.0,2,66.01,2.683,6.78,403.0,,0
2527,MQ-0136,Norte,TL-120,tarde,28.0,4574.0,4,64.63,3.124,6.68,413.5,,0
3120,MQ-0065,Norte,TL-90,mañana,28.0,3580.0,3,88.65,,5.09,569.3,2115.09,1
3024,MQ-0039,Norte,XR-200,tarde,43.0,8243.0,1,67.66,2.292,7.12,525.8,,0
3216,MQ-0096,Oeste, XR-350 ,tarde,50.0,6484.0,2,,1.759,6.4,484.4,,0
3758,MQ-0168,Oeste,BM-500,tarde,40.0,5585.0,1,77.46,1.124,7.1,597.7,,0
1872,MQ-0071,Sur,XR-200,noche,100.0,1068000.0,5,73.63,2.135,7.73,732.2,,0
1043,MQ-0161,Este,TL-120,mañana,70.0,10469.0,6,85.7,4.56,6.11,663.4,5466.53,1
4210,MQ-0132,Sur,BM-500,tarde,58.0,4943.0,6,86.09,1.062,6.87,692.5,4599.24,1
3054,MQ-0032,Este,TL-90,tarde,107.0,16163.0,3,78.1,1.34,6.23,818.3,,0
3630,MQ-0151,Oeste,TL-90,noche,84.0,16165.0,0,69.17,,5.65,806.6,,0
361,MQ-0084,Este,TL-120,tarde,92.0,11067.0,4,63.92,2.171,6.0,566.0,,0
532,MQ-0018,Este,XR-200,noche,37.0,4353.0,4,59.51,,7.14,401.7,,0
379,MQ-0116,Sur,xr350,noche,17.0,6698.0,1,84.02,,6.74,626.1,,0
1850,MQ-0063,Sur,tl120,tarde,12.0,2840.0,0,62.28,1.572,6.38,402.8,,0
1016,MQ-0037,Sur,TL-90,tarde,56.0,7509.0,1,85.88,1.573,5.47,756.0,,0
2130,MQ-0007,Norte,tl120,mañana,66.0,11793.0,2,83.72,1.276,5.43,647.5,,0
2974,MQ-0064,Este,XR-350,mañana,68.0,6386.0,4,84.35,1.598,4.93,706.3,,0
157,MQ-0004,Norte,XR-200,mañana,92.0,15893.0,5,81.92,1.331,6.18,856.7,,0
2428,MQ-0030,Sur,XR-200,noche,42.0,8175.0,1,81.76,1.611,6.21,714.7,,0
3076,MQ-0121,Norte,XR-200,noche,32.0,4567.0,1,65.47,1.147,7.48,527.4,,0
659,MQ-0043,Este,TL 90,mañana,45.0,4891.0,3,84.69,1.795,6.28,596.5,,0
2787,MQ-0137,Sur,TL-90,mañana,16.0,1782.0,1,80.76,2.404,5.98,545.4,,0
2133,MQ-0121,Sur,tl120,tarde,50.0,7412.0,3,75.37,1.834,5.82,629.0,,0
2190,MQ-0144,Norte,XR-200,tarde,29.0,3704.0,0,74.62,9.966,6.96,,3538.88,1
1429,MQ-0109,Oeste,XR-350,tarde,42.0,6048.0,2,87.46,1.149,6.59,640.0,,0
3132,MQ-0168,Norte,XR-200,tarde,30.0,6971.0,3,56.58,1.159,5.36,518.5,,0
893,MQ-0112,Oeste,XR 200,tarde,79.0,11639.0,6,61.45,2.323,5.93,662.2,,0
3636,MQ-0074,Este,BM-500,tarde,68.0,15902.0,6,79.05,1.456,6.58,815.0,,0
749,MQ-0006,Norte,XR-350,tarde,74.0,10824.0,4,78.33,1.885,4.7,707.8,,0
2754,MQ-0017,Sur,xr350,tarde,26.0,1482.0,1,63.14,,6.26,436.8,,0
2624,MQ-0055,Norte,XR-200,noche,37.0,6334.0,2,82.81,3.435,5.9,651.3,,0
896,MQ-0089,Norte,TL-90,tarde,50.0,7241.0,1,81.65,,5.5,540.1,,0
2987,MQ-0174,Este,BM-500,mañana,9.0,50.0,0,77.57,1.169,6.62,419.0,,0
434,MQ-0004,Sur,TL-90,tarde,36.0,3668.0,1,65.85,6.484,7.65,459.3,1764.99,1
2051,MQ-0022,Norte,TL-90,tarde,67.0,11049.0,4,72.11,2.583,5.84,657.3,,0
1470,MQ-0038,Este,XR-200,mañana,83.0,15118.0,6,82.33,1.101,7.5,821.3,,0
2887,MQ-0030,Este,TL-90,mañana,29.0,2490.0,2,82.48,2.035,6.44,543.6,,0
1626,MQ-0158,Oeste,XR-350,tarde,14.0,50.0,0,,2.0,6.6,452.6,1633.3,1
2660,MQ-0134,Norte,TL-120,mañana,41.0,3967.0,0,67.48,0.797,5.45,439.4,,0
3907,MQ-0135,Este,XR-200,noche,53.0,8876.0,5,66.24,1.745,5.55,,,0
2828,MQ-0053,Norte,XR-200,mañana,30.0,6593.0,3,61.92,2.21,6.58,527.3,,0
3281,MQ-0121,Norte,XR 200,tarde,39.0,10811.0,2,62.8,1.716,6.39,465.1,,0
2572,MQ-0014,Sur,TL-90,tarde,63.0,10864.0,2,59.48,1.407,6.17,591.0,,0
3986,MQ-0118,Sur,BM-500,tarde,10.0,3585.0,1,78.41,1.069,5.12,544.6,,0
623,MQ-0088,Sur,TL-90,mañana,11.0,2092.0,0,87.15,1.816,5.74,628.5,,0
2747,MQ-0141,Oeste,XR-200,tarde,57.0,10301.0,2,58.7,3.396,6.24,565.2,,0
401,MQ-0068,Norte,BM 500,noche,20.0,2457.0,1,81.56,1.133,5.33,597.1,,0
663,MQ-0171,Norte,XR 350,mañana,35.0,9661.0,1,61.38,1.797,5.88,546.5,,0
515,MQ-0091,Norte,XR-200,tarde,31.0,5487.0,2,55.8,1.393,6.88,514.1,,0
3390,MQ-0163,Este,BM-500,tarde,37.0,1915.0,0,69.14,3.748,7.29,469.2,,0
417,MQ-0033,Sur,TL 120,tarde,62.0,12104.0,1,67.8,2.616,6.92,628.8,,0
2348,MQ-0142,Oeste,XR-200,noche,20.0,2652.0,3,58.77,1.657,5.27,446.0,,0
2262,MQ-0005,Norte, TL-90 ,tarde,24.0,4470.0,3,78.11,2.012,7.61,659.2,,0
3,MQ-0180,Norte,TL-120,noche,56.0,9004.0,3,61.56,,5.97,489.8,,0
1846,MQ-0056,Norte,xr200,noche,20.0,2699.0,1,65.97,,6.21,460.2,,0
1426,MQ-0093,Sur,TL-120,tarde,35.0,8576.0,3,63.87,1.296,5.68,551.5,,0
359,MQ-0126,Sur,XR-350,mañana,52.0,7903.0,2,85.06,3.351,6.27,733.3,,0
4044,MQ-0114,Oeste,tl120,noche,46.0,10482.0,0,92.4,8.414,4.54,645.5,2560.32,1
3083,MQ-0052,Oeste,TL-90,noche,4.0,2057.0,0,68.57,2.334,6.63,515.5,,0
790,MQ-0009,Sur,TL-90,mañana,41.0,9834.0,1,63.86,1.752,6.18,521.9,,0
3113,MQ-0044,Norte,XR 200,mañana,41.0,5437.0,1,69.09,1.249,6.06,495.9,,0
371,MQ-0159,Sur,XR 200,noche,27.0,3609.0,1,67.89,1.677,6.66,557.9,,0
934,MQ-0160,Este,XR-200,mañana,53.0,9503.0,2,68.26,3.529,6.86,619.0,,0
1963,MQ-0177,Sur,BM-500,mañana,40.0,7274.0,2,82.2,2.365,6.24,630.3,,0
31,MQ-0002,Norte,tl90,tarde,45.0,7524.0,1,66.06,1.515,5.96,529.1,,0
1523,MQ-0088,Este,XR-200,mañana,57.0,9064.0,5,68.97,1.587,5.44,679.5,,0
3264,MQ-0108,Oeste,TL-90,tarde,19.0,1688.0,1,62.48,2.775,5.38,509.7,,0
329,MQ-0122,Este,TL 90,noche,42.0,11107.0,2,64.11,3.954,6.11,618.5,,0
2995,MQ-0090,Oeste,tl90,noche,21.0,1293.0,0,80.11,,-1.0,499.4,,0
1479,MQ-0082,Este,xr200,mañana,18.0,3156.0,0,62.05,1.928,6.79,478.9,,0
314,MQ-0001,Este,TL-90,tarde,22.0,50.0,0,82.1,1.881,5.93,388.1,,0
1342,MQ-0053,Oeste,TL-90,mañana,36.0,4581.0,0,81.64,1.019,6.42,,,0
1698,MQ-0073,Sur,xr350,noche,19.0,3201.0,0,64.7,1.656,5.6,498.6,,0
1109,MQ-0152,Sur,XR-350,tarde,69.0,14751.0,4,84.57,1.146,5.16,,3713.2,1
1735,MQ-0036,Sur,xr200,noche,20.0,1179.0,2,67.67,1.477,7.69,,,0
450,MQ-0051,Este,XR-350,mañana,35.0,3139.0,1,66.35,2.207,7.0,464.8,,0
872,MQ-0058,Este,TL-120,mañana,18.0,3529.0,1,66.5,3.273,7.43,432.2,,0
3860,MQ-0043,Norte,BM-500,tarde,74.0,14273.0,3,71.43,0.76,5.57,781.0,,0
416,MQ-0141,Sur,XR-200,tarde,45.0,7589.0,4,80.65,1.484,7.27,698.1,,0
1628,MQ-0006,Norte,TL 120,tarde,49.0,11669.0,1,65.64,1.883,5.63,565.7,,0
3593,MQ-0099,Este,XR-200,mañana,10.0,50.0,0,65.35,0.825,6.58,440.3,,0
413,MQ-0085,Este,TL-120,mañana,13.0,750.0,1,70.98,1.611,5.0,463.5,,0
3410,MQ-0042,Sur,XR-350,mañana,13.0,2974.0,0,82.65,2.076,6.13,567.9,,0
904,MQ-0122,Norte,xr200,tarde,23.0,4301.0,1,61.4,1.345,7.44,501.3,,0
2075,MQ-0123,Oeste,XR-200,noche,39.0,6357.0,0,85.4,,6.68,676.1,,0
1794,MQ-0093,Norte,TL-120,mañana,22.0,4568.0,1,63.35,1.17,5.8,418.9,,0
1725,MQ-0003,Oeste,XR-350,mañana,57.0,9202.0,3,82.07,1.208,6.03,639.9,,0
96,MQ-0095,Norte,XR-350,tarde,8.0,50.0,0,84.6,2.203,6.11,482.3,,0
378,MQ-0001,Norte,XR-350,noche,54.0,7210.0,1,86.55,,5.65,608.7,,0
2736,MQ-0058,Sur,XR-200,noche,22.0,1305.0,1,67.28,,5.61,416.5,,0
2860,MQ-0176,Oeste,XR-350,noche,24.0,5219.0,2,87.35,2.276,4.96,603.5,,0
1560,MQ-0111,Norte,XR 350,noche,50.0,8055.0,3,68.53,,6.61,656.5,,0
649,MQ-0128,Norte,XR-350,tarde,89.0,11867.0,6,80.4,1.182,7.04,696.5,,0
1546,MQ-0171,Sur,TL-90,mañana,34.0,3048.0,3,64.0,1.391,5.85,495.7,,0
1063,MQ-0171,Este,TL-90,mañana,33.0,4428.0,0,63.15,1.229,5.97,509.1,,0
2163,MQ-0179,Norte,XR-350,noche,67.0,12458.0,6,66.94,1.063,5.75,622.6,,0
2915,MQ-0051,Este,TL-120,mañana,49.0,2758.0,2,60.64,1.396,5.98,328.2,,0
4143,MQ-0002,Sur,TL-90,mañana,66.0,10634.0,3,63.5,1.829,6.82,689.5,,0
2999,MQ-0018,Sur,XR-200,mañana,45.0,7537.0,1,58.72,2.678,6.28,,,0
2652,MQ-0084,Norte,TL-90,tarde,16.0,5160.0,1,78.27,2.139,5.46,557.1,,0
654,MQ-0117,Norte,bm500,mañana,36.0,4504.0,4,64.93,2.061,6.08,471.4,,0
2738,MQ-0048,Norte,tl90,mañana,34.0,7914.0,2,,1.153,5.83,665.9,,0
3706,MQ-0151,Norte,XR-350,tarde,39.0,8203.0,0,67.1,1.093,6.83,599.8,,0
29,MQ-0033,Norte,XR-350,mañana,23.0,1947.0,0,87.38,1.26,6.32,638.6,,0
363,MQ-0174,Norte,XR-350,tarde,5.0,50.0,0,68.89,2.162,6.03,401.6,,0
563,MQ-0057,Sur,XR-350,mañana,57.0,7465.0,1,64.02,1.974,6.07,491.9,,0
3314,MQ-0097,Este,TL-90,noche,68.0,10780.0,5,66.28,3.067,5.95,528.7,,0
4073,MQ-0091,Sur,TL-120,noche,39.0,7044.0,1,79.11,1.695,6.52,697.3,,0
585,MQ-0045,Norte,xr350,mañana,32.0,1853.0,1,67.06,0.794,5.04,442.9,,0
346,MQ-0142,Sur,XR-350,noche,38.0,8115.0,1,74.84,2.288,6.22,529.9,2775.95,1
3532,MQ-0035,Sur, TL-90 ,mañana,37.0,9277.0,2,80.33,1.948,5.84,626.6,,0
3430,MQ-0048,Sur,XR-200,tarde,45.0,4053.0,2,70.76,1.025,6.95,507.6,,0
620,MQ-0049,Sur,xr200,mañana,38.0,5010.0,1,65.07,2.044,6.88,416.0,,0
487,MQ-0126,Este,XR 350,noche,-47.0,7758.0,2,57.72,1.214,5.6,501.3,,0
1559,MQ-0158,Norte,xr200,tarde,74.0,10521.0,0,63.03,1.866,6.76,643.2,,0
3604,MQ-0065,Norte,TL-90,noche,30.0,5784.0,1,81.0,,7.02,,,0
2453,MQ-0096,Norte,BM-500,tarde,50.0,5615.0,5,63.01,2.248,5.69,520.9,,0
3211,MQ-0152,Oeste,tl120,mañana,41.0,7279.0,1,66.27,1.726,6.36,586.9,3006.95,1
4041,MQ-0017,Norte,XR-200,noche,54.0,8832.0,1,71.14,3.299,6.31,551.6,4297.84,1
110,MQ-0096,Norte,TL-90,tarde,33.0,6754.0,1,85.06,1.246,7.38,679.5,,0
842,MQ-0121,Este,TL-120,noche,91.0,17329.0,2,65.99,,6.78,612.0,,0
935,MQ-0151,Sur,XR-350,noche,35.0,5345.0,2,63.62,1.707,6.38,507.3,,0
2421,MQ-0100,Sur,XR-350,mañana,17.0,2562.0,0,67.28,1.601,6.16,516.1,,0
1676,MQ-0158,Norte,XR-350,mañana,41.0,6192.0,3,67.09,1.868,6.97,556.3,,0
2866,MQ-0146,Norte,tl90,mañana,24.0,4430.0,1,65.86,2.225,7.41,,,0
2265,MQ-0056,Norte,BM-500,tarde,66.0,12029.0,5,83.22,1.473,6.23,,,0
1754,MQ-0095,Este,XR-200,mañana,57.0,9441.0,2,64.9,1.88,6.97,518.3,,0
2899,MQ-0154,Sur,TL-120,tarde,28.0,10601.0,2,61.36,2.338,5.55,555.3,,0
3095,MQ-0039,Oeste,TL-120,mañana,34.0,9373.0,3,80.8,2.123,5.69,708.9,,0
290,MQ-0156,Norte,XR-200,tarde,32.0,3842.0,1,64.91,3.371,6.78,472.2,,0
2423,MQ-0083,Este,BM 500,mañana,35.0,3494.0,1,68.29,1.403,6.66,405.4,,0
2289,MQ-0006,Sur,XR 200,tarde,15.0,2732.0,0,57.16,,5.76,348.8,4790.79,1
2246,MQ-0014,Sur,XR-200,mañana,31.0,5186.0,1,71.5,1.605,6.0,473.9,,0
768,MQ-0091,Oeste,XR-200,noche,31.0,6214.0,4,61.99,,6.93,422.2,5445.43,1
2519,MQ-0025,Oeste,XR-200,tarde,49.0,7079.0,5,77.83,2.205,5.14,618.1,,0
2507,MQ-0154,Norte,TL-90,mañana,25.0,4361.0,2,67.46,1.428,5.9,444.0,,0
1407,MQ-0076,Oeste,XR-200,tarde,35.0,3953.0,1,62.32,1.636,5.99,558.7,,0
1262,MQ-0135,Norte,XR-350,mañana,51.0,7753.0,0,66.29,2.127,6.67,543.7,,0
4185,MQ-0115,Oeste, XR-200 ,mañana,13.0,2053.0,0,62.57,3.085,6.84,312.6,,0
480,MQ-0160,Sur,TL-120,mañana,42.0,7355.0,2,75.56,2.595,6.04,642.4,,0
3576,MQ-0073,Norte,XR-350,tarde,52.0,9763.0,4,65.71,0.806,6.03,585.2,,0
1105,MQ-0178,Norte,xr350,noche,36.0,5219.0,2,70.96,5.381,6.61,588.4,5651.36,1
3197,MQ-0090,Norte,XR-200,noche,58.0,10384.0,6,67.17,1.864,6.36,702.7,,0
3067,MQ-0040,Sur,TL-90,mañana,16.0,1416.0,0,58.34,1.025,6.98,359.6,,0
3007,MQ-0130,Este,xr200,noche,33.0,6065.0,1,83.89,3.062,6.03,656.3,,0
688,MQ-0157,Este,XR-200,tarde,14.0,2392.0,1,61.55,1.541,6.45,357.8,,0
888,MQ-0077,Este,BM-500,mañana,43.0,4876.0,2,64.1,2.628,7.17,499.4,,0
3597,MQ-0173,Sur,XR-350,tarde,47.0,5177.0,6,60.77,2.93,6.96,451.2,,0
1728,MQ-0140,Este,TL-120,tarde,89.0,16028.0,1,65.02,2.265,7.12,832.1,,0
3247,MQ-0101,Norte,BM 500,noche,37.0,6422.0,1,65.45,3.599,5.72,561.6,,0
861,MQ-0020,Sur,XR-350,tarde,35.0,4839.0,0,59.48,2.494,7.03,417.8,,0
4168,MQ-0108,Este,BM-500,tarde,34.0,3880.0,1,86.12,1.632,5.9,641.0,,0
2905,MQ-0067,Sur,xr350,mañana,24.0,7008.0,1,85.94,1.843,4.9,695.8,,0
1992,MQ-0127,Este,XR-200,tarde,47.0,6877.0,3,63.21,1.91,6.66,,,0
2807,MQ-0104,Norte,XR-200,mañana,38.0,4827.0,3,78.31,1.282,7.1,544.1,,0
1079,MQ-0033,Norte,XR-350,tarde,160.0,25254.0,4,61.3,3.396,5.38,909.6,,0
35,MQ-0128,Sur,tl120,mañana,25.0,3662.0,0,81.88,1.295,7.05,455.7,3905.7,1
2715,MQ-0048,Sur,XR-200,mañana,42.0,7646.0,4,71.02,11.365,5.1,606.5,1967.3,1
3407,MQ-0012,Sur,XR-200,noche,98.0,15428.0,5,66.14,3.586,5.53,809.8,6554.69,1
2054,MQ-0118,Sur,TL-120,mañana,12.0,50.0,1,67.98,2.583,6.49,392.0,,0
2346,MQ-0155,Sur,BM-500,tarde,43.0,6722.0,0,64.53,1.687,6.18,,,0
1966,MQ-0118,Norte,XR-350,noche,22.0,4209.0,1,84.7,2.006,6.56,535.6,,0
2272,MQ-0044,Norte,XR-200,mañana,10.0,47040.0,0,65.68,2.008,5.05,473.0,,0
3320,MQ-0003,Sur,XR-200,tarde,23.0,3293.0,3,81.22,2.328,5.99,556.0,,0
3964,MQ-0011,Sur,XR-200,tarde,31.0,2598.0,2,63.61,1.102,6.23,475.2,,0
263,MQ-0156,Este,tl90,mañana,71.0,12807.0,4,80.14,1.08,5.87,,,0
1376,MQ-0161,Sur,bm500,tarde,7.0,3431.0,0,86.8,0.998,-1.0,647.2,,0
3536,MQ-0101,Sur,XR-200,tarde,15.0,50.0,0,63.52,1.907,6.25,380.0,,0
3805,MQ-0062,Sur,XR-350,tarde,27.0,1846.0,1,85.3,1.827,5.93,,,0
1355,MQ-0113,Oeste,TL-120,noche,56.0,12133.0,3,80.56,,6.27,739.4,,0
796,MQ-0153,Norte,BM-500,noche,38.0,6999.0,4,80.1,,5.87,638.5,,0
950,MQ-0140,Sur,TL-90,mañana,29.0,534.0,3,87.61,2.19,5.19,543.7,,0
3653,MQ-0097,Norte,xr350,tarde,56.0,11239.0,1,75.32,1.24,5.17,783.7,,0
3656,MQ-0130,Este,XR-350,tarde,96.0,14904.0,3,87.84,2.039,4.8,879.7,3855.18,1
992,MQ-0058,Norte,XR-200,noche,97.0,13878.0,6,60.26,3.134,5.45,675.9,,0
2012,MQ-0091,Oeste,XR-350,tarde,32.0,3364.0,1,62.12,1.444,5.32,449.7,,0
3606,MQ-0161,Norte,XR-200,tarde,57.0,10575.0,2,84.08,1.041,6.76,790.8,,0
2069,MQ-0051,Oeste,XR-350,mañana,40.0,5644.0,1,87.8,2.302,6.32,637.1,,0
122,MQ-0021,Oeste,TL-90,tarde,40.0,5025.0,0,78.7,2.243,6.88,653.7,,0
1917,MQ-0007,Norte, TL-90 ,tarde,23.0,4181.0,0,65.12,3.884,5.8,505.1,,0
1421,MQ-0094,Oeste,XR-350,tarde,46.0,6415.0,1,62.39,2.779,5.9,392.5,,0
597,MQ-0174,Sur,xr200,noche,29.0,5158.0,2,87.76,1.376,6.06,701.0,,0
978,MQ-0055,Sur,XR-350,mañana,55.0,9641.0,0,66.66,1.275,6.23,615.3,,0
4150,MQ-0045,Sur,XR-350,tarde,18.0,82.0,2,,1.912,5.94,528.7,,0
2016,MQ-0130,Norte,TL 90,noche,19.0,4594.0,0,67.61,1.699,5.53,575.9,,0
112,MQ-0122,Sur,XR-200,mañana,33.0,5728.0,3,71.07,1.81,6.47,515.7,,0
588,MQ-0066,Norte,TL-90,tarde,60.0,8605.0,1,60.47,2.515,4.95,529.3,,0
1196,MQ-0034,Norte,BM-500,mañana,51.0,8953.0,1,82.69,1.573,5.65,695.5,,0
2651,MQ-0129,Sur,XR-200,mañana,62.0,8591.0,4,81.09,2.098,5.61,646.1,,0
1123,MQ-0109,Este,XR 200,mañana,47.0,6365.0,2,85.23,1.974,5.53,646.2,,0
604,MQ-0018,Sur,xr200,tarde,42.0,8298.0,4,74.77,4.413,5.01,586.2,1517.39,1
4121,MQ-0034,Oeste,XR-350,tarde,39.0,6366.0,3,87.01,2.191,6.62,623.8,,0
2702,MQ-0060,Este,XR-350,mañana,24.0,3300.0,3,65.0,0.698,5.15,501.0,,0
617,MQ-0014,Sur,TL-90,noche,19.0,3372.0,0,68.37,2.709,6.63,387.6,,0
3297,MQ-0113,Norte,XR-200,tarde,35.0,7507.0,1,82.34,2.296,7.03,731.5,,0
2679,MQ-0059,Sur,bm500,noche,50.0,7945.0,4,76.66,1.404,6.2,654.0,,0
2955,MQ-0018,Este,XR-350,noche,34.0,1169.0,1,87.46,3.277,6.03,584.5,,0
102,MQ-0058,Este,xr200,mañana,25.0,4246.0,0,60.78,1.48,6.9,460.7,,0
427,MQ-0160,Sur,bm500,mañana,28.0,4114.0,2,84.22,0.979,5.77,673.4,,0
2701,MQ-0001,Este,TL-90,noche,45.0,6608.0,1,81.0,,6.04,721.1,,0
4028,MQ-0071,Este,XR 200,mañana,37.0,6614.0,0,83.8,3.338,5.69,708.2,,0
2537,MQ-0057,Norte,XR-200,tarde,37.0,5041.0,0,63.71,2.869,7.39,482.5,,0
671,MQ-0019,Oeste,TL 90,noche,34.0,8247.0,3,67.55,2.358,6.65,514.2,,0
1675,MQ-0126,Sur,XR-350,mañana,31.0,5413.0,0,84.65,2.133,6.65,621.2,,0
1229,MQ-0005,Sur,XR-200,mañana,105.0,16944.0,5,76.62,1.096,5.6,853.5,,0
669,MQ-0146,Sur,TL-90,tarde,43.0,8168.0,1,64.25,1.759,6.4,602.4,,0
3956,MQ-0025,Este,tl90,noche,32.0,2777.0,1,,2.243,6.64,590.4,,0
1865,MQ-0141,Sur,XR-350,tarde,33.0,6359.0,0,61.38,1.215,6.74,449.0,,0
2683,MQ-0135,Sur,XR-200,noche,21.0,1913.0,1,65.0,,-1.0,356.9,,0
1581,MQ-0018,Norte,XR-200,mañana,35.0,4999.0,0,69.45,3.265,7.11,490.3,,0
3254,MQ-0131,Oeste,XR 200,noche,51.0,8741.0,4,87.24,,5.38,628.7,4877.63,1
3369,MQ-0033,Oeste,XR-200,tarde,18.0,709.0,1,62.76,2.505,5.4,477.3,,0
3227,MQ-0052,Sur,XR-200,noche,27.0,3346.0,0,68.61,3.095,4.81,487.6,,0
1115,MQ-0134,Oeste,BM-500,mañana,55.0,8292.0,4,82.42,3.618,5.67,661.2,,0
1055,MQ-0087,Norte,TL-120,mañana,48.0,5782.0,1,,1.462,5.52,474.3,,0
3654,MQ-0027,Sur,XR-200,noche,56.0,8780.0,3,68.38,,5.71,562.5,,0
1779,MQ-0039,Sur,XR-200,mañana,25.0,2486.0,1,67.97,1.046,7.64,484.0,,0
415,MQ-0121,Este,XR 350,noche,62.0,9727.0,0,66.21,1.817,7.25,591.4,,0
3754,MQ-0059,Oeste,XR 350,noche,37.0,3676.0,3,67.27,1.353,5.04,513.6,,0
2402,MQ-0002,Norte,XR-200,mañana,52.0,4434.0,6,67.98,1.118,5.52,,,0
3328,MQ-0083,Norte,xr200,mañana,19.0,2800.0,0,81.82,6.645,5.88,533.8,7582.26,1
456,MQ-0170,Sur,BM-500,mañana,16.0,2864.0,0,63.09,2.184,5.76,424.6,,0
420,MQ-0149,Este,XR-350,mañana,24.0,2788.0,1,63.9,2.803,6.11,436.2,,0
2821,MQ-0046,Sur,XR-350,noche,17.0,4974.0,0,84.48,,5.91,564.4,,0
1785,MQ-0032,Este,XR 200,mañana,55.0,7107.0,7,61.46,2.101,5.23,514.7,,0
449,MQ-0159,Oeste,XR 200,noche,65.0,16796.0,4,62.45,4.98,6.53,663.0,,0
2264,MQ-0037,Sur,BM-500,tarde,46.0,5339.0,3,70.62,1.489,6.1,501.9,,0
432,MQ-0163,Norte,XR-200,tarde,58.0,8854.0,3,79.51,1.934,5.33,661.1,,0
730,MQ-0033,Norte,TL-120,mañana,93.0,15183.0,4,61.94,1.945,5.49,686.4,,0
3336,MQ-0165,Norte,BM-500,tarde,87.0,18716.0,5,61.41,1.703,6.32,731.1,,0
1648,MQ-0099,Sur,tl90,noche,24.0,6064.0,1,70.74,1.285,6.55,539.0,,0
1715,MQ-0164,Oeste,TL-120,tarde,76.0,11261.0,7,83.16,1.535,6.77,729.5,,0
2746,MQ-0002,Sur,XR 350,tarde,79.0,11878.0,3,58.96,2.29,5.16,575.3,,0
2775,MQ-0143,Este,XR-350,mañana,39.0,5345.0,4,85.67,2.846,5.53,690.6,,0
197,MQ-0121,Este,XR-350,mañana,26.0,5042.0,1,84.11,1.1,6.08,536.1,3306.99,1
728,MQ-0136,Sur,TL-90,mañana,72.0,14574.0,3,64.69,1.904,5.23,739.9,,0
1858,MQ-0119,Norte,XR-350,mañana,13.0,2657.0,0,63.36,2.297,6.51,448.5,,0
3648,MQ-0048,Norte,XR-200,mañana,28.0,5862.0,0,86.78,2.045,5.97,605.6,,0
3584,MQ-0130,Este,XR-350,tarde,63.0,13515.0,2,82.57,1.482,7.05,766.6,,0
3290,MQ-0068,Este,BM 500,mañana,43.0,6214.0,2,65.46,1.958,6.08,,,0
3714,MQ-0091,Sur,TL-120,mañana,23.0,2763.0,1,81.37,1.169,5.37,595.4,,0
1658,MQ-0130,Sur,xr350,mañana,98.0,15577.0,3,62.43,3.183,5.38,676.9,,0
1137,MQ-0168,Norte,xr350,mañana,42.0,8578.0,4,80.65,1.793,6.65,700.1,,0
2630,MQ-0125,Sur,TL 90,noche,26.0,2677.0,2,85.9,1.291,6.42,591.8,,0
341,MQ-0155,Sur,XR-350,noche,54.0,13011.0,3,66.26,1.154,6.12,620.9,,0
3315,MQ-0044,Este, XR-350 ,mañana,19.0,3181.0,1,63.9,1.94,5.5,423.4,1732.36,1
3382,MQ-0127,Sur,TL-120,noche,43.0,8033.0,2,62.22,1.275,6.89,,,0
3995,MQ-0063,Norte,TL-90,mañana,64.0,11980.0,3,82.97,2.365,6.09,725.4,,0
431,MQ-0060,Este,TL-120,noche,26.0,4696.0,0,83.24,1.977,5.85,594.8,,0
3988,MQ-0114,Este,XR-200,tarde,23.0,3315.0,4,64.52,,5.85,522.7,2453.98,1
1108,MQ-0086,Norte,TL-120,noche,54.0,10270.0,2,81.2,1.244,6.22,766.6,,0
268,MQ-0025,Norte,XR-350,mañana,10.0,3473.0,0,84.36,1.286,7.3,655.9,2631.28,1
4188,MQ-0019,Norte,TL-120,noche,54.0,8208.0,2,64.32,1.601,5.72,584.0,,0
1120,MQ-0162,Norte,XR-200,tarde,46.0,7386.0,2,64.37,2.78,5.23,650.0,,0
2487,MQ-0150,Norte,TL-90,tarde,63.0,9437.0,1,67.0,1.253,5.86,564.3,,0
187,MQ-0104,Norte,xr350,noche,22.0,2362.0,1,79.12,,6.27,440.0,,0
2723,MQ-0071,Norte,XR-200,noche,14.0,53.0,1,84.19,1.37,6.0,523.1,,0
1612,MQ-0027,Sur,BM 500,tarde,62.0,10555.0,6,82.86,1.235,6.83,673.9,,0
2786,MQ-0014,Norte, TL-90 ,tarde,52.0,8696.0,2,77.89,2.793,5.96,699.5,,0
2658,MQ-0020,Sur,XR-350,mañana,18.0,3147.0,0,67.6,0.795,4.88,323.9,,0
1853,MQ-0159,Este,XR-350,tarde,108.0,17214.0,7,62.4,1.95,6.6,782.2,,0
4104,MQ-0026,Este,TL-90,noche,29.0,1360.0,1,86.38,1.295,5.27,518.0,,0
2103,MQ-0097,Sur,TL-90,noche,7.0,236.0,0,67.97,1.415,6.69,,,0
1398,MQ-0110,Sur,XR-350,noche,15.0,4237.0,2,68.39,3.1,5.59,484.9,,0
513,MQ-0069,Norte,TL-90,mañana,75.0,13957.0,4,61.12,2.039,6.22,682.0,,0
3353,MQ-0044,Oeste,XR-200,mañana,28.0,4499.0,4,84.37,3.293,4.49,541.4,,0
1442,MQ-0136,Norte,XR-350,tarde,51.0,5899.0,2,78.21,1.452,5.36,537.9,,0
1940,MQ-0038,Norte,XR-350,mañana,37.0,6810.0,1,82.91,0.533,6.03,574.4,,0
3773,MQ-0051,Sur,TL-90,tarde,5.0,2808.0,0,60.48,,5.63,513.2,,0
1210,MQ-0104,Norte,XR-200,mañana,25.0,5633.0,0,65.43,0.944,6.38,536.6,,0
2748,MQ-0130,Norte,xr200,tarde,21.0,8088.0,3,67.72,0.833,6.68,469.6,,0
2874,MQ-0094,Sur,XR-200,tarde,-44.0,11314.0,2,67.57,1.2,6.01,655.5,,0
2159,MQ-0103,Oeste,XR-350,tarde,36.0,4720.0,1,63.38,1.769,6.63,455.3,,0
3865,MQ-0164,Sur,XR-200,tarde,50.0,7529.0,4,67.84,0.983,6.49,575.2,,0
461,MQ-0074,Norte,TL-90,tarde,35.0,7361.0,2,63.78,1.157,6.3,529.9,,0
758,MQ-0050,Norte,XR-200,noche,8.0,50.0,1,68.74,1.32,4.87,377.5,,0
1117,MQ-0173,Este,XR-200,mañana,22.0,5488.0,1,64.68,1.938,-1.0,499.7,,0
1399,MQ-0158,Norte,xr200,noche,8.0,50.0,2,85.43,1.4,-1.0,514.3,,0
3943,MQ-0055,Oeste,XR-200,tarde,31.0,4228.0,1,68.66,2.626,7.09,470.2,,0
61,MQ-0157,Este,XR-200,mañana,43.0,5117.0,2,60.33,2.886,7.0,397.3,,0
1704,MQ-0161,Norte,XR-200,mañana,56.0,7905.0,2,58.8,,6.67,548.5,,0
2680,MQ-0025,Oeste,XR-200,noche,30.0,6113.0,2,86.61,1.972,6.48,679.1,,0
360,MQ-0021,Norte,TL-120,noche,44.0,5081.0,1,80.25,2.551,5.19,539.6,,0
4103,MQ-0096,Este,TL 90,mañana,17.0,336.0,0,87.04,1.518,6.75,610.6,,0
132,MQ-0173,Este,TL 120,mañana,77.0,11263.0,3,65.16,1.309,7.37,649.6,,0
962,MQ-0082,Oeste, TL-90 ,tarde,29.0,4863.0,1,67.02,1.163,5.63,493.6,,0
2007,MQ-0150,Oeste,XR-200,noche,55.0,9870.0,2,64.75,1.266,7.2,634.5,,0
701,MQ-0063,Norte,xr200,noche,47.0,8541.0,3,65.06,,5.7,727.7,,0
528,MQ-0152,Norte,xr200,tarde,35.0,6465.0,1,63.61,1.513,5.63,436.1,,0
2062,MQ-0041,Oeste,TL-120,tarde,133.0,22871.0,7,69.76,1.839,7.17,848.9,,0
3502,MQ-0144,Sur,XR-350,noche,41.0,10911.0,1,83.83,0.822,7.02,825.7,,0
714,MQ-0075,Norte,XR-350,tarde,27.0,5916.0,1,66.92,,5.81,551.6,,0
2229,MQ-0016,Este,XR-200,tarde,35.0,10682.0,0,63.22,2.684,4.58,636.4,2151.38,1
853,MQ-0152,Oeste,TL-90,noche,68.0,11974.0,1,84.49,,6.38,732.8,,0
3138,MQ-0019,Sur,BM-500,tarde,13.0,2987.0,2,60.32,6.024,6.45,536.2,,0
2359,MQ-0002,Norte,XR-200,noche,58.0,12689.0,2,61.57,2.689,4.51,664.7,,0
116,MQ-0125,Este,BM-500,noche,15.0,1216.0,1,66.85,1.759,5.84,383.8,,0
3416,MQ-0120,Este,XR-200,mañana,47.0,6954.0,1,64.18,0.914,7.23,482.6,,0
525,MQ-0054,Este,TL-120,tarde,23.0,2145.0,2,64.56,0.967,6.4,369.2,,0
3291,MQ-0104,Este,XR-200,mañana,25.0,5940.0,0,64.45,1.59,6.22,608.3,,0
1460,MQ-0049,Sur,XR-350,tarde,21.0,4643.0,2,84.35,3.017,6.11,585.2,,0
2213,MQ-0018,Norte,XR 350,tarde,51.0,6364.0,1,70.35,6.066,7.14,552.2,3086.2,1
4062,MQ-0151,Este,XR-200,noche,51.0,9718.0,0,61.12,3.655,5.63,551.3,,0
125,MQ-0116,Norte,TL-90,tarde,62.0,11971.0,2,75.86,,5.15,545.6,,0
447,MQ-0113,Norte,XR-350,mañana,32.0,4241.0,3,71.31,2.274,5.84,615.4,,0
3819,MQ-0002,Sur,TL-90,tarde,42.0,7215.0,3,62.81,3.657,5.54,603.0,1822.12,1
2921,MQ-0006,Este,TL-90,mañana,40.0,8031.0,0,63.46,0.872,8.29,506.5,,0
3547,MQ-0107,Sur,tl90,noche,54.0,9663.0,1,78.67,3.456,7.29,675.1,,0
3870,MQ-0178,Sur,TL-120,mañana,29.0,1608.0,2,60.98,2.265,7.74,325.4,,0
71,MQ-0028,Este,XR-200,mañana,54.0,9453.0,2,66.49,0.895,6.63,523.6,,0
899,MQ-0094,Este,tl120,mañana,45.0,4963.0,1,64.02,1.58,6.74,478.1,,0
1041,MQ-0064,Norte, BM-500 ,tarde,79.0,11358.0,5,64.94,2.191,6.47,640.2,,0
3337,MQ-0011,Sur,XR-350,mañana,14.0,3761.0,2,64.34,1.651,5.07,501.2,,0
1882,MQ-0177,Sur,TL-90,noche,88.0,14075.0,4,71.27,3.992,6.23,763.1,1281.4,1
388,MQ-0058,Este,XR-350,noche,30.0,8085.0,3,72.58,4.23,6.83,476.2,5517.02,1
3115,MQ-0008,Norte,XR 200,noche,34.0,5820.0,3,67.45,,5.33,532.2,,0
3704,MQ-0013,Sur,BM-500,tarde,64.0,8544.0,6,58.44,1.417,5.57,437.4,,0
2583,MQ-0165,Oeste,XR 350,mañana,28.0,3708.0,1,,6.399,6.39,679.0,4776.28,1
1807,MQ-0134,Sur,TL-90,noche,16.0,2411.0,2,81.64,0.728,7.3,569.2,,0
2380,MQ-0015,Norte,XR-200,tarde,37.0,7221.0,2,73.05,12.067,8.1,554.2,1226.81,1
2286,MQ-0078,Sur,TL-120,noche,42.0,6503.0,4,62.64,7.651,6.83,,1091.48,1
184,MQ-0024,Oeste,TL-90,tarde,21.0,8121.0,2,,1.047,5.89,710.1,,0
2863,MQ-0053,Este,TL-90,mañana,12.0,740.0,0,64.34,5.385,7.01,420.8,,0
633,MQ-0036,Sur,XR-350,tarde,53.0,7022.0,1,67.67,2.201,6.24,533.7,,0
2260,MQ-0123,Norte,TL-120,noche,70.0,9899.0,2,82.18,1.255,6.22,622.5,,0
673,MQ-0111,Sur,TL-120,mañana,46.0,5441.0,4,83.43,2.433,6.85,628.3,,0
3409,MQ-0147,Este,XR-350,mañana,27.0,4633.0,1,83.56,1.015,5.66,599.3,,0
2425,MQ-0110,Norte,XR-350,mañana,40.0,7120.0,1,67.82,1.198,6.3,592.2,,0
1091,MQ-0117,Norte,XR-200,tarde,44.0,8793.0,3,86.83,2.227,6.24,739.2,,0
2311,MQ-0033,Sur,XR-350,tarde,32.0,7418.0,0,69.48,1.863,6.25,598.3,2418.54,1
4004,MQ-0136,Sur,TL-90,tarde,60.0,11076.0,4,68.24,2.515,6.73,660.4,5064.51,1
1748,MQ-0087,Sur,BM-500,tarde,15.0,2842.0,1,83.8,1.481,7.85,431.5,,0
4171,MQ-0056,Sur,XR-350,noche,20.0,2773.0,1,86.81,2.876,6.68,535.4,,0
2222,MQ-0071,Sur,XR-350,mañana,40.0,7416.0,3,68.87,2.761,6.22,564.1,,0
965,MQ-0067,Este,TL-90,noche,29.0,3496.0,2,83.02,,6.65,479.1,,0
100,MQ-0059,Norte, XR-200 ,mañana,78.0,11324.0,5,61.64,1.906,5.83,513.5,,0
4200,MQ-0050,Sur,BM 500,tarde,18.0,4469.0,0,69.53,1.78,7.13,492.9,,0
3982,MQ-0034,Oeste,TL-90,mañana,55.0,10530.0,2,66.68,2.733,6.81,646.8,,0
3611,MQ-0004,Sur,XR-350,mañana,86.0,13377.0,4,78.89,10.424,6.39,687.4,1506.32,1
2093,MQ-0120,Oeste,XR-200,mañana,79.0,11791.0,4,82.4,,5.68,792.9,2451.13,1
182,MQ-0069,Este,XR 350,noche,35.0,3065.0,1,71.0,1.141,6.47,441.3,,0
2732,MQ-0149,Norte,XR-200,mañana,45.0,9843.0,2,82.6,2.221,7.18,779.9,,0
3918,MQ-0121,Norte,TL-90,mañana,44.0,6821.0,2,69.21,1.666,6.45,561.1,,0
201,MQ-0132,Norte,BM-500,tarde,29.0,6366.0,0,80.67,1.815,6.38,660.7,,0
455,MQ-0009,Oeste,XR-200,tarde,24.0,4486.0,1,66.45,0.802,6.18,532.3,,0
855,MQ-0002,Sur,XR 350,tarde,7.0,3024.0,0,64.06,6.25,5.85,446.3,,0
2037,MQ-0124,Oeste,tl90,tarde,40.0,9176.0,1,57.25,2.046,5.51,,,0
1103,MQ-0177,Sur,xr200,mañana,86.0,17545.0,3,68.19,2.221,6.53,749.4,,0
441,MQ-0008,Norte, XR-350 ,tarde,47.0,4196.0,2,83.54,2.357,6.71,641.0,,0
2243,MQ-0159,Norte,XR-350,mañana,58.0,11667.0,4,78.83,0.84,7.48,780.7,,0
2424,MQ-0140,Norte,XR-350,mañana,39.0,7244.0,0,79.43,1.651,5.68,641.3,,0
3174,MQ-0094,Sur,XR-200,mañana,31.0,3865.0,4,65.67,1.639,7.32,,1490.41,1
433,MQ-0055,Norte,XR-200,mañana,40.0,7785.0,2,82.32,,6.83,656.2,,0
743,MQ-0160,Sur,TL 120,tarde,47.0,9002.0,2,88.06,1.342,6.17,739.0,,0
3399,MQ-0137,Sur,TL-90,mañana,30.0,4642.0,1,80.94,3.712,5.42,559.6,,0
3491,MQ-0125,Sur,XR-200,tarde,52.0,8551.0,3,68.21,1.702,5.72,480.8,,0
3116,MQ-0105,Norte,BM-500,tarde,28.0,905.0,0,63.9,3.934,6.63,367.1,,0
1189,MQ-0110,Sur,XR-200,noche,21.0,7316.0,0,56.83,0.742,6.29,533.0,,0
2313,MQ-0055,Norte,TL-90,tarde,33.0,5633.0,1,,1.393,6.71,617.8,,0
2067,MQ-0158,Este,TL-90,mañana,52.0,9818.0,0,76.77,1.104,5.32,629.4,,0
2733,MQ-0176,Oeste,bm500,mañana,38.0,3849.0,2,79.01,1.361,6.68,607.6,,0
1158,MQ-0152,Norte,XR-350,tarde,17.0,6945.0,0,87.58,1.712,6.49,563.0,,0
1145,MQ-0082,Norte,tl120,noche,35.0,6598.0,2,62.12,2.39,6.59,476.7,,0
3027,MQ-0081,Sur,TL-90,mañana,19.0,3613.0,1,57.88,2.144,6.96,531.9,,0
1209,MQ-0105,Este,xr350,tarde,35.0,5930.0,3,60.53,0.946,6.02,478.2,,0
2416,MQ-0061,Este, XR-200 ,tarde,32.0,3484.0,1,71.23,12.213,6.61,453.9,7687.03,1
928,MQ-0133,Sur,TL-120,mañana,35.0,6264.0,0,83.87,2.978,7.03,661.2,,0
3234,MQ-0092,Sur,XR-350,noche,39.0,4386.0,1,82.05,,6.3,559.1,3009.32,1
2291,MQ-0084,Norte,XR-200,mañana,46.0,6191.0,8,57.82,3.675,6.08,525.6,,0
3475,MQ-0127,Este,TL-90,noche,9.0,50.0,1,76.34,4.684,7.05,473.6,1767.54,1
1194,MQ-0170,Norte,XR-350,tarde,26.0,4786.0,3,67.41,2.306,5.86,483.3,,0
3478,MQ-0052,Este,TL-90,tarde,46.0,6828.0,1,78.15,0.821,7.12,635.0,,0
3882,MQ-0106,Este,XR-350,mañana,17.0,4219.0,0,63.28,2.535,6.85,464.4,,0
929,MQ-0024,Sur,TL-90,noche,62.0,8451.0,3,66.39,2.976,5.79,431.3,2600.15,1
2694,MQ-0126,Oeste,xr350,mañana,33.0,4725.0,2,60.48,3.226,5.99,455.0,,0
3015,MQ-0148,Oeste,XR-200,tarde,37.0,7282.0,5,63.93,1.771,5.94,,,0
244,MQ-0089,Oeste,XR-350,mañana,68.0,12831.0,4,87.78,3.65,4.99,843.6,2488.06,1
1906,MQ-0155,Norte,TL-90,mañana,28.0,4017.0,1,67.91,3.158,6.2,449.5,,0
2212,MQ-0009,Oeste,TL-90,tarde,48.0,9707.0,2,84.16,2.191,5.95,717.4,,0
1662,MQ-0146,Norte,XR-200,tarde,48.0,8168.0,3,63.4,2.72,6.73,516.5,,0
3967,MQ-0172,Sur,xr350,tarde,36.0,5032.0,2,62.04,2.026,6.53,477.5,,0
3195,MQ-0177,Sur,XR-200,tarde,58.0,7698.0,5,86.05,4.304,6.25,755.4,,0
370,MQ-0165,Norte,TL 120,mañana,31.0,6200.0,1,84.69,1.739,7.35,683.0,,0
457,MQ-0041,Este,XR-200,mañana,43.0,4983.0,2,86.41,1.593,5.95,553.7,,0
3186,MQ-0024,Sur,XR-350,noche,51.0,8289.0,2,67.85,2.473,6.96,557.9,,0
284,MQ-0114,Norte,XR-350,mañana,9.0,50.0,0,59.21,2.187,5.61,408.5,,0
3310,MQ-0145,Norte,TL-90,mañana,39.0,6926.0,0,,,4.42,593.4,,0
4040,MQ-0055,Este,BM-500,mañana,90.0,10632.0,1,82.98,1.38,7.98,757.6,,0
3698,MQ-0077,Este,XR-200,tarde,42.0,7765.0,1,65.38,1.145,6.45,492.5,,0
2100,MQ-0044,Norte,XR-200,tarde,82.0,9882.0,4,59.86,2.204,6.98,555.1,,0
1778,MQ-0113,Norte,TL-120,mañana,32.0,2966.0,0,64.23,2.208,7.79,,,0
315,MQ-0056,Oeste,TL-120,mañana,75.0,11361.0,6,79.8,1.174,6.25,737.0,,0
774,MQ-0157,Sur,TL-90,mañana,12.0,3526.0,0,62.95,1.338,6.71,426.6,,0
256,MQ-0116,Este,TL-120,tarde,29.0,3021.0,0,65.86,1.838,7.91,,,0
1311,MQ-0129,Norte,TL-120,noche,60.0,6290.0,4,68.14,,6.23,485.9,,0
1741,MQ-0101,Oeste,TL-90,tarde,27.0,7034.0,0,69.29,1.807,-1.0,615.5,,0
3733,MQ-0032,Norte,BM-500,tarde,26.0,6478.0,1,84.01,3.167,6.99,716.6,,0
2124,MQ-0148,Oeste,TL-120,tarde,80.0,9664.0,3,66.77,2.277,5.27,610.3,,0
1683,MQ-0063,Oeste,XR-200,tarde,37.0,5720.0,1,78.59,1.48,6.23,686.1,,0
573,MQ-0034,Sur,tl90,noche,35.0,5267.0,2,78.71,1.49,6.54,567.2,,0
446,MQ-0061,Este,XR-350,mañana,65.0,11455.0,3,71.21,2.311,6.75,635.1,,0
986,MQ-0032,Sur,TL-90,tarde,20.0,2396.0,1,63.76,1.448,5.13,517.3,,0
3875,MQ-0049,Norte,XR-350,noche,11.0,2308.0,0,81.02,2.919,6.4,681.7,,0
4095,MQ-0158,Este,BM-500,tarde,51.0,9246.0,0,83.72,0.485,6.93,677.5,,0
3767,MQ-0012,Norte,XR-200,tarde,7.0,466.0,0,67.81,1.514,6.72,439.1,,0
3494,MQ-0141,Norte,xr200,noche,12.0,252.0,0,60.34,1.134,6.83,380.0,,0
3309,MQ-0149,Este,TL-90,mañana,50.0,10917.0,2,61.46,2.867,6.05,684.1,,0
3360,MQ-0145,Norte,XR-350,mañana,34.0,3970.0,2,60.33,1.498,7.97,454.4,,0
1991,MQ-0049,Este,XR-200,mañana,65.0,7692.0,1,85.48,1.507,7.69,598.8,,0
2186,MQ-0046,Sur,tl120,mañana,67.0,8924.0,3,68.95,2.588,6.55,,,0
3917,MQ-0144,Oeste,XR-350,noche,67.0,12989.0,4,59.95,1.637,7.0,652.0,,0
3620,MQ-0073,Oeste,TL-90,tarde,31.0,4413.0,2,78.14,1.943,6.0,545.2,,0
4170,MQ-0154,Este,XR-350,mañana,18.0,218.0,2,61.7,1.404,6.62,287.1,,0
376,MQ-0149,Norte,XR-350,tarde,49.0,6935.0,0,60.6,2.687,5.24,481.2,,0
3351,MQ-0052,Este,XR-350,noche,19.0,2976.0,2,67.91,,7.35,510.7,,0
1390,MQ-0133,Este,TL-90,mañana,55.0,11752.0,2,61.0,1.752,5.3,,,0
692,MQ-0034,Sur,XR-200,noche,42.0,5257.0,3,60.95,2.048,5.59,347.2,,0
1298,MQ-0105,Sur,XR 200,mañana,24.0,1905.0,1,70.06,1.665,6.03,453.3,,0
3025,MQ-0073,Norte,XR-200,noche,17.0,1713.0,1,70.79,1.291,5.69,597.6,,0
2221,MQ-0180,Norte,xr200,mañana,19.0,4152.0,1,68.04,0.8,6.18,506.3,,0
1672,MQ-0007,Sur,BM-500,noche,13.0,520.0,1,86.65,1.924,5.72,636.5,,0
2174,MQ-0158,Sur,XR-350,tarde,55.0,9224.0,2,80.98,1.952,6.6,769.4,,0
4087,MQ-0035,Oeste,xr350,noche,34.0,8092.0,1,60.83,2.004,6.2,581.7,,0
985,MQ-0029,Oeste,TL-90,tarde,33.0,4613.0,1,83.64,2.03,6.83,529.9,,0
2144,MQ-0126,Sur,TL-90,mañana,14.0,566.0,2,87.74,2.54,6.34,504.1,,0
1802,MQ-0168,Norte,BM-500,mañana,15.0,135.0,1,62.09,2.173,7.24,358.3,,0
3005,MQ-0055,Este,XR-350,tarde,10.0,4531.0,0,84.56,1.864,6.04,590.9,,0
4144,MQ-0031,Este,tl90,tarde,59.0,10629.0,6,81.72,1.512,6.23,706.3,,0
137,MQ-0080,Oeste,XR 200,tarde,34.0,7782.0,1,82.87,2.078,5.87,696.9,,0
547,MQ-0125,Sur,TL-90,tarde,60.0,12498.0,5,70.69,1.882,5.99,627.0,,0
1796,MQ-0045,Oeste,TL-90,noche,36.0,2521.0,0,61.69,,7.02,382.5,,0
3676,MQ-0089,Norte,XR-200,mañana,38.0,8230.0,1,,1.949,4.91,631.0,,0
3722,MQ-0030,Oeste,BM-500,noche,36.0,2348.0,3,65.85,1.414,6.33,,,0
3438,MQ-0167,Norte,XR-350,noche,76.0,15078.0,5,86.33,2.6,5.6,829.3,,0
191,MQ-0020,Este,TL-120,noche,43.0,8537.0,0,62.38,2.165,6.61,539.8,,0
2910,MQ-0097,Sur,XR-350,tarde,46.0,6197.0,2,62.94,2.809,6.13,524.3,,0
4065,MQ-0041,Sur,XR-350,mañana,87.0,16523.0,3,60.86,0.95,5.89,701.3,,0
4076,MQ-0145,Este,BM-500,mañana,45.0,9701.0,4,62.29,1.868,4.76,576.8,,0
933,MQ-0009,Oeste,XR-200,mañana,9.0,469.0,0,67.58,3.0,5.72,447.5,,0
2904,MQ-0166,Sur,TL-120,tarde,80.0,11394.0,2,79.3,2.067,6.67,787.2,,0
3123,MQ-0041,Sur,tl120,tarde,73.0,10074.0,1,82.85,3.088,6.54,638.7,3024.2,1
2788,MQ-0097,Este,TL-120,mañana,54.0,9879.0,1,79.14,2.966,6.47,755.4,,0
3178,MQ-0166,Este,xr200,noche,56.0,6326.0,2,65.97,0.865,6.27,460.0,,0
126,MQ-0090,Norte,XR-200,tarde,47.0,5599.0,2,70.41,1.471,5.22,612.2,,0
2377,MQ-0036,Oeste,XR-350,mañana,52.0,11893.0,2,64.52,2.504,7.54,669.0,,0
3894,MQ-0134,Este,TL-90,tarde,38.0,6335.0,3,67.41,1.091,5.95,549.3,,0
2753,MQ-0180,Oeste,TL-90,tarde,34.0,5983.0,1,86.88,7.417,6.01,607.3,1660.89,1
2226,MQ-0085,Sur,tl90,noche,53.0,4681.0,2,61.77,2.171,6.68,453.8,,0
3548,MQ-0071,Este,TL-90,tarde,51.0,11313.0,2,83.64,1.553,5.27,751.2,,0
3408,MQ-0007,Este,BM-500,mañana,28.0,3549.0,1,65.28,2.49,6.03,461.4,,0
3531,MQ-0072,Norte,xr350,mañana,41.0,5307.0,4,75.86,1.443,5.3,,2181.6,1
3925,MQ-0121,Sur,XR-350,mañana,44.0,5724.0,3,68.75,1.963,6.54,,,0
1902,MQ-0174,Sur,XR-200,noche,77.0,10677.0,1,85.57,,5.91,729.1,,0
1159,MQ-0166,Norte, XR-200 ,tarde,46.0,4224.0,0,66.55,1.895,6.43,454.9,,0
3951,MQ-0118,Norte, XR-200 ,tarde,25.0,4457.0,2,69.77,1.472,6.49,498.2,,0
700,MQ-0043,Este,XR-200,noche,40.0,7378.0,2,68.77,,5.89,615.8,,0
2886,MQ-0088,Sur,XR 350,mañana,48.0,10483.0,4,63.4,0.589,5.61,560.3,,0
2410,MQ-0114,Oeste,XR-200,mañana,59.0,10098.0,2,68.23,2.175,6.47,582.9,,0
3383,MQ-0128,Este,TL-120,tarde,27.0,2751.0,1,62.51,2.052,5.81,386.9,,0
2506,MQ-0072,Norte,TL-120,mañana,24.0,871.0,1,67.25,2.355,5.94,432.2,,0
1869,MQ-0157,Sur,TL-90,mañana,30.0,6500.0,0,62.22,2.022,5.54,561.5,,0
135,MQ-0157,Sur,XR-350,tarde,15.0,50.0,1,67.69,1.561,6.91,399.5,,0
2396,MQ-0146,Oeste,XR-350,noche,25.0,3641.0,0,65.73,,6.26,516.1,,0
393,MQ-0089,Este,XR-200,tarde,11.0,653.0,0,68.62,1.673,7.07,451.3,1740.91,1
141,MQ-0063,Este,XR 200,tarde,20.0,6438.0,0,64.46,1.622,5.5,548.4,,0
2699,MQ-0042,Oeste,XR-200,mañana,41.0,5240.0,3,77.62,1.27,5.8,597.9,,0
508,MQ-0054,Norte,XR-350,noche,27.0,4933.0,2,62.18,,6.37,,,0
2924,MQ-0051,Este,XR-350,mañana,26.0,5185.0,1,67.79,2.543,6.65,,,0
245,MQ-0110,Sur,TL-120,tarde,112.0,20037.0,3,60.06,,4.86,785.6,,0
3667,MQ-0067,Norte,XR-200,mañana,23.0,2680.0,2,87.32,1.741,6.27,528.3,,0
1556,MQ-0129,Norte,BM-500,mañana,48.0,11532.0,3,,2.011,6.54,834.7,,0
3614,MQ-0086,Norte,TL-90,noche,60.0,11734.0,3,71.17,1.583,7.19,675.9,,0
3260,MQ-0061,Sur, TL-90 ,noche,37.0,8293.0,2,65.03,1.544,6.94,581.6,,0
301,MQ-0152,Sur,BM-500,noche,24.0,3345.0,2,65.65,2.283,6.7,438.3,,0
1540,MQ-0020,Sur, XR-350 ,mañana,44.0,6499.0,1,84.39,1.626,5.64,676.2,,0
3890,MQ-0088,Este,TL-120,noche,87.0,13013.0,2,64.82,1.901,6.59,686.1,,0
3391,MQ-0145,Sur,XR-350,mañana,19.0,4772.0,1,62.93,1.703,-1.0,529.7,,0
828,MQ-0074,Norte,TL-90,tarde,57.0,10902.0,4,65.21,3.393,5.18,549.2,,0
1874,MQ-0066,Oeste,XR-200,mañana,17.0,4090.0,2,90.37,1.571,6.02,686.4,,0
4219,MQ-0154,Sur,TL-120,noche,31.0,5930.0,1,81.26,1.323,5.92,566.2,,0
2446,MQ-0169,Norte,XR-350,mañana,36.0,7071.0,3,86.05,2.217,5.96,667.1,,0
2417,MQ-0051,Norte,TL-90,mañana,26.0,5051.0,1,66.53,1.783,6.27,462.2,,0
3090,MQ-0137,Este,XR-350,mañana,32.0,5029.0,2,62.62,1.6,-1.0,513.7,,0
1786,MQ-0050,Este,XR-200,tarde,20.0,3360.0,0,62.44,1.638,5.92,504.1,,0
2514,MQ-0015,Sur,TL-120,mañana,34.0,5247.0,0,61.82,0.835,6.87,556.9,,0
1451,MQ-0144,Norte, TL-90 ,tarde,37.0,8573.0,2,81.51,1.29,6.44,723.6,,0
2168,MQ-0059,Oeste,XR-350,mañana,28.0,443.0,0,87.07,1.508,5.18,489.7,,0
3919,MQ-0060,Este,XR-350,tarde,38.0,4971.0,1,79.56,1.762,6.64,643.3,,0
3348,MQ-0098,Norte,XR-350,noche,34.0,2271.0,1,76.63,1.588,5.72,542.6,,0
2555,MQ-0130,Sur,XR-200,mañana,21.0,2494.0,2,62.2,2.672,6.06,492.7,,0
2171,MQ-0035,Oeste,XR-350,tarde,38.0,9599.0,4,83.23,1.517,6.69,743.5,,0
2614,MQ-0092,Norte,TL-120,tarde,93.0,15739.0,6,65.63,1.263,6.54,756.0,,0
1893,MQ-0155,Norte,XR-200,mañana,30.0,5427.0,0,70.39,2.625,6.53,450.1,,0
542,MQ-0037,Norte,bm500,mañana,49.0,3828.0,3,63.92,2.644,5.65,464.6,,0
898,MQ-0068,Norte,XR 200,noche,48.0,7219.0,3,80.32,,6.8,682.3,,0
3427,MQ-0079,Norte,TL-90,noche,63.0,12033.0,2,68.01,,6.22,593.0,,0
1592,MQ-0047,Este,XR-350,mañana,21.0,2902.0,1,57.71,3.657,7.43,411.6,,0
1860,MQ-0122,Oeste,TL-120,tarde,42.0,8482.0,1,81.27,2.23,6.97,650.0,,0
10,MQ-0079,Oeste,tl90,tarde,126.0,19609.0,7,81.24,1.674,5.13,956.1,,0
3049,MQ-0166,Norte,TL-90,mañana,27.0,5015.0,2,63.03,1.416,5.71,456.8,,0
2403,MQ-0076,Sur,TL-120,tarde,19.0,50.0,1,59.65,2.542,5.47,277.4,,0
2278,MQ-0070,Norte,TL-90,tarde,17.0,5409.0,0,82.35,2.298,6.29,,2519.12,1
2784,MQ-0158,Oeste,XR-350,tarde,19.0,50.0,0,69.11,2.577,7.24,507.5,,0
737,MQ-0145,Sur,XR-200,noche,25.0,2342.0,0,85.75,,6.44,604.8,,0
1920,MQ-0113,Este,TL-120,mañana,32.0,3993.0,0,82.6,0.666,6.17,635.3,,0
1490,MQ-0005,Oeste,XR-350,noche,19.0,4173.0,1,80.65,1.495,5.38,550.9,3988.22,1
340,MQ-0005,Este,BM-500,mañana,7.0,50.0,0,76.67,13.053,7.21,367.2,4276.55,1
316,MQ-0143,Norte,XR-200,tarde,32.0,4742.0,2,76.64,5.635,5.06,591.9,2880.46,1
4060,MQ-0172,Norte,BM-500,tarde,53.0,10403.0,1,62.39,1.444,7.18,625.2,,0
2538,MQ-0151,Este,XR-200,noche,21.0,605.0,1,67.59,1.851,6.16,411.1,,0
2384,MQ-0107,Norte,XR-200,mañana,34.0,7211.0,2,64.1,1.404,6.22,549.4,,0
2593,MQ-0154,Este,BM-500,tarde,23.0,3235.0,0,63.14,2.27,6.07,358.7,,0
4080,MQ-0081,Sur,XR-200,mañana,33.0,2994.0,1,68.41,1.997,6.9,492.8,,0
2611,MQ-0056,Norte,TL-90,mañana,30.0,3521.0,3,63.65,1.642,5.81,491.3,,0
2015,MQ-0011,Norte,XR-350,tarde,22.0,1245.0,2,88.01,1.744,6.35,643.9,8269.12,1
803,MQ-0004,Sur,XR-350,mañana,33.0,5923.0,3,87.64,1.28,6.94,657.8,,0
2578,MQ-0102,Este,XR-350,mañana,27.0,5665.0,2,62.07,2.527,5.23,491.4,,0
2379,MQ-0097,Este,XR-350,noche,29.0,1870.0,1,65.81,,7.41,415.5,,0
3963,MQ-0030,Este,TL-90,mañana,29.0,5373.0,0,77.48,1.834,5.01,706.3,,0
207,MQ-0119,Norte,xr350,tarde,50.0,10535.0,4,82.27,1.207,5.55,752.8,,0
1580,MQ-0089,Norte,TL-90,noche,142.0,23446.0,3,83.0,2.689,7.29,962.0,,0
4015,MQ-0006,Sur,TL-90,noche,33.0,6033.0,2,64.85,,5.58,400.7,,0
2640,MQ-0016,Oeste,BM-500,tarde,78.0,15216.0,5,61.78,2.242,7.1,685.1,,0
1620,MQ-0054,Norte,XR-200,mañana,80.0,14783.0,0,82.1,1.56,6.89,852.0,,0
4081,MQ-0054,Norte,bm500,mañana,45.0,6803.0,3,87.06,1.019,7.27,692.6,,0
3659,MQ-0116,Norte, XR-350 ,mañana,39.0,6645.0,2,79.35,1.461,5.81,680.4,,0
4199,MQ-0151,Este,TL-120,mañana,30.0,5910.0,3,,7.063,6.27,646.6,2838.86,1
548,MQ-0161,Oeste,tl120,noche,68.0,11102.0,4,83.43,1.254,5.19,,4680.49,1
1141,MQ-0122,Sur,TL-120,mañana,35.0,4210.0,0,63.41,3.451,6.83,554.6,,0
1499,MQ-0171,Norte,xr200,mañana,88.0,16640.0,3,81.99,4.297,6.67,859.7,,0
593,MQ-0117,Sur,XR-350,tarde,36.0,6258.0,1,81.4,2.147,4.79,638.2,,0
572,MQ-0098,Norte,XR-200,tarde,13.0,1663.0,1,81.71,2.479,6.23,495.2,,0
119,MQ-0029,Norte,tl90,mañana,38.0,7027.0,2,67.24,0.706,4.93,525.8,,0
1307,MQ-0059,Oeste,XR-200,noche,26.0,3661.0,3,64.36,2.389,6.2,492.2,5298.11,1
196,MQ-0092,Sur,xr350,noche,21.0,5400.0,0,68.31,2.074,5.26,621.0,,0
3241,MQ-0065,Sur,tl90,noche,17.0,3838.0,3,65.17,1.635,5.28,491.6,,0
859,MQ-0023,Sur,XR-200,noche,70.0,12916.0,3,59.35,1.236,6.81,654.9,,0
1962,MQ-0080,Norte,TL-90,tarde,43.0,9075.0,2,65.41,1.682,6.86,657.3,,0
1679,MQ-0039,Norte,TL-120,mañana,29.0,5687.0,0,81.48,2.05,5.64,737.9,,0
869,MQ-0005,Sur,xr350,tarde,122.0,19016.0,0,56.98,3.271,7.13,658.2,,0
1701,MQ-0125,Norte,XR 350,mañana,29.0,6751.0,0,66.26,2.559,6.05,565.0,,0
297,MQ-0040,Oeste,XR-200,mañana,49.0,10171.0,5,82.32,1.602,6.43,658.2,,0
4061,MQ-0003,Norte,TL-120,mañana,27.0,8277.0,2,65.57,2.818,6.55,589.8,,0
277,MQ-0009,Sur,XR 200,tarde,76.0,10160.0,5,67.49,4.517,5.55,657.8,3406.45,1
2806,MQ-0143,Oeste,XR-200,noche,35.0,7097.0,0,86.39,2.494,6.16,631.1,,0
3998,MQ-0112,Sur,BM-500,tarde,70.0,9219.0,1,64.82,1.73,5.04,632.4,,0
4066,MQ-0118,Norte,tl90,noche,33.0,8131.0,4,65.69,1.521,5.63,564.0,,0
3512,MQ-0165,Sur,xr350,mañana,54.0,9053.0,0,83.07,2.385,6.09,608.5,,0
2937,MQ-0163,Sur,tl90,mañana,21.0,4317.0,1,78.69,0.974,6.15,618.6,,0
3319,MQ-0087,Sur,TL 120,noche,77.0,9533.0,4,65.59,1.114,5.95,655.4,,0
189,MQ-0058,Norte,XR-200,noche,36.0,6376.0,2,80.72,1.736,6.25,546.9,,0
1724,MQ-0148,Sur,XR-350,tarde,16.0,2189.0,1,62.48,1.271,5.92,438.2,,0
2669,MQ-0043,Este,XR-350,tarde,15.0,4309.0,0,58.75,1.284,5.45,484.6,,0
1135,MQ-0093,Este,TL-90,mañana,44.0,8628.0,1,66.51,2.354,5.46,507.3,,0
2400,MQ-0045,Sur,XR-350,noche,26.0,4317.0,0,62.32,2.31,7.17,505.5,,0
496,MQ-0052,Sur,TL 120,mañana,53.0,8129.0,1,67.12,1.359,6.27,545.6,,0
2877,MQ-0166,Norte,XR-200,mañana,10.0,1134.0,0,75.08,2.498,6.88,487.1,,0
3152,MQ-0052,Sur,XR-350,tarde,33.0,3075.0,0,65.67,1.33,7.43,,,0
581,MQ-0044,Este,TL 120,mañana,79.0,14332.0,3,71.45,2.355,5.45,796.9,,0
1256,MQ-0098,Sur,XR-200,tarde,40.0,6779.0,2,59.67,2.292,6.32,,3964.08,1
4043,MQ-0004,Sur,XR 350,tarde,26.0,4407.0,1,65.21,0.984,5.61,527.8,,0
2906,MQ-0008,Este,TL-120,mañana,48.0,4869.0,2,81.11,1.336,6.77,631.5,,0
3766,MQ-0114,Norte,XR-200,mañana,105.0,18456.0,3,62.35,1.851,6.75,739.7,,0
232,MQ-0062,Este,XR-350,mañana,27.0,8158.0,0,61.2,1.062,6.59,633.4,,0
3777,MQ-0083,Sur,TL 120,mañana,10.0,4354.0,0,64.43,1.481,6.57,383.0,,0
2653,MQ-0093,Norte,TL-120,tarde,88.0,16871.0,5,64.22,1.919,5.59,735.0,,0
1292,MQ-0141,Norte,XR-200,tarde,55.0,5562.0,3,65.02,1.259,6.83,576.2,,0
285,MQ-0017,Sur,XR-350,mañana,49.0,7425.0,2,51.31,1.982,5.36,358.2,,0
1465,MQ-0023,Norte,xr350,tarde,25.0,4335.0,1,72.77,11.264,-1.0,486.6,12675.09,1
891,MQ-0158,Norte,XR-200,noche,39.0,8103.0,1,66.36,1.737,6.22,,,0
2818,MQ-0161,Sur,XR-200,tarde,30.0,7195.0,0,59.39,2.128,5.83,534.9,,0
2218,MQ-0172,Este,xr350,mañana,15.0,1046.0,0,999.0,1.43,5.55,454.2,,0
4123,MQ-0105,Oeste,XR-350,tarde,33.0,5226.0,1,59.53,0.953,6.7,478.4,,0
1459,MQ-0101,Sur,XR-200,mañana,49.0,8885.0,4,81.93,2.906,7.11,688.6,,0
3469,MQ-0175,Este,XR-350,mañana,30.0,4657.0,0,58.43,1.719,4.95,373.5,,0
280,MQ-0119,Este,XR-200,mañana,45.0,6071.0,2,61.21,1.877,6.21,511.2,,0
2064,MQ-0020,Norte,XR-200,tarde,22.0,3789.0,3,64.42,1.603,6.49,527.3,,0
789,MQ-0053,Este,XR-350,noche,28.0,3852.0,2,63.65,1.82,6.07,498.2,,0
2041,MQ-0067,Oeste,XR-200,mañana,17.0,2692.0,2,87.51,2.854,6.5,,,0
3318,MQ-0162,Norte,XR-350,tarde,21.0,5926.0,3,67.9,1.92,6.35,588.1,,0
3226,MQ-0079,Norte,bm500,tarde,52.0,10163.0,3,71.05,10.678,4.81,675.0,4526.09,1
1345,MQ-0088,Este,XR 350,mañana,31.0,3981.0,2,63.76,3.499,7.18,426.1,,0
1126,MQ-0047,Oeste,XR-200,tarde,105.0,19981.0,9,72.79,1.207,5.0,866.8,,0
1278,MQ-0084,Norte,TL 90,tarde,66.0,12169.0,2,60.72,1.998,5.4,602.9,,0
3344,MQ-0125,Oeste,TL 120,noche,54.0,6390.0,3,72.8,4.133,6.18,580.3,,0
1142,MQ-0022,Oeste,TL-120,tarde,25.0,827.0,1,72.77,7.189,5.82,362.9,6970.52,1
1854,MQ-0132,Norte,XR-350,noche,38.0,7312.0,2,66.41,2.024,7.4,653.7,,0
499,MQ-0048,Oeste,TL-90,mañana,41.0,6496.0,1,64.31,0.714,6.27,,7558.57,1
837,MQ-0013,Norte,TL-90,noche,40.0,6807.0,5,65.25,,6.83,447.1,,0
747,MQ-0100,Oeste,XR-350,tarde,93.0,15008.0,6,,2.675,6.11,889.3,7078.74,1
2553,MQ-0112,Norte,TL-120,tarde,34.0,3500.0,4,77.91,1.561,7.5,557.7,,0
1525,MQ-0045,Sur,TL-90,tarde,25.0,6951.0,0,62.06,2.308,4.84,553.3,5332.88,1
3952,MQ-0109,Sur,XR-350,mañana,95.0,12782.0,4,66.28,1.959,5.93,564.3,,0
2820,MQ-0163,Sur, BM-500 ,mañana,57.0,9599.0,3,57.96,3.629,5.0,,,0
362,MQ-0160,Norte,XR-350,noche,31.0,1587.0,4,82.77,0.998,5.37,458.9,,0
3287,MQ-0160,Este,xr200,mañana,46.0,8037.0,1,78.07,1.855,7.07,525.9,,0
2005,MQ-0158,Oeste,TL 90,noche,61.0,9558.0,0,61.97,,4.46,560.4,,0
2471,MQ-0006,Norte,BM-500,noche,36.0,5862.0,0,84.41,,5.5,707.9,,0
1424,MQ-0154,Norte,BM 500,mañana,10.0,3077.0,0,72.29,1.897,6.59,547.4,,0
3192,MQ-0089,Norte,TL-120,tarde,12.0,1561.0,1,64.27,1.041,6.64,401.9,,0
1764,MQ-0079,Oeste,XR-200,mañana,28.0,1678.0,1,66.45,,5.68,365.9,,0
601,MQ-0050,Norte,xr200,tarde,54.0,9637.0,3,64.19,3.464,5.79,568.0,,0
3621,MQ-0021,Norte,TL-90,tarde,108.0,16498.0,10,999.0,1.955,4.68,847.8,,0
1845,MQ-0001,Norte,TL-120,mañana,21.0,1912.0,1,86.55,8.412,6.73,509.0,3625.41,1
194,MQ-0042,Este, XR-200 ,tarde,31.0,6454.0,2,68.6,2.048,6.26,530.3,,0
3069,MQ-0004,Sur, XR-350 ,noche,35.0,9819.0,2,64.42,2.0,5.99,,,0
269,MQ-0041,Sur,TL-90,mañana,19.0,4127.0,2,85.41,6.325,5.79,504.9,3175.4,1
1059,MQ-0148,Sur,XR-350,mañana,11.0,50.0,2,79.07,1.786,6.13,447.5,,0
1299,MQ-0101,Sur,TL-90,noche,38.0,6477.0,2,70.02,,6.37,521.0,4676.46,1
1167,MQ-0111,Este,XR-350,mañana,21.0,2790.0,1,56.7,,6.91,257.7,,0
3709,MQ-0007,Norte,tl90,tarde,36.0,4941.0,3,86.93,,5.11,563.6,,0
128,MQ-0041,Norte,XR-350,noche,57.0,10306.0,3,61.42,2.916,6.06,699.3,,0
2623,MQ-0072,Este,TL-120,mañana,103.0,16413.0,2,67.08,1.236,7.02,827.9,,0
2335,MQ-0133,Norte,XR-200,mañana,26.0,4678.0,3,,7.983,6.01,644.1,4720.51,1
2322,MQ-0018,Norte,TL-90,mañana,41.0,6812.0,8,78.38,2.816,6.41,688.4,1173.45,1
228,MQ-0162,Sur,tl90,tarde,64.0,13144.0,4,76.43,6.63,6.84,708.6,3138.65,1
1181,MQ-0108,Oeste,XR-200,tarde,15.0,50.0,2,,1.089,5.39,579.2,,0
644,MQ-0150,Norte,XR-350,tarde,52.0,8439.0,3,61.99,3.277,6.04,584.6,,0
4031,MQ-0150,Este,XR-350,tarde,83.0,12721.0,4,,2.36,6.2,886.8,,0
1941,MQ-0159,Norte,XR-200,tarde,29.0,4239.0,3,64.38,1.104,5.05,454.1,,0
3957,MQ-0024,Este,BM-500,noche,8.0,2876.0,1,66.56,,7.18,478.3,,0
2717,MQ-0130,Sur,XR 200,mañana,34.0,4222.0,1,65.44,0.757,5.37,468.7,,0
3504,MQ-0074,Norte,TL-90,noche,19.0,3324.0,0,67.96,,6.38,468.1,,0
3554,MQ-0086,Este,xr350,noche,78.0,12387.0,2,76.91,1.244,7.07,,,0
2958,MQ-0005,Este,XR-200,tarde,19.0,3703.0,1,87.52,1.16,5.91,574.7,,0
179,MQ-0075,Sur,TL-90,tarde,99.0,16080.0,7,82.8,0.982,7.16,943.6,,0
1660,MQ-0143,Sur,XR-200,noche,58.0,11894.0,2,65.13,2.656,-1.0,591.6,,0
1788,MQ-0109,Sur,TL-90,noche,43.0,5421.0,1,80.87,,4.97,602.9,4259.63,1
3307,MQ-0074,Sur,XR-350,noche,62.0,5923.0,1,64.67,,5.85,441.2,,0
2298,MQ-0025,Oeste,xr200,noche,26.0,7030.0,1,63.3,2.513,7.7,601.0,,0
488,MQ-0020,Norte,XR-350,tarde,128.0,27345.0,3,85.64,5.965,6.88,955.6,5095.79,1
1230,MQ-0020,Oeste,XR-350,noche,11.0,50.0,0,88.45,10.087,5.46,469.0,3019.93,1
988,MQ-0078,Este,XR-200,mañana,53.0,10127.0,4,78.21,1.84,6.24,738.4,,0
4224,MQ-0156,Norte,XR-350,tarde,21.0,1350.0,1,68.72,1.396,4.84,396.7,,0
1416,MQ-0159,Sur,BM-500,noche,17.0,2957.0,1,63.04,1.404,6.35,389.9,,0
3862,MQ-0011,Sur,TL-90,tarde,29.0,3223.0,2,,2.766,6.09,666.0,,0
3061,MQ-0072,Sur,XR-200,noche,35.0,3164.0,1,68.15,1.258,5.42,450.2,,0
3327,MQ-0137,Norte,TL-120,mañana,31.0,5361.0,2,84.8,0.924,6.1,688.3,,0
562,MQ-0130,Este,XR-350,mañana,23.0,265920.0,3,90.45,1.015,6.46,764.0,,0
3325,MQ-0108,Norte, BM-500 ,mañana,44.0,7352.0,6,58.79,2.74,6.87,379.2,,0
3542,MQ-0165,Oeste,XR 350,noche,14.0,1486.0,0,68.17,,6.38,390.4,,0
1169,MQ-0156,Sur,XR-200,noche,17.0,2980.0,2,68.11,1.233,6.3,436.3,,0
1597,MQ-0161,Norte,XR-200,tarde,30.0,6003.0,1,83.18,4.995,5.86,790.7,,0
3010,MQ-0160,Sur,XR-350,tarde,16.0,5011.0,0,64.41,1.639,6.37,461.3,,0
80,MQ-0157,Oeste,xr200,tarde,51.0,8623.0,3,82.75,1.37,6.64,724.1,,0
2610,MQ-0004,Sur,TL-90,mañana,-21.0,4487.0,0,80.7,2.187,6.19,645.3,,0
2028,MQ-0114,Oeste,TL-120,tarde,78.0,12644.0,1,63.4,1.737,6.17,624.5,,0
428,MQ-0140,Sur,xr350,mañana,22.0,5733.0,1,68.17,1.664,6.57,591.2,,0
2254,MQ-0150,Norte,BM-500,noche,25.0,1651.0,2,61.57,,6.28,,,0
3228,MQ-0104,Este,BM-500,tarde,48.0,9090.0,6,83.14,2.6,6.24,686.8,,0
4053,MQ-0067,Oeste,xr200,mañana,14.0,1546.0,3,83.3,3.019,6.54,,3137.46,1
848,MQ-0022,Norte,TL-120,mañana,13.0,1597.0,0,60.44,1.315,5.57,345.7,,0
3965,MQ-0009,Norte,XR-350,tarde,16.0,2760.0,0,89.13,9.98,5.87,561.6,2243.84,1
2179,MQ-0146,Norte,XR-350,tarde,49.0,8250.0,2,82.01,1.807,5.82,528.9,,0
1797,MQ-0124,Norte,XR-200,mañana,54.0,10131.0,1,64.52,2.606,6.19,625.5,,0
1228,MQ-0133,Sur,XR-350,tarde,45.0,9090.0,1,84.66,1.28,5.55,722.2,,0
2560,MQ-0054,Oeste,XR-350,mañana,33.0,6406.0,1,87.87,4.416,6.24,717.1,7987.17,1
2372,MQ-0060,Sur,XR-350,tarde,17.0,2708.0,1,53.99,3.386,5.02,353.7,,0
2157,MQ-0042,Sur,XR-350,noche,15.0,2720.0,0,,2.227,6.45,,,0
2780,MQ-0114,Sur,bm500,mañana,62.0,12413.0,1,62.41,3.962,5.95,574.7,,0
1415,MQ-0026,Este,BM-500,mañana,64.0,8555.0,5,63.88,1.293,6.11,536.8,,0
1808,MQ-0122,Oeste,XR-200,mañana,13.0,3463.0,0,83.54,2.53,6.25,556.8,4160.1,1
2109,MQ-0112,Sur,XR-200,tarde,39.0,5280.0,1,78.46,1.054,5.63,,,0
936,MQ-0056,Norte,TL-90,mañana,23.0,6754.0,2,62.25,2.144,5.62,457.0,,0
1700,MQ-0030,Oeste,TL-90,tarde,42.0,7430.0,0,69.23,1.254,5.52,567.7,3250.27,1
980,MQ-0133,Norte,TL-120,mañana,39.0,7291.0,3,63.39,1.731,5.95,460.4,1372.88,1
3446,MQ-0100,Norte,TL-120,noche,64.0,9293.0,2,78.42,1.914,6.27,707.9,,0
158,MQ-0032,Oeste,XR-200,mañana,32.0,5855.0,1,82.29,2.61,6.21,632.1,,0
3482,MQ-0080,Norte,xr200,mañana,22.0,4894.0,0,82.1,3.63,6.54,574.5,,0
2210,MQ-0083,Sur,XR-350,noche,32.0,3684.0,1,83.92,1.707,6.47,516.1,,0
1339,MQ-0116,Oeste,XR 350,mañana,78.0,12289.0,3,66.49,1.6,6.56,659.0,,0
3454,MQ-0043,Sur,TL-90,noche,37.0,6056.0,1,61.33,,5.21,525.7,,0
3130,MQ-0039,Sur,BM-500,noche,20.0,2433.0,3,64.54,1.115,5.84,458.6,,0
4056,MQ-0141,Norte,TL-90,tarde,28.0,5880.0,1,,1.197,6.27,690.5,,0
3205,MQ-0015,Oeste,TL-120,tarde,33.0,4767.0,1,64.41,1.596,6.51,436.0,,0
3807,MQ-0147,Sur,XR-200,tarde,61.0,8499.0,2,83.37,2.065,5.83,755.2,,0
4230,MQ-0041,Sur,TL-90,mañana,54.0,7750.0,4,62.03,2.216,5.48,540.9,,0
181,MQ-0049,Norte,XR-350,noche,42.0,8987.0,2,81.56,1.51,6.25,770.7,,0
1773,MQ-0131,Este,TL-90,noche,51.0,6996.0,0,59.97,,6.22,439.4,,0
1439,MQ-0078,Sur,XR-200,mañana,37.0,4455.0,3,81.96,1.171,5.38,540.5,,0
279,MQ-0011,Sur,BM-500,noche,27.0,6721.0,1,62.86,1.818,5.47,512.7,,0
1326,MQ-0152,Norte,XR-200,mañana,18.0,1669.0,1,82.82,2.473,6.34,563.4,,0
2333,MQ-0180,Sur,XR-200,tarde,43.0,7226.0,2,64.63,,5.45,445.5,,0
1782,MQ-0014,Norte,XR-200,mañana,57.0,8313.0,7,74.45,1.666,5.72,720.8,,0
3770,MQ-0071,Este,xr350,noche,44.0,7519.0,3,86.12,2.859,5.89,,,0
583,MQ-0146,Sur,XR-350,tarde,53.0,9341.0,1,68.23,1.002,6.72,614.1,,0
3747,MQ-0019,Norte,XR-200,noche,15.0,50.0,0,60.49,,6.59,409.4,,0
3928,MQ-0041,Norte,XR-350,mañana,23.0,4583.0,0,64.65,2.519,7.45,469.6,,0
1877,MQ-0162,Norte,XR-350,noche,32.0,3873.0,1,67.7,2.062,5.39,485.3,,0
1771,MQ-0048,Este,XR-350,mañana,28.0,4099.0,4,60.77,2.305,6.2,367.4,,0
58,MQ-0143,Norte, XR-350 ,tarde,32.0,6648.0,0,65.1,1.119,6.09,577.4,,0
2731,MQ-0028,Norte,TL-90,tarde,37.0,6724.0,1,65.58,3.128,6.02,498.5,,0
2722,MQ-0114,Sur,XR-350,mañana,56.0,7320.0,6,66.66,1.522,5.82,655.7,,0
4155,MQ-0070,Sur,TL-120,noche,39.0,2562.0,0,72.3,1.072,6.23,482.8,,0
739,MQ-0084,Norte,XR-350,tarde,10.0,2701.0,0,66.08,0.891,7.17,458.6,,0
3800,MQ-0150,Sur,XR-350,mañana,18.0,3123.0,2,65.11,0.963,6.83,456.2,,0
4169,MQ-0074,Norte,TL-90,noche,25.0,3664.0,1,66.23,,6.14,437.1,,0
1024,MQ-0084,Sur,XR-350,tarde,76.0,13440.0,4,84.2,3.46,7.69,760.6,,0
1359,MQ-0119,Norte,XR-200,mañana,37.0,6310.0,2,78.98,2.475,5.26,543.6,,0
4023,MQ-0045,Norte,tl90,tarde,16.0,1365.0,0,59.61,2.098,5.76,318.3,,0
4101,MQ-0022,Sur,XR-200,mañana,43.0,7754.0,2,63.26,2.334,7.08,560.0,,0
347,MQ-0050,Sur,XR-200,mañana,45.0,8548.0,4,87.85,3.125,6.86,647.1,,0
503,MQ-0049,Norte,TL-90,noche,47.0,7438.0,0,67.42,3.156,5.27,621.1,,0
3993,MQ-0044,Este,TL-120,tarde,36.0,7424.0,4,63.87,1.083,6.61,534.5,,0
834,MQ-0098,Norte,TL-90,mañana,47.0,7748.0,1,64.55,2.353,6.72,560.1,,0
3814,MQ-0036,Norte,BM-500,mañana,31.0,2998.0,2,65.55,3.043,5.92,516.8,,0
2600,MQ-0105,Sur, TL-90 ,mañana,82.0,15438.0,6,,2.142,4.9,936.8,2975.65,1
3488,MQ-0108,Norte,TL-90,tarde,52.0,9210.0,3,71.55,2.028,6.17,,,0
3660,MQ-0078,Este,XR 200,mañana,20.0,4033.0,2,65.2,1.762,5.03,394.8,,0
3255,MQ-0100,Norte,XR 200,mañana,40.0,6990.0,2,83.32,2.657,6.76,500.5,,0
3691,MQ-0132,Norte,XR-200,noche,30.0,4865.0,3,63.42,,6.39,469.4,,0
1003,MQ-0160,Oeste,XR-350,noche,81.0,13398.0,7,60.81,1.671,5.52,612.5,1712.65,1
1009,MQ-0085,Este,tl90,mañana,60.0,11969.0,6,65.65,1.315,6.36,560.9,,0
1733,MQ-0157,Norte,TL-90,mañana,28.0,7240.0,0,63.35,2.094,5.95,605.5,,0
566,MQ-0149,Norte,xr200,tarde,34.0,2455.0,1,84.59,2.259,6.32,,,0
264,MQ-0176,Este,TL 90,tarde,60.0,7994.0,4,82.56,1.044,5.46,,,0
2541,MQ-0054,Este,BM-500,mañana,16.0,5499.0,0,86.99,2.138,6.13,667.4,,0
382,MQ-0131,Norte,TL 90,mañana,21.0,1761.0,0,81.18,1.679,5.52,,,0
2706,MQ-0049,Oeste,XR-200,tarde,49.0,6268.0,1,66.42,2.183,4.96,495.5,,0
3637,MQ-0093,Norte,TL-90,mañana,45.0,7109.0,0,60.17,1.567,5.8,502.9,,0
3091,MQ-0136,Norte,tl120,mañana,55.0,9332.0,6,60.2,3.004,7.7,595.9,,0
1699,MQ-0089,Este,TL-90,noche,39.0,6183.0,1,65.79,1.297,6.25,639.6,,0
1721,MQ-0105,Sur,BM-500,mañana,15.0,1108.0,0,62.67,,6.85,407.5,,0
1990,MQ-0054,Norte,XR 350,noche,50.0,9076.0,2,80.72,0.732,6.04,730.0,,0
3038,MQ-0172,Norte,XR-350,tarde,30.0,3843.0,0,82.05,2.772,6.42,621.4,,0
1584,MQ-0168,Oeste,XR-200,noche,22.0,4379.0,2,86.17,,7.67,658.4,3506.0,1
1138,MQ-0117,Este,XR-200,mañana,28.0,3834.0,0,87.24,3.24,6.22,630.9,,0
2869,MQ-0014,Norte,BM-500,mañana,29.0,6230.0,3,63.81,1.285,5.58,471.5,,0
2306,MQ-0093,Sur,XR-200,mañana,24.0,3801.0,1,68.48,1.553,6.45,508.6,,0
33,MQ-0032,Sur,XR-200,mañana,59.0,11186.0,7,80.26,2.38,6.3,698.7,,0
2087,MQ-0153,Oeste,XR-350,mañana,33.0,5661.0,1,78.48,1.19,6.17,646.6,,0
2161,MQ-0119,Norte,xr350,noche,18.0,2385.0,0,65.91,,7.05,,,0
2148,MQ-0110,Norte,BM-500,mañana,16.0,2915.0,1,85.15,2.087,6.51,594.6,,0
241,MQ-0108,Este,XR-200,mañana,44.0,7358.0,1,83.6,2.386,5.54,704.8,,0
1528,MQ-0102,Oeste,TL-90,mañana,14.0,5716.0,0,65.56,1.639,5.4,508.6,,0
2463,MQ-0114,Norte,TL-120,mañana,37.0,3427.0,2,72.72,2.312,5.59,,,0
1813,MQ-0044,Oeste,TL-90,tarde,33.0,2330.0,1,66.94,4.429,6.33,447.1,,0
3920,MQ-0045,Norte,TL-90,mañana,17.0,3047.0,0,66.54,2.797,5.75,391.6,,0
394,MQ-0148,Este,TL-120,mañana,70.0,12102.0,4,70.98,1.918,5.38,,,0
3799,MQ-0110,Sur,XR 200,noche,26.0,4826.0,2,65.19,1.104,5.76,514.8,,0
1325,MQ-0002,Norte,XR-350,mañana,18.0,4239.0,2,60.55,1.288,6.59,473.6,,0
281,MQ-0081,Este,XR 350,mañana,32.0,5840.0,1,83.24,2.997,4.73,651.9,,0
218,MQ-0135,Sur,TL 90,noche,34.0,6255.0,1,63.01,1.393,6.67,486.0,,0
3850,MQ-0027,Este,XR 200,mañana,35.0,5706.0,3,,2.081,6.09,685.4,,0
984,MQ-0086,Oeste,TL-90,tarde,29.0,3042.0,4,62.68,1.586,6.05,442.3,,0
2217,MQ-0065,Oeste,BM 500,noche,36.0,4732.0,1,87.08,1.088,6.16,,,0
3074,MQ-0158,Norte,XR 200,mañana,40.0,9343.0,3,77.76,1.352,6.23,660.8,,0
554,MQ-0080,Sur,TL 120,mañana,39.0,4353.0,3,65.67,1.475,6.14,,,0
3222,MQ-0062,Norte,BM-500,tarde,95.0,14636.0,3,62.52,1.556,6.15,674.5,,0
2858,MQ-0029,Norte,XR-200,mañana,49.0,8628.0,3,62.83,2.343,5.51,523.6,,0
1397,MQ-0152,Sur,TL-120,mañana,133.0,16866.0,3,80.68,3.214,6.68,772.4,,0
1583,MQ-0120,Norte,XR-350,mañana,44.0,5472.0,2,57.63,1.975,6.25,463.2,,0
3623,MQ-0118,Sur,XR-350,noche,52.0,9798.0,0,83.12,,5.6,763.3,,0
2060,MQ-0006,Norte,XR-200,noche,50.0,8839.0,2,78.86,1.67,6.74,614.3,,0
1253,MQ-0010,Sur,TL-120,tarde,21.0,2186.0,2,85.7,1.512,6.18,635.8,,0
3762,MQ-0123,Norte,XR-350,noche,42.0,8839.0,4,81.78,,6.36,606.6,,0
740,MQ-0002,Oeste,XR-200,noche,30.0,7888.0,1,82.84,3.04,7.5,,,0
2968,MQ-0021,Oeste,tl120,mañana,44.0,6948.0,1,67.14,3.283,5.5,456.6,,0
1380,MQ-0086,Sur,XR-200,mañana,34.0,9661.0,2,63.77,1.032,6.6,654.1,,0
1335,MQ-0122,Norte,XR-200,mañana,56.0,12243.0,2,78.45,2.56,6.2,,,0
667,MQ-0158,Norte,XR-350,tarde,27.0,3722.0,1,65.09,1.747,6.54,474.2,,0
4193,MQ-0093,Oeste,XR 350,mañana,18.0,2182.0,0,61.21,1.837,6.09,374.1,,0
632,MQ-0077,Este,TL-90,noche,23.0,50.0,2,79.53,3.288,5.13,437.3,3565.49,1
1261,MQ-0178,Sur,XR-200,mañana,51.0,8740.0,2,68.43,2.786,7.3,496.3,,0
1236,MQ-0108,Norte, XR-350 ,mañana,17.0,2174.0,0,66.54,2.094,7.51,514.0,,0
13,MQ-0015,Oeste,BM-500,tarde,21.0,4020.0,2,75.25,1.358,5.76,544.5,,0
486,MQ-0020,Norte,tl120,tarde,24.0,4554.0,3,66.48,1.316,6.35,417.4,,0
1937,MQ-0067,Este,XR-350,mañana,85.0,17525.0,7,65.33,1.68,5.35,768.5,,0
2521,MQ-0023,Norte,XR-350,noche,30.0,3612.0,0,78.19,1.177,6.15,501.4,,0
1197,MQ-0100,Sur,XR 200,tarde,29.0,4977.0,0,83.57,3.242,5.56,561.1,,0
1272,MQ-0052,Norte,XR 200,mañana,49.0,8309.0,3,80.73,1.063,6.65,601.7,,0
3929,MQ-0168,Norte,TL-120,mañana,72.0,9924.0,1,58.26,1.943,4.87,583.4,,0
1716,MQ-0078,Sur,XR-200,tarde,44.0,3672.0,4,76.2,1.258,5.76,,,0
1168,MQ-0108,Este,TL 120,tarde,4.0,482.0,1,61.45,1.748,6.01,382.6,,0
2894,MQ-0081,Este,XR-350,mañana,71.0,12814.0,6,,1.634,6.33,598.3,,0
3100,MQ-0019,Norte,XR-200,mañana,13.0,2582.0,1,81.44,0.944,5.87,644.0,,0
4211,MQ-0100,Sur,TL-90,mañana,4.0,1611.0,0,62.28,2.64,6.36,414.3,2255.3,1
1934,MQ-0027,Sur,XR-350,mañana,23.0,3097.0,0,67.37,1.878,5.33,565.1,,0
2643,MQ-0015,Este,XR-350,tarde,19.0,2215.0,1,70.74,2.352,6.11,421.5,,0
2290,MQ-0020,Este,XR-200,noche,48.0,7500.0,1,,,5.45,753.4,,0
3126,MQ-0080,Este,TL-120,noche,38.0,8889.0,1,60.52,,6.88,541.7,,0
159,MQ-0010,Oeste,XR 350,tarde,40.0,8866.0,1,81.56,1.488,5.55,732.7,,0
3423,MQ-0074,Sur,XR-350,noche,17.0,4746.0,3,85.66,,6.33,576.3,,0
1348,MQ-0149,Norte,TL-90,tarde,39.0,7453.0,1,85.17,2.24,6.21,,,0
1497,MQ-0074,Sur,XR-200,mañana,36.0,5376.0,1,,3.227,5.52,551.7,2701.96,1
4007,MQ-0057,Norte,XR-200,tarde,29.0,5237.0,1,64.14,1.708,5.23,417.0,,0
1979,MQ-0157,Oeste,XR-200,mañana,62.0,8416.0,2,62.11,2.038,6.28,634.3,,0
1124,MQ-0026,Norte,XR-350,mañana,42.0,6652.0,2,86.06,4.589,5.92,654.5,4270.45,1
3693,MQ-0159,Norte,TL-120,mañana,20.0,2893.0,1,61.7,1.502,5.24,392.4,,0
227,MQ-0166,Norte,BM 500,mañana,27.0,4813.0,0,62.15,3.832,6.63,423.8,,0
4078,MQ-0157,Este,XR-350,tarde,22.0,3999.0,2,63.73,1.153,7.51,465.6,,0
2411,MQ-0109,Sur,TL-120,noche,41.0,6478.0,1,70.34,3.83,-1.0,,,0
2764,MQ-0179,Norte, XR-200 ,mañana,14.0,3087.0,0,60.9,1.402,5.68,419.1,,0
2714,MQ-0081,Norte,XR-350,tarde,38.0,6098.0,2,67.17,2.356,5.04,509.1,,0
2029,MQ-0173,Sur,TL-120,noche,26.0,6968.0,1,80.15,1.205,5.33,652.8,,0
1496,MQ-0042,Este,TL-90,noche,44.0,5294.0,0,64.91,3.334,6.39,555.3,,0
3317,MQ-0156,Oeste,TL-90,noche,77.0,8913.0,1,79.6,,6.68,,,0
1579,MQ-0139,Sur,XR-200,tarde,39.0,8207.0,2,86.32,0.983,5.86,648.4,,0
2654,MQ-0121,Sur,TL 90,tarde,95.0,16532.0,4,84.79,1.511,5.97,881.8,,0
1458,MQ-0111,Oeste,TL-90,mañana,35.0,6935.0,1,85.05,1.522,7.48,686.2,,0
3720,MQ-0166,Este,BM-500,noche,18.0,949.0,1,65.36,,5.43,379.3,,0
4030,MQ-0017,Norte,TL-90,mañana,16.0,3096.0,1,65.1,2.935,6.44,441.9,,0
2374,MQ-0175,Norte,XR-350,noche,34.0,7969.0,1,85.21,1.672,6.16,616.9,,0
708,MQ-0156,Oeste,xr350,mañana,27.0,3000.0,1,999.0,1.16,5.83,627.3,,0
3682,MQ-0091,Sur,BM-500,noche,74.0,10546.0,2,80.97,1.395,6.59,649.0,,0
2672,MQ-0038,Este,xr200,mañana,14.0,4256.0,2,64.33,5.881,5.06,440.7,,0
3231,MQ-0039,Sur,XR-200,mañana,55.0,8495.0,0,65.34,1.247,6.09,630.9,,0
2857,MQ-0138,Norte,xr200,mañana,74.0,12599.0,4,86.43,1.158,7.29,785.9,,0
3867,MQ-0018,Norte,XR-200,tarde,49.0,7420.0,0,66.19,1.191,5.9,496.2,,0
4227,MQ-0041,Oeste,TL-120,tarde,133.0,22871.0,7,69.76,1.839,7.17,848.9,,0
3665,MQ-0118,Oeste,tl90,tarde,28.0,3999.0,0,66.03,2.144,6.19,528.1,,0
2219,MQ-0052,Oeste,BM-500,mañana,33.0,2892.0,2,83.18,1.263,7.3,481.0,,0
327,MQ-0106,Norte,BM-500,noche,37.0,6756.0,0,76.97,1.824,6.44,557.3,,0
2608,MQ-0116,Sur,XR-350,noche,67.0,9870.0,2,63.58,1.769,6.97,534.1,,0
477,MQ-0056,Sur,XR-200,tarde,29.0,9225.0,0,81.47,1.616,5.85,694.7,,0
3385,MQ-0155,Oeste,TL 120,noche,37.0,9014.0,1,58.88,1.583,6.4,620.7,,0
2032,MQ-0140,Norte,XR-200,noche,18.0,1471.0,1,84.65,2.569,6.31,588.3,,0
2036,MQ-0048,Sur,XR-350,tarde,68.0,496200.0,3,63.52,3.257,6.27,620.3,,0
3422,MQ-0075,Sur,XR-200,tarde,78.0,12989.0,5,69.51,2.013,5.15,741.6,,0
2510,MQ-0155,Este,XR-200,tarde,90.0,14934.0,3,80.89,1.371,5.79,698.7,,0
2194,MQ-0065,Oeste,tl120,mañana,46.0,5320.0,2,80.49,1.352,5.91,539.5,,0
1768,MQ-0014,Este,TL-120,tarde,19.0,633.0,1,65.83,3.695,6.72,402.5,,0
2728,MQ-0168,Sur,BM-500,noche,56.0,6522.0,2,,5.809,5.31,716.7,4230.11,1
524,MQ-0026,Sur,XR-350,mañana,42.0,7371.0,1,66.94,1.844,5.1,586.4,,0
1277,MQ-0098,Oeste,tl90,tarde,51.0,8117.0,0,74.03,3.19,-1.0,605.3,3250.89,1
204,MQ-0041,Norte,XR-200,noche,37.0,6309.0,0,64.58,1.317,5.96,597.6,,0
3566,MQ-0012,Norte,BM-500,noche,59.0,12422.0,4,65.82,2.54,5.15,699.7,,0
3909,MQ-0061,Oeste,XR-350,mañana,87.0,13993.0,5,81.96,2.4,6.29,810.0,,0
2516,MQ-0056,Oeste,TL-90,noche,87.0,15968.0,8,67.58,1.502,6.41,686.9,,0
1309,MQ-0164,Norte, XR-200 ,tarde,99.0,15083.0,4,65.16,0.961,6.51,721.4,,0
4195,MQ-0092,Este,TL-120,tarde,44.0,4826.0,1,81.81,0.964,6.36,591.1,,0
1280,MQ-0110,Este,TL-90,noche,12.0,1186.0,0,64.28,1.82,7.38,380.5,,0
253,MQ-0139,Este,TL-90,tarde,98.0,15208.0,2,59.72,1.298,6.4,606.8,,0
101,MQ-0019,Sur,XR 200,mañana,60.0,6186.0,2,74.39,1.506,5.73,650.9,,0
3031,MQ-0134,Norte,TL-120,tarde,36.0,2579.0,0,86.6,2.104,6.79,490.9,,0
821,MQ-0078,Sur,XR-200,noche,69.0,11345.0,3,81.99,,5.41,746.2,,0
752,MQ-0031,Este,bm500,tarde,32.0,8178.0,1,62.62,3.031,6.91,532.4,,0
3071,MQ-0020,Norte,TL-90,tarde,10.0,50.0,1,78.06,2.69,6.84,488.9,2686.9,1
489,MQ-0077,Sur,XR-200,tarde,8.0,1653.0,1,84.65,2.536,6.49,610.8,,0
1484,MQ-0049,Sur,XR-350,tarde,32.0,4674.0,0,76.83,3.049,5.95,658.3,3575.35,1
3677,MQ-0117,Sur,XR-350,noche,76.0,10689.0,4,56.24,0.948,6.34,554.4,,0
3243,MQ-0061,Norte,XR-350,mañana,38.0,7329.0,4,80.33,2.298,6.72,,,0
1377,MQ-0180,Norte,XR 200,noche,49.0,8064.0,2,63.42,1.099,6.61,527.2,,0
677,MQ-0007,Este,xr200,noche,12.0,4869.0,0,84.74,,4.97,644.4,,0
1314,MQ-0157,Sur,BM 500,mañana,16.0,4560.0,1,999.0,2.174,5.46,602.8,,0
2916,MQ-0165,Sur,tl90,tarde,24.0,2643.0,1,64.0,2.011,7.02,331.6,,0
3118,MQ-0076,Sur,xr200,tarde,42.0,9537.0,1,80.01,1.494,5.28,774.1,,0
1821,MQ-0084,Oeste,TL-90,tarde,22.0,4781.0,0,83.55,1.115,6.93,627.0,,0
1356,MQ-0026,Este,XR-200,mañana,35.0,7016.0,4,81.6,1.218,5.83,637.6,,0
2295,MQ-0112,Este,XR-200,noche,41.0,6278.0,1,67.27,3.046,7.26,367.4,,0
2802,MQ-0042,Norte, TL-90 ,noche,39.0,5913.0,2,64.16,1.009,6.01,489.0,,0
1365,MQ-0116,Oeste,xr200,tarde,26.0,3897.0,3,83.29,2.276,6.38,539.1,,0
1687,MQ-0128,Sur,TL-90,mañana,58.0,8705.0,2,83.85,1.227,6.26,,,0
3035,MQ-0075,Oeste,TL-120,mañana,50.0,6439.0,1,82.37,1.581,6.81,690.9,,0
2328,MQ-0081,Este,XR-200,mañana,21.0,5087.0,0,81.4,2.022,6.05,564.1,,0
979,MQ-0174,Oeste,TL-90,noche,32.0,2994.0,0,62.4,1.523,7.61,387.1,,0
225,MQ-0168,Sur,xr350,mañana,11.0,3669.0,0,80.53,1.903,6.08,581.6,,0
3162,MQ-0084,Sur,XR 200,mañana,75.0,14300.0,2,85.48,0.745,4.97,874.4,,0
775,MQ-0166,Oeste,BM-500,mañana,44.0,6309.0,0,60.59,1.983,6.81,480.7,,0
3937,MQ-0146,Sur,TL-120,mañana,11.0,920.0,0,63.32,2.831,-1.0,342.6,,0
3308,MQ-0120,Oeste,xr350,tarde,27.0,3682.0,1,65.39,1.888,6.98,,,0
2273,MQ-0134,Norte,xr200,mañana,19.0,50.0,1,61.69,4.733,5.56,264.4,,0
173,MQ-0126,Sur,XR-200,noche,22.0,1864.0,0,58.4,,6.17,355.4,,0
4109,MQ-0087,Norte,TL-120,noche,66.0,9450.0,1,68.63,4.867,6.06,,,0
3793,MQ-0137,Oeste,TL-120,tarde,65.0,12829.0,1,64.79,3.865,5.78,746.8,,0
111,MQ-0056,Norte,TL 90,mañana,29.0,4801.0,1,83.64,2.694,6.16,609.5,3463.62,1
3342,MQ-0041,Sur,XR-350,mañana,19.0,4493.0,0,65.74,,6.69,533.3,,0
337,MQ-0135,Sur,xr200,tarde,29.0,5648.0,2,63.76,1.933,6.28,540.7,,0
4082,MQ-0003,Sur,TL-120,mañana,13.0,2498.0,1,68.92,1.836,6.23,475.7,,0
3855,MQ-0046,Sur,XR-350,tarde,55.0,10710.0,2,67.32,1.934,5.84,652.6,,0
1391,MQ-0091,Norte,XR-200,tarde,28.0,429.0,1,63.85,2.512,5.42,285.1,,0
1871,MQ-0035,Norte,xr200,mañana,19.0,4272.0,1,64.96,1.923,5.15,434.5,,0
2360,MQ-0167,Norte,XR-350,tarde,73.0,14625.0,0,68.18,0.998,6.87,,,0
1154,MQ-0028,Sur,XR-200,noche,39.0,5050.0,2,58.88,1.511,6.4,448.0,,0
1852,MQ-0007,Norte,XR-200,mañana,15.0,4471.0,0,70.71,2.901,5.86,534.5,,0
1947,MQ-0168,Oeste,XR-200,tarde,15.0,2660.0,1,66.86,2.563,6.76,396.5,,0
25,MQ-0136,Oeste,XR-200,noche,38.0,6432.0,2,60.39,,5.56,488.3,,0
3973,MQ-0131,Norte,BM-500,noche,35.0,5180.0,1,87.35,,6.84,668.5,,0
1382,MQ-0058,Sur,tl90,tarde,28.0,7015.0,1,81.95,1.692,6.52,619.9,,0
3335,MQ-0046,Norte,TL-90,mañana,107.0,17195.0,3,66.47,2.504,4.76,734.1,,0
2596,MQ-0170,Sur,XR-200,tarde,15.0,50.0,0,82.3,1.343,5.9,502.4,,0
2318,MQ-0071,Norte,XR-350,mañana,38.0,7148.0,4,59.86,3.385,4.59,450.6,2607.18,1
1040,MQ-0179,Este,xr200,mañana,22.0,9532.0,0,82.0,3.474,5.79,740.5,,0
4021,MQ-0145,Norte,XR-350,mañana,16.0,3065.0,1,78.18,2.328,5.88,541.6,,0
3468,MQ-0049,Sur,XR-350,mañana,6.0,50.0,0,67.43,1.5,6.23,419.9,,0
825,MQ-0066,Norte,XR-200,mañana,29.0,6585.0,1,67.89,1.29,6.01,460.5,,0
387,MQ-0102,Sur,XR-350,mañana,42.0,6874.0,2,85.41,1.872,6.26,710.3,,0
2404,MQ-0157,Sur,TL-90,noche,49.0,11522.0,3,,,5.55,618.5,,0
9,MQ-0006,Sur,TL-90,mañana,25.0,2323.0,3,68.54,2.081,6.15,582.8,,0
2803,MQ-0033,Sur,BM-500,tarde,16.0,3969.0,1,60.47,2.345,7.14,504.5,,0
722,MQ-0160,Norte,xr350,mañana,28.0,4301.0,2,85.57,2.884,5.32,585.9,,0
1524,MQ-0055,Norte,XR-200,tarde,22.0,2200.0,1,66.13,1.013,5.64,426.7,,0
469,MQ-0169,Sur,XR-200,tarde,39.0,7444.0,1,72.58,1.761,6.5,661.0,,0
2367,MQ-0058,Sur,tl120,mañana,55.0,6711.0,0,68.66,4.626,6.38,543.0,,0
537,MQ-0003,Sur,XR-350,noche,41.0,6707.0,2,83.76,2.317,5.73,686.3,,0
1264,MQ-0086,Este,xr200,noche,13.0,2175.0,2,62.69,,6.35,368.7,,0
342,MQ-0143,Oeste,XR-200,tarde,39.0,8200.0,2,64.07,2.537,6.92,486.2,,0
1548,MQ-0055,Oeste,TL-120,tarde,62.0,12654.0,5,60.15,2.29,7.26,526.1,,0
2758,MQ-0005,Sur,tl90,mañana,36.0,5725.0,3,59.73,2.069,6.66,409.0,,0
3640,MQ-0032,Norte,TL-120,mañana,22.0,4363.0,0,82.44,1.877,6.57,572.2,,0
2388,MQ-0109,Este,TL-120,tarde,26.0,3551.0,2,64.11,2.221,7.83,413.8,,0
1598,MQ-0019,Sur,tl120,mañana,19.0,897.0,0,63.72,1.255,6.5,444.1,,0
443,MQ-0164,Norte,TL-120,mañana,41.0,6602.0,3,82.54,2.215,5.9,648.7,,0
55,MQ-0168,Este,TL-90,mañana,34.0,6713.0,2,61.32,0.815,4.64,538.7,,0
1732,MQ-0173,Norte,BM-500,tarde,31.0,5405.0,0,66.11,2.069,5.44,573.5,,0
1444,MQ-0179,Sur,BM-500,mañana,31.0,4941.0,2,54.78,1.682,6.39,463.2,,0
4191,MQ-0058,Este,XR-200,tarde,32.0,9130.0,1,56.63,1.183,6.45,443.4,,0
3926,MQ-0082,Oeste,XR-200,mañana,42.0,2434.0,0,61.34,1.719,7.13,398.7,,0
786,MQ-0060,Norte,XR-200,mañana,32.0,2834.0,2,64.16,2.712,7.23,430.1,,0
1084,MQ-0171,Norte,bm500,noche,37.0,5235.0,3,65.9,1.602,6.96,498.1,,0
2642,MQ-0112,Este,XR-200,tarde,57.0,12722.0,1,80.59,1.726,6.15,717.8,,0
718,MQ-0069,Este,XR-350,tarde,47.0,3579.0,1,61.91,4.565,5.96,470.6,,0
1259,MQ-0036,Norte,XR-200,noche,16.0,677.0,0,71.22,1.949,6.57,448.8,,0
2139,MQ-0105,Sur,TL-90,mañana,27.0,5018.0,1,63.58,1.428,7.84,476.8,,0
1750,MQ-0032,Norte,TL-90,mañana,14.0,1821.0,0,86.49,1.737,6.83,546.3,,0
1585,MQ-0029,Norte,XR-200,noche,30.0,2164.0,0,62.3,,4.86,477.0,,0
2253,MQ-0062,Norte,TL-90,mañana,41.0,8342.0,2,60.65,1.487,7.53,528.8,,0
3555,MQ-0008,Sur,xr200,tarde,51.0,7478.0,3,64.4,1.26,5.75,552.2,,0
2530,MQ-0055,Norte,bm500,tarde,34.0,6869.0,3,62.25,3.21,6.24,477.1,,0
3577,MQ-0037,Sur,xr350,tarde,18.0,5114.0,1,81.63,2.225,4.71,744.4,,0
3622,MQ-0044,Este,XR-350,tarde,26.0,3805.0,2,59.0,1.351,5.69,413.1,,0
3825,MQ-0064,Norte,tl90,noche,62.0,10076.0,2,66.94,2.872,6.22,704.1,,0
921,MQ-0164,Norte,tl120,tarde,39.0,6454.0,3,66.46,1.218,7.56,548.7,,0
2502,MQ-0155,Oeste,XR-200,mañana,51.0,5659.0,2,64.42,2.865,6.59,457.2,,0
3969,MQ-0145,Norte,XR-200,mañana,15.0,2715.0,1,63.58,1.839,5.38,,3031.7,1
735,MQ-0053,Norte,XR-200,mañana,40.0,8841.0,1,59.16,0.898,6.4,559.0,,0
849,MQ-0149,Este,TL-120,tarde,62.0,7405.0,2,64.43,2.408,4.91,474.4,4251.71,1
1943,MQ-0081,Sur,XR-200,noche,29.0,3406.0,4,60.91,1.764,6.55,466.3,,0
993,MQ-0158,Norte,XR-200,noche,46.0,5858.0,1,83.25,2.932,6.73,666.5,,0
1284,MQ-0082,Sur,XR-200,mañana,36.0,11268.0,0,,1.693,5.75,466.3,,0
3378,MQ-0026,Sur,XR-200,noche,12.0,50.0,2,59.52,1.846,6.22,359.5,,0
3519,MQ-0026,Norte,XR 200,tarde,34.0,4608.0,0,63.86,,5.32,453.9,,0
3334,MQ-0111,Sur,TL-90,mañana,24.0,3725.0,1,81.26,2.075,5.32,566.5,,0
3096,MQ-0020,Sur,xr200,noche,30.0,4664.0,0,59.61,3.331,6.66,419.5,,0
142,MQ-0072,Norte,XR 350,noche,42.0,6314.0,0,71.14,,6.74,530.0,,0
1611,MQ-0117,Este,XR-200,tarde,17.0,2375.0,1,56.74,2.389,6.16,317.1,,0
613,MQ-0060,Norte,XR-350,tarde,35.0,6908.0,1,61.09,2.231,5.88,421.0,,0
1876,MQ-0026,Este,XR-200,noche,61.0,9706.0,2,59.39,,5.17,556.2,,0
4003,MQ-0003,Norte,XR-200,mañana,34.0,8037.0,2,,1.036,5.78,781.6,,0
2020,MQ-0061,Norte,TL 120,noche,74.0,13740.0,1,83.31,,6.95,781.3,,0
1252,MQ-0048,Este,tl120,noche,17.0,4613.0,0,87.84,2.169,5.89,583.4,,0
569,MQ-0091,Este,BM-500,tarde,9.0,1761.0,0,83.72,2.105,6.51,475.9,,0
3252,MQ-0003,Norte,XR-350,mañana,46.0,8055.0,1,59.56,0.962,6.46,496.3,,0
863,MQ-0082,Norte,TL-120,mañana,26.0,4017.0,1,84.76,1.447,6.82,608.6,,0
1512,MQ-0149,Norte,xr200,tarde,18.0,3163.0,0,66.08,3.469,6.78,410.3,,0
3199,MQ-0065,Este,XR-200,mañana,42.0,4939.0,0,80.29,1.509,6.72,584.7,,0
2740,MQ-0070,Norte,bm500,noche,45.0,7600.0,1,83.59,1.508,6.02,590.1,,0
3259,MQ-0159,Norte,XR-200,mañana,74.0,13369.0,2,78.29,2.109,5.75,831.0,,0
2143,MQ-0178,Sur,XR-350,noche,10.0,312.0,1,67.3,8.824,6.57,272.1,2119.63,1
1562,MQ-0008,Sur,XR 350,mañana,17.0,2535.0,1,69.61,2.12,5.26,413.8,,0
1532,MQ-0042,Norte,TL-90,tarde,39.0,5997.0,1,72.03,,5.98,513.3,,0
2014,MQ-0085,Norte,BM-500,tarde,18.0,50.0,1,,7.814,4.78,546.7,2585.23,1
2475,MQ-0075,Este,TL-120,tarde,51.0,11341.0,0,63.03,2.323,7.27,607.6,5083.52,1
1198,MQ-0048,Este,XR-350,tarde,42.0,6338.0,2,65.05,1.273,7.13,525.0,,0
3203,MQ-0058,Este,TL-90,noche,32.0,6221.0,1,68.74,1.235,5.91,548.9,,0
2925,MQ-0144,Norte,XR-350,noche,14.0,6314.0,1,61.85,2.236,5.82,528.6,,0
846,MQ-0006,Este,XR-350,mañana,44.0,8183.0,2,84.17,1.802,6.16,686.0,1147.86,1
603,MQ-0141,Norte,TL-90,tarde,39.0,4974.0,3,75.99,0.862,5.24,564.5,,0
3206,MQ-0134,Norte,bm500,tarde,73.0,15246.0,2,65.05,2.067,5.76,720.2,,0
2586,MQ-0058,Este,BM-500,tarde,38.0,4204.0,0,72.36,2.76,5.37,501.8,,0
1435,MQ-0172,Norte,TL-90,mañana,38.0,7709.0,0,62.3,2.337,5.68,,,0
2558,MQ-0134,Este,BM-500,mañana,25.0,5541.0,3,83.13,,5.67,649.5,,0
3816,MQ-0090,Este,XR-200,noche,28.0,6773.0,2,65.63,2.196,7.22,508.5,,0
1445,MQ-0143,Este,XR-350,noche,60.0,10586.0,3,90.69,9.552,6.41,741.1,2634.82,1
3191,MQ-0026,Este,XR-200,mañana,60.0,7493.0,4,64.31,1.804,5.62,455.5,,0
3901,MQ-0102,Norte,XR-350,tarde,20.0,2655.0,2,85.89,1.564,6.88,563.4,,0
424,MQ-0019,Sur, XR-200 ,mañana,42.0,7416.0,2,81.56,2.705,6.22,736.3,,0
3684,MQ-0074,Este,TL-120,mañana,32.0,3498.0,1,61.91,1.511,6.26,441.6,,0
1303,MQ-0006,Este,XR-350,mañana,34.0,5374.0,2,65.32,4.205,6.34,591.3,,0
829,MQ-0056,Norte,XR-350,noche,12.0,5899.0,0,74.91,3.258,6.2,537.1,,0
152,MQ-0054,Este,BM-500,noche,19.0,5913.0,1,63.13,,5.94,508.3,,0
3658,MQ-0050,Sur,TL 120,noche,55.0,7335.0,3,64.92,9.532,6.37,531.3,1518.57,1
1354,MQ-0063,Norte,XR-200,mañana,15.0,3194.0,0,86.29,,4.82,,,0
37,MQ-0017,Sur,TL 90,noche,101.0,17606.0,4,84.7,,6.27,875.9,,0
2977,MQ-0135,Sur,XR-200,noche,30.0,8426.0,1,72.48,,6.54,698.8,,0
2595,MQ-0164,Este,XR 350,tarde,66.0,12161.0,2,65.21,,5.69,638.0,1505.24,1
398,MQ-0173,Sur,TL-90,tarde,72.0,12950.0,7,66.48,3.034,6.59,599.3,682.14,1
1006,MQ-0007,Este,xr350,noche,39.0,7321.0,2,66.27,3.039,5.94,533.5,,0
167,MQ-0111,Norte,XR-200,noche,20.0,4967.0,1,62.15,2.352,5.47,,,0
930,MQ-0106,Oeste,xr200,noche,-11.0,5643.0,2,63.57,,6.56,427.1,1002.47,1
1226,MQ-0125,Oeste,bm500,tarde,18.0,2640.0,1,63.1,0.825,6.32,403.1,,0
1697,MQ-0054,Norte,TL-120,mañana,60.0,9371.0,0,64.05,1.038,5.56,593.3,,0
589,MQ-0117,Norte,TL-90,noche,11.0,1495.0,0,66.37,2.432,6.52,451.2,,0
143,MQ-0053,Oeste,XR-200,tarde,25.0,1804.0,3,85.58,1.507,6.95,526.9,,0
1241,MQ-0031,Norte,TL-90,noche,68.0,12474.0,4,71.1,1.25,5.94,671.6,,0
3316,MQ-0042,Norte,XR-350,mañana,20.0,4564.0,1,60.23,1.761,7.07,422.2,,0
3301,MQ-0046,Este,XR-200,mañana,121.0,23041.0,4,80.69,1.966,7.56,951.7,,0
452,MQ-0134,Este,TL-90,tarde,59.0,8548.0,5,999.0,1.862,6.38,513.1,,0
3989,MQ-0110,Este,TL-120,noche,39.0,3758.0,5,999.0,1.832,7.2,708.3,,0
3723,MQ-0030,Norte,XR-350,mañana,48.0,6878.0,0,76.04,2.604,5.42,631.6,,0
2437,MQ-0101,Sur,XR-350,tarde,27.0,4348.0,1,69.24,10.306,8.44,322.3,5948.53,1
2812,MQ-0015,Norte,tl90,noche,123.0,20617.0,8,64.79,2.288,7.16,793.9,,0
238,MQ-0137,Norte,XR-200,noche,20.0,3523.0,0,63.81,2.47,6.27,490.3,,0
3289,MQ-0083,Sur,XR-200,tarde,16.0,1078.0,0,63.93,2.171,6.2,405.8,,0
3087,MQ-0077,Oeste,tl120,mañana,22.0,2418.0,0,63.88,2.032,6.24,368.3,,0
3000,MQ-0028,Norte,TL-90,noche,38.0,4956.0,3,61.65,2.356,5.1,576.1,,0
1022,MQ-0134,Norte,XR-200,mañana,17.0,5261.0,0,85.4,2.163,6.12,598.0,,0
3006,MQ-0024,Norte,XR-200,tarde,61.0,10006.0,2,65.23,0.929,6.44,661.2,,0
3155,MQ-0178,Sur,XR-200,tarde,15.0,5239.0,1,64.3,2.023,6.46,465.5,,0
2867,MQ-0044,Oeste,XR-350,mañana,52.0,10250.0,2,67.27,1.183,5.77,574.0,,0
4034,MQ-0018,Norte,TL-90,mañana,56.0,9556.0,3,83.09,4.99,6.34,663.9,,0
1375,MQ-0076,Sur,XR-350,tarde,37.0,6613.0,3,62.95,0.898,7.53,463.8,,0
3352,MQ-0019,Norte,TL-120,tarde,14.0,3371.0,1,64.93,,7.23,457.9,,0
2992,MQ-0110,Norte,BM 500,tarde,6.0,50.0,0,69.26,0.801,5.44,364.1,,0
1635,MQ-0043,Norte,XR-200,tarde,24.0,4035.0,0,61.59,1.709,5.69,396.6,3261.96,1
1684,MQ-0053,Oeste,XR-200,tarde,41.0,8591.0,2,67.71,1.05,6.58,551.7,,0
3367,MQ-0095,Este,XR-200,tarde,50.0,7131.0,3,79.28,1.168,5.75,757.0,,0
3697,MQ-0170,Sur,BM-500,mañana,37.0,5756.0,2,84.45,2.582,5.39,571.7,,0
804,MQ-0117,Norte,XR-200,mañana,74.0,12842.0,5,63.08,2.449,5.84,692.1,,0
3817,MQ-0042,Norte,BM-500,tarde,38.0,4551.0,2,81.81,2.127,4.5,,,0
3783,MQ-0052,Este,XR-200,tarde,29.0,3649.0,4,84.75,2.778,6.21,561.8,,0
1227,MQ-0026,Norte,TL 90,mañana,-61.0,9157.0,5,61.03,1.807,6.69,,,0
1204,MQ-0013,Sur,XR-200,mañana,17.0,2934.0,0,61.69,1.225,5.77,407.7,1689.44,1
3539,MQ-0135,Norte,XR-350,mañana,39.0,6132.0,3,,6.33,4.29,637.9,5317.84,1
856,MQ-0063,Oeste,XR-350,mañana,37.0,6837.0,5,61.49,4.734,4.71,488.7,,0
2268,MQ-0121,Norte,XR-200,noche,27.0,7788.0,1,69.35,,6.88,520.5,,0
3210,MQ-0138,Norte,XR-350,tarde,98.0,15186.0,6,87.17,2.983,6.49,906.5,,0
2756,MQ-0126,Norte,tl90,mañana,45.0,6720.0,1,78.74,1.594,5.4,612.3,,0
1464,MQ-0062,Sur,XR-200,mañana,19.0,50.0,2,66.46,1.858,7.72,395.8,,0
2073,MQ-0141,Este, TL-120 ,mañana,23.0,1833.0,1,61.64,1.496,4.2,431.7,,0
2027,MQ-0112,Norte,tl120,mañana,22.0,1326.0,1,85.65,3.441,6.01,555.8,,0
3798,MQ-0022,Norte,TL-90,mañana,17.0,5301.0,0,63.2,1.083,6.65,472.8,,0
1644,MQ-0179,Oeste,TL-90,mañana,52.0,8493.0,3,80.32,1.455,7.29,691.9,,0
3449,MQ-0078,Norte,xr200,tarde,33.0,5496.0,1,85.0,1.276,6.22,556.3,,0
3847,MQ-0143,Sur,XR-200,mañana,30.0,5809.0,1,58.6,1.203,6.38,476.1,,0
1268,MQ-0131,Este,TL 90,mañana,29.0,4518.0,1,71.78,2.355,5.86,506.3,1195.18,1
3904,MQ-0068,Norte,BM-500,noche,38.0,7882.0,1,65.47,1.269,7.26,652.7,,0
960,MQ-0069,Oeste,XR-350,mañana,8.0,3914.0,0,67.0,1.761,5.82,489.6,,0
186,MQ-0007,Este, XR-350 ,noche,19.0,1291.0,2,65.86,3.214,6.71,316.9,,0
38,MQ-0071,Norte,TL-90,mañana,50.0,5664.0,1,63.84,3.671,4.57,450.2,,0
1179,MQ-0102,Norte,TL-90,tarde,17.0,2760.0,0,64.59,5.285,6.1,425.7,,0
97,MQ-0002,Norte,XR-200,mañana,20.0,1170.0,0,60.83,0.807,6.52,404.9,,0
1915,MQ-0110,Sur,TL-120,tarde,18.0,1714.0,1,58.82,2.438,6.02,347.8,,0
72,MQ-0160,Sur,TL-120,tarde,27.0,5537.0,1,66.49,1.215,5.5,,,0
3350,MQ-0034,Este,XR-350,noche,25.0,3437.0,1,60.8,,6.7,440.5,,0
3257,MQ-0167,Norte,XR-200,mañana,21.0,4406.0,0,63.74,1.382,5.23,489.4,,0
3840,MQ-0069,Sur,XR-200,mañana,26.0,6171.0,1,90.29,1.589,5.84,602.4,,0
1988,MQ-0135,Oeste,tl90,noche,38.0,6977.0,0,84.16,1.124,6.2,678.3,,0
670,MQ-0031,Este,XR-350,mañana,100.0,15108.0,5,74.68,,6.01,857.5,,0
2959,MQ-0120,Sur,TL-120,noche,69.0,13711.0,3,84.88,2.396,6.11,867.7,5415.02,1
1907,MQ-0042,Norte,TL-120,tarde,35.0,5132.0,3,60.47,1.782,6.42,496.7,,0
2442,MQ-0040,Norte,XR-350,tarde,80.0,12401.0,5,89.68,3.483,5.42,805.2,979.57,1
3098,MQ-0009,Norte,XR-350,noche,75.0,13494.0,2,86.08,,6.07,771.6,,0
2800,MQ-0137,Sur,XR-350,tarde,29.0,7649.0,1,64.79,3.113,5.26,,,0
2066,MQ-0043,Sur,xr200,mañana,24.0,4828.0,0,63.26,1.768,6.26,469.3,,0
1842,MQ-0115,Este,tl120,mañana,37.0,5782.0,1,64.85,2.101,4.64,,5414.6,1
4222,MQ-0097,Norte,TL-120,noche,28.0,3401.0,0,71.83,1.744,7.26,498.1,2295.87,1
1378,MQ-0180,Norte,XR-350,tarde,25.0,4779.0,1,65.57,2.06,5.88,556.2,,0
3769,MQ-0145,Norte,BM-500,mañana,99.0,16526.0,3,60.26,2.094,5.71,763.8,,0
994,MQ-0037,Sur,XR-350,tarde,42.0,5831.0,1,80.11,0.838,6.01,592.6,,0
1911,MQ-0011,Sur,TL-90,mañana,39.0,2464.0,2,82.65,1.658,7.05,549.4,,0
2320,MQ-0003,Sur,TL-90,mañana,67.0,10722.0,4,61.43,1.009,5.8,520.9,,0
79,MQ-0111,Sur,BM-500,tarde,119.0,22112.0,7,67.67,1.914,6.62,1002.0,,0
3690,MQ-0089,Norte,XR-200,mañana,75.0,13110.0,2,62.04,4.089,6.5,738.9,2152.78,1
4236,MQ-0112,Norte,TL-90,tarde,52.0,8060.0,2,68.99,1.067,4.91,583.5,,0
2249,MQ-0097,Oeste,xr350,noche,65.0,10470.0,0,64.58,,6.63,658.9,,0
1831,MQ-0172,Norte,BM-500,tarde,102.0,16757.0,7,83.74,1.204,6.5,863.5,,0
4207,MQ-0177,Sur,xr200,mañana,86.0,17545.0,3,68.19,2.221,6.53,749.4,,0
2197,MQ-0159,Norte,tl120,noche,37.0,7450.0,2,82.88,1.393,6.2,680.3,,0
944,MQ-0104,Norte,BM-500,mañana,24.0,5371.0,0,81.14,0.873,6.63,614.8,,0
2464,MQ-0051,Norte,BM-500,mañana,32.0,6938.0,2,70.47,2.887,5.49,471.4,,0
2627,MQ-0030,Sur,XR-200,noche,47.0,5180.0,4,71.07,1.696,6.84,455.6,,0
242,MQ-0013,Norte,xr350,mañana,23.0,4297.0,1,86.86,2.467,7.36,677.5,,0
2347,MQ-0149,Norte,XR-200,tarde,33.0,4635.0,1,66.47,2.669,6.58,426.3,,0
3742,MQ-0008,Norte,XR-200,noche,44.0,7729.0,1,57.09,1.01,6.46,444.1,,0
527,MQ-0036,Sur,TL-120,tarde,79.0,12695.0,1,65.59,1.205,6.03,495.9,,0
1618,MQ-0110,Sur,TL 90,noche,38.0,7932.0,4,78.96,2.441,5.59,655.7,,0
2700,MQ-0168,Sur,XR-200,tarde,32.0,4445.0,1,68.17,2.434,5.76,450.7,,0
4209,MQ-0137,Norte,BM-500,mañana,64.0,11690.0,1,67.18,1.494,6.22,583.0,,0
2356,MQ-0056,Norte,XR-350,mañana,56.0,9414.0,3,64.29,3.074,6.22,579.0,3716.89,1
2952,MQ-0071,Este,TL-120,mañana,24.0,4832.0,2,64.17,1.88,5.71,455.9,,0
3513,MQ-0110,Este,xr200,mañana,32.0,8734.0,0,69.05,2.516,5.2,605.3,,0
3524,MQ-0071,Este, BM-500 ,tarde,19.0,1943.0,2,76.48,13.757,6.04,496.0,2818.46,1
3219,MQ-0007,Este,TL 120,tarde,93.0,14303.0,8,65.79,3.529,5.9,,,0
84,MQ-0037,Oeste,TL-90,tarde,32.0,6900.0,0,77.03,2.467,6.32,635.2,,0
430,MQ-0135,Este,TL-90,mañana,46.0,7467.0,1,83.54,2.875,7.44,747.1,,0
4164,MQ-0052,Sur,TL-90,tarde,82.0,10341.0,6,70.53,8.283,5.04,605.6,2373.56,1
4005,MQ-0100,Este,TL-90,tarde,30.0,2218.0,1,81.75,0.623,5.39,605.9,,0
3403,MQ-0050,Norte,XR-350,tarde,25.0,5619.0,3,83.19,1.875,7.34,678.0,,0
982,MQ-0127,Norte,XR-200,mañana,57.0,7493.0,1,82.4,1.772,7.59,732.1,,0
3270,MQ-0008,Sur,tl90,tarde,122.0,18533.0,5,67.01,2.03,6.72,841.8,,0
760,MQ-0165,Norte,XR-200,noche,38.0,5964.0,2,84.59,,7.64,656.4,,0
339,MQ-0115,Este,TL-90,noche,44.0,9817.0,3,71.26,2.397,5.5,652.9,,0
27,MQ-0128,Norte,TL-120,tarde,51.0,7045.0,1,86.8,1.063,6.95,683.9,,0
4000,MQ-0169,Norte,xr200,mañana,30.0,3634.0,1,68.57,2.971,5.52,497.7,,0
2545,MQ-0092,Oeste,XR-200,noche,46.0,8756.0,1,65.57,1.785,5.51,600.3,,0
1671,MQ-0067,Norte,TL-90,mañana,35.0,4571.0,0,62.17,,5.94,544.9,,0
321,MQ-0138,Norte,TL 120,noche,54.0,11142.0,5,82.14,,5.5,792.6,,0
1,MQ-0167,Sur,XR-200,tarde,28.0,4161.0,2,82.38,1.783,6.28,512.7,,0
3245,MQ-0126,Sur,tl90,tarde,30.0,6560.0,2,65.91,,5.77,531.7,,0
3235,MQ-0138,Sur,BM-500,mañana,40.0,7553.0,1,64.01,0.783,6.66,501.6,,0
1602,MQ-0052,Norte,tl90,mañana,39.0,4305.0,4,63.43,3.724,6.42,395.5,,0
408,MQ-0124,Sur,XR-350,tarde,44.0,6438.0,2,66.17,1.818,6.43,516.7,4941.54,1
1085,MQ-0028,Norte,XR 350,noche,104.0,19484.0,2,86.06,1.943,5.11,916.8,,0
1731,MQ-0125,Sur,XR-200,tarde,62.0,13743.0,4,88.64,0.793,7.38,806.3,,0
1285,MQ-0124,Norte, BM-500 ,mañana,36.0,7116.0,4,79.83,2.872,5.1,620.6,,0
1192,MQ-0129,Norte,XR-200,mañana,54.0,6810.0,1,69.43,0.965,6.49,471.8,,0
621,MQ-0006,Sur,bm500,mañana,13.0,461.0,0,62.93,,6.23,373.6,,0
3644,MQ-0074,Norte,XR-200,mañana,16.0,3565.0,1,66.1,1.803,5.59,471.7,,0
751,MQ-0032,Este,XR 200,mañana,49.0,7271.0,2,73.48,2.53,6.44,622.4,,0
1960,MQ-0023,Este,tl120,tarde,37.0,6927.0,1,62.15,1.344,6.85,,,0
4077,MQ-0019,Oeste,XR-200,mañana,50.0,9783.0,2,62.37,1.455,5.58,634.4,,0
2503,MQ-0158,Sur,XR-200,mañana,24.0,2164.0,2,70.51,1.98,5.99,425.4,,0
2468,MQ-0168,Sur,xr200,mañana,14.0,60.0,2,74.85,15.463,7.11,471.0,3294.19,1
3077,MQ-0153,Sur,TL-90,mañana,39.0,4704.0,1,67.61,1.519,5.67,549.3,,0
2774,MQ-0168,Este,xr200,noche,102.0,15044.0,1,78.19,1.066,7.07,741.8,,0
578,MQ-0111,Sur,XR-200,noche,56.0,7495.0,4,82.59,1.342,6.0,575.7,4818.13,1
3511,MQ-0099,Sur,XR 350,mañana,23.0,6601.0,0,63.33,4.096,6.09,460.8,,0
1396,MQ-0168,Norte,TL-120,tarde,66.0,10510.0,3,65.66,1.879,5.21,694.6,,0
1550,MQ-0167,Sur,TL 120,mañana,52.0,8581.0,1,59.85,2.023,6.04,523.6,,0
3278,MQ-0006,Oeste,TL-90,mañana,48.0,8165.0,2,86.59,2.446,7.48,761.6,,0
2849,MQ-0160,Norte,XR-200,mañana,19.0,3436.0,0,62.58,2.02,6.26,440.0,,0
3892,MQ-0059,Norte,TL-90,noche,34.0,10322.0,3,85.42,1.848,6.69,703.8,,0
271,MQ-0145,Este,TL-90,tarde,36.0,5519.0,1,84.29,2.086,6.11,653.1,,0
171,MQ-0018,Sur,TL-120,mañana,27.0,5350.0,2,67.55,2.069,5.34,475.0,,0
2203,MQ-0127,Este,xr350,mañana,40.0,8004.0,2,72.71,2.22,5.97,526.5,,0
2579,MQ-0157,Norte,TL-90,mañana,97.0,11254.0,2,85.08,0.994,6.63,844.4,,0
2566,MQ-0179,Sur,TL-120,tarde,14.0,950.0,0,78.05,1.752,6.89,576.1,,0
2245,MQ-0002,Este,XR-350,tarde,20.0,2430.0,1,60.76,4.567,5.07,437.7,,0
2855,MQ-0117,Sur,XR-350,tarde,33.0,5324.0,0,80.35,1.06,5.87,,4353.69,1
2645,MQ-0135,Este,XR-200,noche,10.0,3433.0,1,64.86,2.095,6.91,547.6,,0
675,MQ-0174,Norte,XR-350,mañana,17.0,50.0,1,59.82,1.414,6.25,309.4,,0
2086,MQ-0006,Sur,xr350,tarde,74.0,13069.0,0,62.14,2.287,6.1,603.0,,0
679,MQ-0148,Este,TL-120,tarde,33.0,5719.0,3,69.86,1.919,6.31,558.2,,0
3933,MQ-0109,Sur,TL-90,tarde,27.0,7892.0,1,60.11,1.124,5.87,547.9,,0
2001,MQ-0172,Este,XR-200,mañana,49.0,7251.0,3,65.13,2.045,5.8,468.5,,0
1276,MQ-0105,Norte,XR-350,mañana,33.0,6870.0,0,61.16,2.37,6.09,537.8,,0
2749,MQ-0092,Norte,TL-120,mañana,32.0,4089.0,1,66.06,2.443,5.99,495.0,,0
3790,MQ-0007,Sur,tl120,mañana,64.0,13682.0,3,70.8,2.153,4.84,816.2,,0
2713,MQ-0157,Este,XR-350,tarde,82.0,12863.0,7,62.56,1.819,6.92,745.0,,0
2897,MQ-0079,Norte,XR-350,tarde,38.0,4942.0,0,82.05,3.324,6.04,653.6,,0
3458,MQ-0125,Este,XR-200,mañana,75.0,13944.0,4,86.18,1.724,7.0,867.6,,0
4229,MQ-0084,Oeste,XR-350,tarde,64.0,8923.0,2,64.87,2.514,4.78,519.3,,0
3140,MQ-0164,Norte,XR-200,noche,54.0,7434.0,2,86.14,1.78,5.74,631.0,5663.06,1
2120,MQ-0080,Oeste,TL-120,tarde,34.0,3759.0,1,85.13,2.543,5.17,641.9,,0
1538,MQ-0005,Norte,XR 350,tarde,59.0,10074.0,3,68.03,1.568,6.35,535.7,,0
254,MQ-0034,Oeste,BM-500,tarde,44.0,7296.0,1,68.5,2.66,6.63,545.2,5541.35,1
1527,MQ-0126,Norte,TL-120,mañana,41.0,5923.0,1,63.92,2.605,6.67,467.5,,0
1772,MQ-0044,Este,TL-120,tarde,16.0,4217.0,0,83.84,1.736,6.19,698.0,,0
2080,MQ-0167,Norte,BM-500,tarde,22.0,3768.0,2,75.16,1.94,6.63,571.6,,0
1924,MQ-0046,Sur,XR-350,noche,18.0,3851.0,0,80.69,1.564,6.34,567.3,,0
1531,MQ-0081,Oeste,XR-200,noche,30.0,6104.0,1,64.77,2.017,6.99,332.5,,0
2165,MQ-0160,Norte,TL-120,tarde,86.0,12757.0,4,60.03,2.02,5.1,600.2,,0
296,MQ-0090,Norte,XR-200,noche,107.0,18779.0,5,64.98,1.506,6.78,772.5,,0
3165,MQ-0119,Norte,XR-200,tarde,38.0,9599.0,2,69.09,1.106,5.86,551.9,,0
54,MQ-0051,Este,BM-500,tarde,25.0,3074.0,0,86.36,1.947,4.89,532.2,,0
1353,MQ-0127,Sur,TL-120,mañana,61.0,7915.0,4,81.06,1.622,7.31,704.3,3251.06,1
1534,MQ-0082,Sur,XR-350,noche,24.0,3621.0,0,70.39,2.933,6.04,420.9,,0
192,MQ-0141,Sur,XR-350,noche,36.0,7022.0,2,72.79,,5.92,533.8,,0
1295,MQ-0081,Este,XR-200,noche,15.0,50.0,0,81.78,1.525,5.62,530.9,,0
302,MQ-0123,Oeste,TL-120,mañana,33.0,5982.0,0,66.58,1.493,6.69,,,0
366,MQ-0011,Este, XR-200 ,noche,92.0,14113.0,3,64.99,1.506,6.41,806.2,,0
1668,MQ-0155,Este,XR-200,tarde,28.0,2061.0,1,87.01,11.07,5.44,673.7,3220.96,1
103,MQ-0086,Este,BM-500,tarde,51.0,9320.0,3,59.19,1.835,6.06,,,0
2169,MQ-0101,Sur,XR-200,tarde,44.0,7831.0,0,70.11,2.047,6.28,570.9,,0
745,MQ-0178,Norte, XR-200 ,mañana,31.0,6395.0,0,67.63,1.175,6.88,449.8,,0
3708,MQ-0049,Sur,tl120,mañana,35.0,5249.0,1,72.64,9.844,5.97,431.4,3833.65,1
2390,MQ-0070,Norte,BM-500,tarde,25.0,1475.0,0,64.09,1.185,-1.0,350.9,,0
2224,MQ-0172,Sur,TL-90,mañana,58.0,10501.0,3,64.85,1.077,6.27,613.3,,0
2327,MQ-0063,Sur,XR-350,tarde,23.0,3021.0,0,65.5,1.082,6.34,396.5,,0
3026,MQ-0179,Norte,XR-350,tarde,17.0,2097.0,0,65.76,1.026,5.77,431.5,,0
1919,MQ-0086,Oeste,XR-350,tarde,11.0,1201.0,0,70.59,1.44,5.79,404.6,,0
2056,MQ-0152,Norte,TL-90,tarde,8.0,709.0,0,75.57,1.233,6.32,485.4,,0
3213,MQ-0060,Norte,BM-500,noche,70.0,11191.0,5,60.73,,6.39,565.8,,0
2605,MQ-0074,Sur,XR-200,mañana,62.0,7468.0,3,71.83,1.271,6.45,643.6,,0
1488,MQ-0145,Sur,xr200,mañana,79.0,13904.0,7,78.13,1.714,5.21,826.9,,0
1207,MQ-0157,Este,XR-200,mañana,50.0,9470.0,0,64.99,2.955,6.66,587.2,,0
375,MQ-0043,Sur,TL-120,mañana,50.0,7804.0,2,80.62,3.157,5.27,632.0,,0
1214,MQ-0014,Sur,XR-200,tarde,43.0,5302.0,3,60.55,2.158,5.43,569.9,,0
1800,MQ-0030,Este,tl120,noche,36.0,9007.0,0,71.88,1.905,5.81,616.7,,0
1352,MQ-0138,Norte,XR-200,tarde,46.0,8197.0,1,66.11,0.942,6.0,531.6,,0
292,MQ-0132,Norte,tl90,mañana,90.0,17052.0,4,63.67,1.599,6.5,730.9,,0
3946,MQ-0160,Sur,BM 500,tarde,46.0,6723.0,1,60.83,2.854,5.92,479.1,,0
390,MQ-0011,Norte,BM-500,noche,93.0,13722.0,2,71.38,2.47,6.51,756.2,,0
3940,MQ-0042,Norte,XR 200,tarde,12.0,2134.0,2,69.78,3.522,6.34,400.6,,0
3915,MQ-0095,Sur,TL-90,mañana,55.0,6793.0,0,61.8,3.786,5.53,455.6,,0
1875,MQ-0173,Este,xr350,noche,25.0,2454.0,1,67.05,,6.38,452.6,,0
4002,MQ-0083,Oeste,XR-200,mañana,10.0,2897.0,1,62.87,2.169,-1.0,,,0
2499,MQ-0162,Este, XR-200 ,tarde,70.0,11062.0,3,70.11,1.177,6.01,586.1,,0
1184,MQ-0053,Sur,tl90,mañana,25.0,7991.0,0,62.62,3.82,5.9,648.1,,0
2792,MQ-0062,Norte,TL-120,noche,36.0,4584.0,0,61.89,,6.23,393.7,,0
4234,MQ-0105,Norte, TL-90 ,mañana,83.0,13104.0,6,66.56,1.63,6.76,634.6,,0
1600,MQ-0150,Norte,XR-200,mañana,17.0,1342.0,0,66.54,2.415,6.15,362.8,,0
215,MQ-0153,Norte,XR-350,noche,34.0,3749.0,0,67.81,,6.76,388.3,,0
1017,MQ-0057,Sur,BM-500,noche,14.0,1655.0,0,66.72,,6.03,440.2,,0
4159,MQ-0086,Este,TL-90,mañana,48.0,7104.0,2,62.36,2.347,5.52,455.3,,0
411,MQ-0088,Oeste, BM-500 ,mañana,24.0,1555.0,0,999.0,0.864,6.72,344.6,,0
3786,MQ-0061,Norte,xr200,tarde,29.0,7605.0,1,86.52,1.402,5.73,676.7,,0
3022,MQ-0037,Sur,BM-500,tarde,38.0,4863.0,0,59.92,1.09,5.41,535.7,,0
3153,MQ-0063,Norte,TL-120,noche,22.0,5652.0,2,62.16,,6.22,460.7,,0
3060,MQ-0041,Sur,TL-90,mañana,54.0,7750.0,4,62.03,2.216,5.48,540.9,,0
833,MQ-0134,Sur,xr350,mañana,43.0,11202.0,2,84.1,1.218,5.85,673.3,,0
180,MQ-0020,Norte,TL-90,mañana,56.0,8681.0,1,68.44,1.558,6.44,575.3,,0
691,MQ-0078,Sur,XR-350,noche,25.0,2640.0,4,63.93,,6.26,408.6,,0
3322,MQ-0132,Este,TL-90,noche,25.0,4487.0,0,52.64,1.243,6.25,372.0,,0
471,MQ-0156,Este, TL-90 ,noche,48.0,11661.0,0,83.24,0.638,6.38,718.5,,0
705,MQ-0136,Sur,TL-120,tarde,30.0,5507.0,2,72.37,1.906,-1.0,530.5,,0
4050,MQ-0082,Oeste,TL-120,noche,72.0,11274.0,2,87.55,1.339,7.57,828.2,,0
2200,MQ-0101,Norte,TL-90,tarde,63.0,10552.0,1,83.55,2.369,5.19,729.0,,0
2709,MQ-0072,Oeste,TL-120,tarde,30.0,4359.0,0,65.36,6.106,5.45,,,0
3107,MQ-0054,Norte,XR-350,mañana,49.0,6780.0,1,64.29,1.681,5.38,568.3,,0
2146,MQ-0049,Sur,TL 120,noche,53.0,9551.0,3,70.22,0.872,7.62,673.2,,0
1076,MQ-0094,Sur,TL-90,noche,29.0,3006.0,0,63.0,,6.05,463.5,,0
1998,MQ-0126,Norte,TL-120,mañana,23.0,3305.0,1,69.43,1.212,5.2,571.0,,0
1443,MQ-0018,Sur,BM-500,mañana,22.0,1852.0,1,63.89,1.006,5.93,406.5,,0
1983,MQ-0180,Este,TL-120,mañana,65.0,10558.0,2,65.25,1.417,5.74,694.5,,0
3592,MQ-0143,Este,bm500,mañana,35.0,4817.0,1,63.7,1.122,5.32,520.0,,0
1816,MQ-0145,Oeste,TL-120,mañana,48.0,7317.0,4,72.59,3.335,6.53,586.1,,0
64,MQ-0125,Sur,TL-120,mañana,67.0,13722.0,9,65.59,4.099,7.11,,,0
770,MQ-0094,Sur,xr200,mañana,57.0,7656.0,5,69.13,,6.42,560.1,,0
3594,MQ-0139,Norte,BM-500,mañana,71.0,13395.0,3,70.61,1.907,6.77,,,0
325,MQ-0168,Sur,XR-200,mañana,18.0,3204.0,2,56.84,4.248,6.47,388.1,,0
820,MQ-0038,Norte,xr200,mañana,43.0,7058.0,2,56.18,1.786,6.79,476.2,,0
781,MQ-0115,Este,TL-90,mañana,74.0,12299.0,4,79.75,2.256,8.13,805.9,,0
2196,MQ-0005,Norte,XR-200,mañana,86.0,15593.0,3,61.61,1.655,6.12,699.8,,0
1565,MQ-0015,Oeste,BM-500,tarde,30.0,4391.0,1,61.03,2.467,5.29,484.5,,0
3680,MQ-0041,Sur,TL-120,mañana,41.0,10218.0,1,66.52,1.201,5.96,,,0
4102,MQ-0096,Norte,TL-90,tarde,34.0,7108.0,0,82.06,0.944,6.4,595.8,,0
753,MQ-0150,Norte,bm500,mañana,39.0,3824.0,3,68.31,1.199,6.18,499.1,,0
1068,MQ-0038,Norte,TL-90,mañana,50.0,7896.0,1,62.48,4.203,6.01,569.0,,0
2789,MQ-0116,Sur,XR-350,mañana,29.0,5803.0,2,81.86,,6.26,620.2,,0
3239,MQ-0022,Este,TL-120,tarde,58.0,10018.0,1,83.7,2.21,-1.0,660.3,,0
1042,MQ-0025,Oeste,TL 120,noche,67.0,9474.0,4,60.83,1.407,6.59,508.1,,0
1237,MQ-0065,Sur,XR-350,tarde,61.0,6563.0,1,85.59,3.474,5.23,648.2,,0
3558,MQ-0167,Norte,XR-200,tarde,22.0,1455.0,2,72.3,5.218,6.01,427.7,,0
364,MQ-0110,Este,TL-90,tarde,91.0,15465.0,8,76.39,1.165,5.88,759.6,,0
4029,MQ-0179,Sur,XR-200,tarde,14.0,1074.0,0,63.03,1.588,5.77,439.9,,0
717,MQ-0025,Sur,BM-500,mañana,42.0,6717.0,2,84.9,1.243,7.32,686.2,,0
1136,MQ-0113,Norte,xr200,mañana,85.0,11418.0,3,86.68,1.57,6.2,,,0
1165,MQ-0107,Oeste,BM-500,tarde,36.0,6944.0,3,84.25,1.205,5.31,625.8,,0
3171,MQ-0059,Oeste,TL-90,tarde,61.0,9507.0,7,82.03,1.577,6.28,769.5,,0
1364,MQ-0158,Oeste,xr350,noche,19.0,4321.0,0,69.63,1.424,5.0,511.8,,0
3057,MQ-0039,Sur,TL-90,mañana,51.0,9232.0,2,68.12,2.844,6.69,568.8,,0
551,MQ-0144,Norte,TL-120,tarde,13.0,743.0,0,61.93,1.926,7.0,335.4,,0
1702,MQ-0176,Sur,XR 200,mañana,27.0,6074.0,1,68.24,2.997,5.43,,,0
3836,MQ-0130,Norte, XR-350 ,tarde,18.0,5986.0,4,81.29,1.803,5.1,549.0,,0
750,MQ-0064,Sur,XR 200,tarde,56.0,9508.0,4,80.88,1.384,5.28,756.3,2621.9,1
2167,MQ-0142,Sur,XR-350,noche,27.0,3136.0,1,82.71,,7.15,510.1,,0
3217,MQ-0080,Norte, TL-120 ,noche,42.0,5486.0,4,64.43,5.69,7.01,425.1,3889.28,1
3899,MQ-0107,Este,xr200,mañana,50.0,7155.0,4,63.83,2.724,5.92,512.2,,0
2846,MQ-0049,Oeste,TL 120,mañana,16.0,412.0,1,61.88,1.927,5.37,264.3,,0
1759,MQ-0152,Este,XR 200,mañana,39.0,5061.0,2,82.76,,6.36,687.3,,0
2698,MQ-0099,Norte,TL-90,noche,46.0,5905.0,1,62.31,2.715,6.16,452.4,2122.68,1
3970,MQ-0123,Este,XR-350,mañana,38.0,10270.0,0,66.16,1.016,6.83,651.6,,0
2795,MQ-0037,Este,BM-500,mañana,88.0,14721.0,6,62.71,1.51,6.35,629.0,,0
2495,MQ-0076,Este,TL-120,mañana,30.0,3085.0,2,85.7,3.332,6.89,544.9,1429.96,1
843,MQ-0115,Sur,TL-120,mañana,48.0,7370.0,3,64.7,1.301,7.11,511.0,,0
2302,MQ-0025,Sur,XR-200,noche,24.0,7076.0,1,62.99,,5.71,473.0,,0
21,MQ-0172,Sur,XR-200,tarde,31.0,3018.0,0,69.99,1.581,7.55,467.0,,0
2836,MQ-0166,Sur,TL-90,mañana,23.0,2568.0,1,82.27,1.559,5.85,627.1,,0
880,MQ-0075,Norte,xr350,tarde,75.0,13192.0,3,,6.409,6.11,895.6,1403.34,1
2562,MQ-0144,Norte,TL-90,tarde,68.0,11208.0,2,64.89,2.238,5.79,595.0,,0
1685,MQ-0149,Este,TL-90,mañana,21.0,2624.0,1,63.65,1.808,5.21,412.9,,0
3550,MQ-0057,Norte,XR-200,tarde,48.0,10491.0,3,74.12,2.37,5.28,719.0,,0
864,MQ-0004,Sur,TL-120,noche,49.0,11156.0,3,83.34,2.003,4.84,745.1,,0
2567,MQ-0002,Norte,TL-90,tarde,24.0,6894.0,1,88.47,1.547,6.35,616.1,,0
2370,MQ-0098,Norte,TL-120,tarde,45.0,10396.0,1,61.03,0.973,5.81,635.0,,0
208,MQ-0091,Sur,xr200,tarde,29.0,5810.0,1,68.2,1.158,7.11,556.0,,0
355,MQ-0016,Norte,TL-90,mañana,54.0,10137.0,1,63.5,2.166,6.74,682.0,,0
952,MQ-0127,Norte,BM-500,noche,10.0,50.0,1,81.88,2.074,6.8,455.5,,0
4086,MQ-0096,Norte,TL 120,mañana,62.0,9573.0,5,78.89,0.944,6.74,658.4,,0
3598,MQ-0102,Sur,TL-120,mañana,88.0,15227.0,6,90.63,3.388,7.59,855.9,2307.24,1
2936,MQ-0114,Norte,TL-90,tarde,52.0,8138.0,2,63.45,1.062,6.94,516.2,,0
1569,MQ-0099,Norte,XR-200,mañana,50.0,8803.0,6,86.12,2.067,6.13,744.7,,0
3643,MQ-0118,Sur,TL-90,mañana,25.0,10857.0,2,62.9,2.974,5.77,656.1,,0
2972,MQ-0072,Sur,xr350,tarde,63.0,8451.0,1,87.69,1.151,6.16,675.6,,0
1903,MQ-0166,Oeste,XR-200,mañana,52.0,7626.0,4,59.63,1.592,6.28,507.2,,0
3151,MQ-0028,Norte,TL-90,tarde,77.0,13551.0,4,67.82,1.823,5.82,696.9,,0
1074,MQ-0097,Este,TL-90,noche,22.0,50.0,1,81.05,,5.93,615.4,,0
1160,MQ-0091,Norte, XR-350 ,mañana,33.0,9434.0,0,69.41,1.642,6.04,676.4,,0
59,MQ-0040,Norte,XR-350,mañana,29.0,7425.0,1,59.93,1.292,7.11,480.7,,0
1327,MQ-0173,Este,BM-500,tarde,19.0,4357.0,1,67.34,2.105,6.76,539.0,,0
3173,MQ-0052,Sur,XR-200,tarde,103.0,17539.0,2,81.53,0.719,5.81,791.6,,0
2870,MQ-0046,Oeste,xr200,mañana,60.0,9042.0,5,58.95,4.163,4.56,601.7,,0
2119,MQ-0160,Sur,TL-90,noche,72.0,13879.0,3,65.48,4.09,7.06,697.7,,0
1950,MQ-0053,Norte,TL-120,mañana,36.0,5063.0,6,85.96,1.316,5.85,639.1,,0
1239,MQ-0167,Sur,tl90,mañana,58.0,5866.0,2,69.14,1.498,6.71,563.1,,0
1916,MQ-0063,Norte,xr200,tarde,21.0,1292.0,1,77.98,7.71,6.58,387.5,2356.19,1
2781,MQ-0153,Norte,XR-350,mañana,13.0,5079.0,1,70.16,1.797,6.18,568.9,,0
2131,MQ-0035,Oeste,XR-200,noche,11.0,50.0,1,79.8,3.636,6.55,424.4,,0
1456,MQ-0016,Norte,XR-200,mañana,20.0,4777.0,0,63.06,2.058,6.63,,,0
3978,MQ-0106,Oeste,XR-200,mañana,53.0,6204.0,2,65.91,1.664,6.64,498.2,,0
1414,MQ-0140,Norte,TL-120,mañana,33.0,4300.0,1,67.04,0.994,6.66,518.4,,0
1086,MQ-0072,Este,TL-90,tarde,23.0,4564.0,1,79.24,5.742,6.14,524.1,,0
1643,MQ-0147,Norte, TL-120 ,mañana,26.0,3754.0,1,88.57,1.812,4.76,631.4,,0
1878,MQ-0024,Norte,TL-90,tarde,32.0,5009.0,1,64.97,2.001,5.86,421.2,2407.81,1
3716,MQ-0136,Norte,XR-200,mañana,47.0,8223.0,1,67.04,1.489,6.31,549.7,,0
1514,MQ-0096,Sur,TL-120,mañana,72.0,13299.0,8,68.58,1.563,6.48,696.0,,0
3285,MQ-0030,Sur,TL-90,tarde,26.0,7118.0,2,65.98,2.097,6.08,593.3,,0
3496,MQ-0168,Este,XR-350,noche,41.0,5658.0,2,82.39,2.084,6.59,,,0
2751,MQ-0133,Norte,XR-200,noche,52.0,7275.0,4,77.25,2.005,6.14,627.8,,0
2524,MQ-0051,Este,xr350,tarde,18.0,3526.0,4,56.64,1.676,6.91,449.0,,0
2954,MQ-0153,Norte,XR-200,mañana,65.0,12860.0,1,63.65,3.794,6.48,733.9,,0
2484,MQ-0093,Sur,XR-200,tarde,40.0,7875.0,1,71.29,1.224,6.24,502.0,,0
1069,MQ-0080,Sur,tl120,mañana,74.0,12545.0,3,67.93,1.541,5.17,735.5,,0
1366,MQ-0124,Este,XR 350,noche,25.0,4707.0,2,66.16,1.046,5.56,490.4,,0
148,MQ-0012,Este,XR-200,tarde,35.0,5358.0,5,63.52,1.424,6.15,436.7,,0
2767,MQ-0030,Norte,tl120,noche,35.0,4933.0,2,63.45,1.453,6.19,425.7,,0
3561,MQ-0006,Norte,XR-350,noche,68.0,12570.0,3,81.32,1.768,6.72,821.2,,0
517,MQ-0102,Sur,TL-120,mañana,31.0,6262.0,1,83.48,1.466,5.61,771.0,,0
1775,MQ-0051,Sur,XR-200,tarde,45.0,7697.0,1,64.58,4.359,6.56,526.2,,0
3806,MQ-0028,Norte,xr350,tarde,55.0,6704.0,3,63.06,2.157,6.21,508.7,,0
3463,MQ-0179,Norte,TL-120,noche,38.0,6163.0,0,69.22,2.609,5.58,510.4,,0
3280,MQ-0157,Este,XR-200,noche,21.0,4068.0,0,86.03,1.571,7.01,533.2,,0
453,MQ-0095,Este,XR-200,mañana,58.0,9544.0,1,58.34,1.749,6.73,543.4,,0
1972,MQ-0170,Norte,TL-90,tarde,38.0,5501.0,2,86.1,1.072,6.85,,,0
1099,MQ-0141,Norte,XR-200,mañana,20.0,2216.0,2,63.87,2.008,6.11,372.9,,0
4158,MQ-0095,Oeste,TL-120,noche,53.0,5899.0,1,79.08,2.216,5.25,581.9,,0
4119,MQ-0097,Sur,xr350,noche,52.0,7617.0,2,80.55,1.078,7.07,689.1,,0
193,MQ-0174,Norte,XR-350,tarde,18.0,2571.0,1,86.8,2.692,6.49,704.4,,0
1956,MQ-0030,Norte,TL 90,noche,44.0,6193.0,2,85.25,,5.28,616.6,,0
1417,MQ-0058,Norte,XR-200,mañana,63.0,5717.0,3,79.67,1.798,5.75,673.6,,0
1039,MQ-0035,Sur,XR-350,noche,75.0,14313.0,2,61.1,,5.74,686.2,,0
2095,MQ-0014,Oeste,XR-350,mañana,26.0,4551.0,1,85.04,2.319,5.66,554.7,1534.15,1
2481,MQ-0164,Norte,XR-200,tarde,14.0,50.0,0,63.65,1.522,5.47,,,0
2002,MQ-0093,Este,XR-350,tarde,24.0,3108.0,1,71.58,1.985,6.86,501.0,5825.39,1
3613,MQ-0169,Este,XR-350,tarde,13.0,5330.0,1,59.28,2.841,5.82,454.3,,0
2928,MQ-0039,Sur,TL-90,tarde,38.0,3003.0,2,57.07,1.168,5.92,338.2,,0
3607,MQ-0103,Oeste,TL-120,mañana,46.0,5434.0,1,64.55,4.526,6.32,525.7,4080.58,1
3045,MQ-0088,Oeste,TL-120,noche,48.0,9889.0,3,66.06,1.365,7.53,647.2,,0
1304,MQ-0006,Norte,XR-200,mañana,47.0,8927.0,5,80.87,1.229,5.63,692.8,,0
627,MQ-0150,Sur,XR 200,tarde,25.0,3658.0,1,70.08,2.597,6.46,425.5,,0
2195,MQ-0009,Norte,TL-90,noche,34.0,8138.0,2,79.9,3.06,6.48,631.9,,0
3244,MQ-0103,Norte,TL-120,mañana,20.0,3041.0,1,63.4,2.235,5.49,,,0
1100,MQ-0050,Oeste,XR-350,mañana,68.0,11990.0,5,58.47,1.086,5.03,615.9,,0
3572,MQ-0062,Sur,BM 500,tarde,49.0,8067.0,5,61.52,0.759,7.03,581.0,,0
2692,MQ-0046,Este,XR-350,noche,28.0,4763.0,3,62.48,1.765,5.33,555.2,,0
975,MQ-0125,Norte,XR-200,noche,37.0,4571.0,1,62.64,,5.69,513.8,,0
3262,MQ-0079,Norte,xr200,mañana,48.0,8483.0,4,59.09,2.098,6.34,593.9,,0
4152,MQ-0049,Sur,XR-350,mañana,47.0,6655.0,4,85.62,2.356,6.1,635.0,,0
1804,MQ-0019,Este,XR-200,noche,66.0,11882.0,5,86.62,3.841,6.57,782.5,,0
2533,MQ-0003,Sur,XR-350,noche,61.0,9347.0,2,60.28,1.66,5.42,613.0,,0
151,MQ-0099,Sur,XR-350,noche,28.0,745.0,1,66.97,2.142,6.09,516.9,,0
3435,MQ-0158,Este,TL-90,mañana,15.0,3783.0,1,82.61,1.395,6.62,577.9,,0
2082,MQ-0008,Norte,TL-90,mañana,52.0,7698.0,2,,,6.9,669.1,6866.56,1
4160,MQ-0103,Sur,TL-90,noche,36.0,3758.0,1,62.24,1.208,5.88,446.9,,0
2216,MQ-0046,Norte,TL-90,tarde,32.0,5853.0,1,63.14,1.602,5.82,564.0,,0
310,MQ-0041,Norte,TL-120,mañana,107.0,21599.0,6,79.71,1.104,6.3,888.4,,0
1413,MQ-0084,Sur,XR-350,tarde,18.0,4747.0,1,56.58,1.323,8.14,398.4,,0
3535,MQ-0153,Norte,TL 120,mañana,55.0,8582.0,1,65.85,,6.44,594.9,,0
485,MQ-0084,Este,XR-350,mañana,41.0,5757.0,6,62.27,1.213,6.39,528.2,,0
3713,MQ-0131,Oeste,XR-200,noche,58.0,10125.0,4,82.29,2.393,5.56,733.7,3997.49,1
368,MQ-0040,Este,XR-200,noche,20.0,4375.0,3,84.69,2.281,5.31,572.0,,0
1770,MQ-0124,Este,BM-500,noche,62.0,10568.0,5,60.48,,6.66,540.0,,0
2271,MQ-0110,Este, XR-200 ,mañana,24.0,3402.0,0,66.67,1.403,5.61,503.8,,0
650,MQ-0023,Norte,TL 120,mañana,32.0,7121.0,1,81.7,4.648,6.54,638.7,,0
2296,MQ-0157,Sur,XR-200,tarde,62.0,10955.0,3,81.13,1.504,6.86,782.5,,0
2523,MQ-0132,Sur,xr200,noche,36.0,6778.0,1,60.88,1.735,4.79,500.8,,0
442,MQ-0168,Norte,XR-350,tarde,7.0,632.0,0,83.83,2.213,6.38,513.3,,0
1594,MQ-0106,Sur,XR-350,tarde,42.0,6986.0,2,67.9,3.245,5.55,580.5,,0
2085,MQ-0173,Oeste,TL-120,mañana,47.0,10905.0,7,84.6,2.568,6.5,762.9,,0
3954,MQ-0115,Sur,BM-500,tarde,19.0,3331.0,1,84.22,1.937,4.14,555.1,,0
2757,MQ-0147,Norte,XR-350,tarde,22.0,2753.0,0,67.09,1.621,6.44,477.1,,0
1542,MQ-0109,Este,XR-350,noche,46.0,6430.0,2,82.47,1.763,6.4,,,0
3979,MQ-0153,Oeste,TL-90,noche,53.0,10121.0,1,69.27,1.673,7.09,595.3,,0
2490,MQ-0036,Este,XR-200,mañana,44.0,8146.0,3,61.3,2.269,6.11,550.3,,0
1515,MQ-0168,Norte,TL-90,tarde,37.0,8394.0,1,61.39,1.705,5.2,596.8,,0
2078,MQ-0105,Norte,TL-90,tarde,24.0,3429.0,1,72.95,2.161,6.01,453.5,,0
3119,MQ-0006,Este,XR-200,noche,19.0,1064.0,1,65.21,2.002,7.84,350.5,,0
1217,MQ-0021,Este,BM-500,mañana,67.0,14099.0,3,76.21,1.077,6.17,,,0
2814,MQ-0171,Norte,XR-200,mañana,33.0,8874.0,3,66.23,3.354,6.8,663.5,,0
2040,MQ-0109,Norte,TL 90,mañana,44.0,322320.0,2,75.83,1.201,6.86,554.4,,0
946,MQ-0179,Sur,XR 200,mañana,68.0,11890.0,2,71.38,1.055,6.79,708.3,,0
3127,MQ-0117,Sur,BM-500,mañana,91.0,13593.0,7,68.7,1.834,5.57,720.2,,0
3966,MQ-0164,Oeste,TL-120,mañana,29.0,4596.0,0,81.15,1.436,7.33,493.3,,0
73,MQ-0008,Sur,XR-350,tarde,40.0,10898.0,5,69.54,2.621,6.83,642.5,,0
3229,MQ-0126,Norte,tl90,mañana,30.0,2755.0,4,70.13,1.185,5.78,503.7,,0
3055,MQ-0139,Norte,BM 500,tarde,61.0,11142.0,1,,2.291,6.6,762.5,,0
459,MQ-0133,Este,XR-350,tarde,19.0,4019.0,1,63.59,2.806,4.37,435.4,,0
4094,MQ-0084,Sur,XR-200,tarde,47.0,7633.0,5,58.0,1.831,6.5,499.2,,0
763,MQ-0165,Sur,TL 120,mañana,46.0,6211.0,4,65.82,1.792,5.08,581.3,,0
90,MQ-0143,Norte,XR-200,mañana,18.0,2434.0,1,79.29,3.339,4.35,449.9,,0
2770,MQ-0032,Este,XR 350,mañana,41.0,5739.0,0,61.32,,6.92,428.9,,0
1912,MQ-0099,Sur,XR-350,tarde,56.0,10435.0,6,74.65,2.285,6.72,682.2,,0
18,MQ-0097,Oeste,XR-200,mañana,28.0,6153.0,0,67.8,,6.6,579.5,,0
4083,MQ-0140,Oeste,TL-90,tarde,80.0,14650.0,5,70.37,0.999,7.09,767.7,,0
2948,MQ-0108,Sur,tl90,noche,29.0,6607.0,1,999.0,2.01,7.49,527.8,,0
1689,MQ-0090,Este,TL-90,tarde,55.0,10944.0,2,83.58,1.483,5.98,729.4,,0
3546,MQ-0013,Sur,TL-90,mañana,42.0,4830.0,1,77.33,4.504,6.67,525.8,3757.36,1
805,MQ-0159,Oeste,XR-200,tarde,47.0,7185.0,2,66.02,2.127,5.93,605.5,,0
3274,MQ-0084,Norte,XR-350,mañana,21.0,4755.0,0,76.54,2.403,4.78,594.0,,0
911,MQ-0064,Norte,XR-200,tarde,15.0,1025.0,0,78.22,2.695,5.72,524.8,,0
2576,MQ-0144,Norte,TL-120,tarde,45.0,8241.0,2,64.37,2.249,6.85,558.1,,0
1128,MQ-0042,Este,TL-90,mañana,42.0,8594.0,1,63.03,1.086,5.03,,,0
2639,MQ-0019,Norte,XR-200,noche,46.0,7523.0,2,84.89,2.492,6.7,644.7,,0
2889,MQ-0089,Sur,TL-90,mañana,44.0,7646.0,1,68.03,1.83,6.39,563.0,4732.14,1
839,MQ-0068,Sur,XR-350,tarde,47.0,6623.0,5,85.11,1.38,5.3,737.6,,0
1058,MQ-0040,Norte,XR-200,tarde,88.0,14083.0,2,82.75,2.509,5.38,763.5,,0
3877,MQ-0078,Norte,xr350,noche,22.0,1478.0,0,67.04,,7.03,526.6,,0
1287,MQ-0042,Sur,XR-350,tarde,35.0,8498.0,0,58.64,2.918,5.64,462.1,,0
3739,MQ-0118,Sur,XR-350,noche,53.0,7750.0,2,67.39,0.836,6.48,503.8,,0
865,MQ-0004,Sur,tl90,mañana,65.0,11514.0,4,62.96,1.828,5.64,645.5,,0
3349,MQ-0163,Norte,TL-120,mañana,47.0,6654.0,1,84.01,2.875,6.44,781.8,,0
1803,MQ-0011,Norte,xr350,tarde,19.0,1738.0,0,79.38,1.268,6.45,484.5,,0
2407,MQ-0036,Norte,TL-120,tarde,27.0,5138.0,0,74.5,,5.77,569.0,,0
2480,MQ-0009,Sur,TL-90,mañana,22.0,50.0,1,67.76,1.524,5.41,357.5,,0
2920,MQ-0007,Norte,tl120,noche,74.0,13893.0,4,87.5,2.077,6.86,789.9,,0
299,MQ-0168,Norte,tl120,mañana,12.0,1692.0,0,58.74,2.867,5.21,369.1,,0
3564,MQ-0055,Oeste,TL-90,noche,46.0,7391.0,0,,1.02,5.5,640.3,,0
1294,MQ-0130,Norte,XR-200,tarde,24.0,5996.0,2,63.37,1.238,8.04,441.7,,0
1894,MQ-0102,Norte,XR-200,noche,22.0,50.0,1,61.52,2.545,6.55,488.6,,0
2297,MQ-0002,Sur,XR-200,tarde,13.0,79.0,0,56.86,1.818,5.48,264.8,,0
1537,MQ-0105,Este,TL-90,tarde,42.0,4881.0,1,69.02,2.325,5.81,548.2,4194.64,1
1062,MQ-0005,Norte,TL-120,noche,46.0,9619.0,1,59.83,2.333,5.98,580.5,,0
1030,MQ-0132,Sur, XR-350 ,tarde,33.0,9091.0,1,85.32,2.226,7.08,709.2,,0
3232,MQ-0009,Este,BM-500,noche,49.0,8059.0,2,73.07,,5.84,646.9,,0
1789,MQ-0040,Oeste,TL-90,tarde,15.0,3208.0,0,65.18,1.662,6.48,515.7,,0
399,MQ-0073,Sur,TL-120,mañana,10.0,1198.0,0,63.0,1.848,-1.0,399.5,,0
3085,MQ-0102,Oeste,XR-350,tarde,111.0,19420.0,5,85.65,1.807,4.88,980.7,,0
4135,MQ-0068,Norte,XR-200,tarde,10.0,50.0,0,85.12,2.664,5.38,472.4,,0
3364,MQ-0068,Norte,XR-200,mañana,13.0,1649.0,2,86.18,3.246,5.53,577.8,,0
2762,MQ-0081,Oeste,XR-200,tarde,30.0,5348.0,1,84.74,1.43,6.28,623.1,,0
1610,MQ-0080,Norte,XR-200,noche,71.0,12956.0,3,57.62,2.832,5.56,647.4,,0
282,MQ-0042,Sur,TL 90,mañana,69.0,9129.0,5,65.03,,5.59,,,0
2509,MQ-0160,Sur,XR-200,tarde,53.0,10156.0,1,68.6,1.384,5.51,510.1,,0
2634,MQ-0170,Sur,XR-200,tarde,37.0,6260.0,0,60.9,2.486,5.89,427.7,,0
396,MQ-0038,Este,TL-90,noche,49.0,9743.0,1,67.18,3.356,5.85,532.2,,0
95,MQ-0011,Norte,TL-90,noche,92.0,13464.0,5,84.77,,6.77,804.0,,0
1791,MQ-0084,Oeste,XR-350,tarde,64.0,8923.0,2,64.87,2.514,4.78,519.3,,0
3200,MQ-0162,Este,TL-90,mañana,39.0,7805.0,5,81.17,1.279,6.42,658.7,,0
2909,MQ-0172,Sur,TL-90,tarde,15.0,2064.0,1,63.07,2.346,5.57,458.2,,0
3131,MQ-0154,Oeste,tl90,noche,37.0,5531.0,1,77.2,,5.74,690.4,,0
1885,MQ-0123,Este,TL-90,tarde,51.0,7319.0,5,,1.677,7.43,688.1,,0
2042,MQ-0039,Sur,XR-350,noche,42.0,8017.0,0,63.63,,5.61,509.4,,0
2305,MQ-0046,Sur,XR-200,noche,23.0,6900.0,1,65.16,1.885,6.29,533.1,,0
1543,MQ-0007,Sur,TL-120,tarde,40.0,4314.0,1,81.1,4.983,7.16,492.0,,0
3869,MQ-0156,Sur,TL 90,noche,35.0,9114.0,1,61.65,1.698,5.38,587.8,,0
2006,MQ-0159,Oeste,XR-350,mañana,71.0,5445.0,3,65.4,2.032,7.92,539.4,,0
2099,MQ-0150,Sur,XR-200,mañana,47.0,6426.0,1,82.46,2.031,6.26,638.9,,0
3303,MQ-0064,Sur,xr350,mañana,16.0,50.0,0,80.19,1.592,5.17,460.4,,0
882,MQ-0153,Oeste,TL-90,mañana,19.0,2205.0,0,,1.344,6.12,639.2,,0
4237,MQ-0028,Norte,XR-200,tarde,52.0,8762.0,1,83.73,3.295,5.4,719.4,,0
3582,MQ-0097,Norte,TL-120,mañana,37.0,8098.0,1,77.14,1.503,6.56,685.2,,0
1432,MQ-0017,Norte,TL-90,tarde,48.0,5743.0,2,65.24,1.831,7.55,524.5,,0
662,MQ-0032,Oeste,xr200,tarde,19.0,5030.0,0,62.82,2.987,5.5,519.0,,0
1603,MQ-0126,Sur,TL 120,noche,35.0,6030.0,4,65.13,3.79,6.17,459.0,,0
3368,MQ-0067,Norte,TL-120,mañana,26.0,4394.0,1,69.41,1.684,5.44,463.9,,0
2559,MQ-0076,Norte,XR-200,mañana,35.0,6714.0,1,80.54,1.345,7.15,651.9,,0
2969,MQ-0151,Norte,TL-120,tarde,40.0,6995.0,1,68.34,2.223,6.16,550.0,,0
3844,MQ-0066,Sur,XR-200,mañana,81.0,13642.0,5,69.38,2.248,6.71,730.7,,0
318,MQ-0052,Este,TL-90,noche,72.0,11182.0,5,64.19,3.863,5.59,567.2,2444.45,1
1322,MQ-0066,Oeste,XR-350,tarde,41.0,8124.0,0,66.1,1.927,-1.0,635.2,,0
2663,MQ-0126,Sur,XR-350,tarde,8.0,50.0,0,83.07,2.315,5.45,487.5,,0
2622,MQ-0143,Sur,TL-90,mañana,51.0,7176.0,2,59.88,2.952,6.04,583.7,,0
948,MQ-0070,Oeste,TL-120,mañana,52.0,7874.0,1,65.15,2.592,5.74,539.6,,0
3220,MQ-0125,Este,xr200,noche,58.0,9807.0,0,80.72,2.828,6.63,642.2,4317.25,1
1588,MQ-0144,Oeste,TL 120,mañana,33.0,4240.0,1,85.9,1.879,6.64,652.9,,0
771,MQ-0023,Sur,TL-90,noche,22.0,3162.0,2,63.55,,5.66,397.7,,0
3078,MQ-0097,Este,XR-350,mañana,73.0,12355.0,6,69.66,1.259,6.57,642.7,5859.61,1
2982,MQ-0159,Este,TL-120,mañana,27.0,3307.0,0,63.9,2.147,7.15,,,0
2125,MQ-0161,Sur,TL-90,mañana,91.0,16939.0,5,81.79,1.277,5.93,886.5,,0
545,MQ-0172,Norte,XR-200,mañana,81.0,10035.0,1,69.62,2.339,6.58,648.5,,0
2450,MQ-0107,Oeste,BM-500,noche,103.0,14784.0,2,82.82,1.233,6.54,891.0,,0
1922,MQ-0139,Oeste,BM-500,tarde,47.0,10093.0,1,60.18,1.888,5.61,429.0,,0
1707,MQ-0136,Sur,XR-200,mañana,46.0,7347.0,3,62.3,1.324,5.54,617.2,,0
2685,MQ-0037,Norte,XR-350,mañana,99.0,15417.0,7,82.02,1.108,6.47,840.0,,0
3484,MQ-0167,Este, XR-350 ,tarde,30.0,4012.0,1,66.76,1.239,7.01,436.8,,0
3272,MQ-0037,Este,TL-90,mañana,53.0,7651.0,3,74.53,1.556,6.8,,,0
4038,MQ-0110,Este,XR-200,mañana,52.0,8041.0,2,81.03,0.558,5.97,620.9,,0
1385,MQ-0028,Norte,TL-120,noche,66.0,10321.0,1,72.27,1.431,6.72,692.7,,0
1544,MQ-0002,Sur,xr200,noche,50.0,10537.0,5,65.57,2.114,6.42,590.8,,0
1430,MQ-0142,Norte,TL-90,mañana,53.0,10249.0,2,88.8,2.427,5.01,782.3,,0
636,MQ-0127,Este,XR-200,noche,16.0,4072.0,1,81.99,1.188,6.94,590.8,1955.28,1
1333,MQ-0078,Norte,XR-200,tarde,24.0,1218.0,1,69.32,2.133,6.08,355.1,,0
1615,MQ-0008,Sur,XR-350,tarde,47.0,8608.0,3,79.45,2.81,5.58,639.8,,0
1182,MQ-0058,Sur,XR 350,tarde,122.0,19337.0,3,79.78,1.588,5.75,886.9,,0
2392,MQ-0033,Sur,TL-120,mañana,68.0,10347.0,2,64.7,1.426,7.54,647.2,,0
3136,MQ-0052,Este,XR-200,mañana,37.0,4053.0,1,64.69,2.482,7.2,507.0,,0
109,MQ-0004,Norte,BM-500,mañana,47.0,8442.0,1,82.29,2.648,5.39,680.5,,0
2859,MQ-0136,Norte,XR-200,tarde,19.0,2616.0,1,65.01,1.731,7.14,449.3,,0
947,MQ-0133,Sur,XR 200,mañana,26.0,1552.0,0,65.01,,5.93,439.8,,0
1743,MQ-0168,Sur,xr350,mañana,26.0,3532.0,3,66.47,2.044,6.53,,,0
3180,MQ-0025,Sur,XR-350,mañana,18.0,1004.0,0,64.5,2.376,6.18,440.4,,0
1313,MQ-0039,Oeste,TL-120,mañana,44.0,11969.0,2,64.04,2.76,7.15,695.1,,0
2765,MQ-0068,Sur,XR-200,mañana,63.0,11996.0,5,64.68,1.663,6.85,689.2,,0
2531,MQ-0138,Norte,tl120,tarde,32.0,5124.0,1,69.81,2.616,6.48,434.0,,0
3461,MQ-0024,Este,TL-90,tarde,26.0,2940.0,4,63.24,0.977,6.02,521.3,,0
3804,MQ-0131,Norte,TL-90,noche,24.0,6411.0,2,87.43,1.353,5.81,635.5,,0
140,MQ-0177,Sur,BM-500,mañana,15.0,4606.0,1,72.11,1.511,5.77,449.3,,0
713,MQ-0122,Norte,TL-120,noche,29.0,4712.0,3,92.59,25.506,5.73,,2119.19,1
2512,MQ-0159,Este,XR-200,tarde,8.0,553.0,0,79.42,2.476,6.01,459.4,,0
288,MQ-0099,Norte,XR-350,noche,47.0,6347.0,1,63.44,2.673,5.68,503.7,,0
2445,MQ-0032,Este,XR-350,mañana,10.0,3789.0,0,69.43,1.64,5.58,533.2,,0
824,MQ-0044,Norte,bm500,noche,70.0,14969.0,5,65.99,1.679,5.78,696.8,3922.06,1
2387,MQ-0131,Oeste, XR-200 ,noche,60.0,10500.0,2,82.19,,5.21,735.4,,0
2971,MQ-0102,Norte,TL-90,tarde,35.0,7820.0,1,65.96,1.867,5.72,493.8,,0
2726,MQ-0024,Sur,xr350,noche,43.0,8850.0,2,,1.198,5.27,719.0,,0
4108,MQ-0154,Sur,TL-120,noche,31.0,5930.0,1,81.26,1.323,5.92,566.2,,0
3460,MQ-0091,Norte,TL 120,mañana,28.0,5544.0,0,68.22,0.796,5.14,525.0,,0
1110,MQ-0160,Sur,XR-350,noche,39.0,6862.0,0,65.9,,6.95,,,0
4218,MQ-0035,Sur,TL-120,mañana,22.0,3350.0,0,61.16,,5.83,397.3,,0
3520,MQ-0076,Sur,BM-500,tarde,44.0,5141.0,0,65.69,,6.12,556.0,,0
2235,MQ-0048,Sur,XR-200,tarde,62.0,10499.0,5,68.0,3.983,6.4,592.7,6686.69,1
3857,MQ-0116,Sur,xr200,mañana,93.0,12128.0,10,67.94,1.258,5.07,685.5,,0
1225,MQ-0042,Este,XR-200,tarde,47.0,8553.0,4,999.0,0.855,6.3,542.7,,0
3845,MQ-0040,Norte,TL-120,noche,12.0,2903.0,0,67.37,,5.86,556.6,,0
3530,MQ-0076,Este,TL-120,mañana,23.0,4185.0,1,81.39,3.251,5.57,670.4,,0
2107,MQ-0021,Oeste,TL-90,tarde,75.0,15578.0,4,80.24,3.608,6.61,792.3,4896.97,1
4204,MQ-0112,Este,XR-200,noche,41.0,6278.0,1,67.27,3.046,7.26,367.4,,0
2591,MQ-0026,Norte,BM-500,mañana,21.0,3400.0,0,71.86,1.841,6.11,429.3,,0
2456,MQ-0079,Oeste,XR-350,tarde,44.0,8300.0,0,62.95,2.61,5.07,574.1,,0
526,MQ-0026,Este, XR-200 ,mañana,19.0,4128.0,3,72.18,1.362,5.86,416.7,7306.29,1
474,MQ-0153,Este,XR-350,noche,59.0,11562.0,5,83.32,,6.28,703.4,,0
3357,MQ-0148,Norte,xr200,mañana,73.0,13400.0,5,86.93,1.382,6.57,766.8,,0
2164,MQ-0099,Oeste,XR-350,tarde,73.0,9639.0,3,58.42,0.743,6.28,541.3,,0
1832,MQ-0106,Sur,BM-500,noche,65.0,11585.0,4,63.76,,6.09,573.7,,0
507,MQ-0114,Oeste,XR 350,noche,47.0,7248.0,6,79.19,1.691,5.4,626.6,2890.55,1
3282,MQ-0130,Sur,BM 500,tarde,37.0,8176.0,0,63.72,,6.38,539.5,,0
4148,MQ-0176,Norte,XR-200,mañana,47.0,6450.0,3,84.35,1.886,6.22,640.2,,0
2110,MQ-0120,Oeste,XR 200,tarde,28.0,6776.0,1,79.07,3.388,6.75,584.1,,0
1224,MQ-0109,Oeste,TL-120,mañana,46.0,9275.0,5,62.21,1.365,7.54,526.6,,0
397,MQ-0037,Oeste,XR-200,mañana,28.0,4816.0,2,63.58,4.026,5.91,551.6,,0
1461,MQ-0079,Norte,XR-350,noche,67.0,9622.0,3,63.04,,5.76,579.8,,0
516,MQ-0027,Sur,XR-200,mañana,16.0,4429.0,0,64.95,,4.58,512.4,,0
1927,MQ-0091,Norte,BM-500,tarde,60.0,6880.0,3,64.19,2.916,6.62,618.4,,0
4037,MQ-0007,Este,TL-90,tarde,30.0,5114.0,1,71.42,1.941,5.81,431.1,,0
1696,MQ-0108,Sur,XR-200,noche,32.0,6737.0,1,59.93,1.044,6.97,548.3,,0
3418,MQ-0174,Norte,XR-200,tarde,54.0,9888.0,3,58.42,2.165,5.18,522.1,,0
892,MQ-0164,Norte,TL-90,tarde,30.0,3996.0,3,83.32,2.824,5.63,607.4,,0
3983,MQ-0019,Sur,XR-350,noche,76.0,13094.0,4,63.24,1.419,6.83,648.9,,0
1627,MQ-0122,Norte,XR-200,noche,30.0,2106.0,3,59.2,2.203,6.3,,,0
1265,MQ-0152,Oeste,XR-200,noche,24.0,5046.0,0,83.29,3.084,6.63,493.3,,0
2588,MQ-0020,Sur,XR-350,tarde,16.0,4154.0,1,67.27,1.1,4.31,544.9,,0
878,MQ-0033,Sur,tl120,noche,29.0,5873.0,2,63.12,1.285,5.26,456.6,,0
2569,MQ-0060,Este,XR-350,noche,41.0,3767.0,3,81.36,,6.5,690.5,3363.4,1
2961,MQ-0141,Este,TL-120,tarde,68.0,11323.0,3,58.0,2.543,6.37,608.8,,0
3627,MQ-0017,Norte,BM-500,tarde,40.0,6433.0,0,60.93,4.362,5.64,487.7,,0
1431,MQ-0039,Norte,tl90,tarde,18.0,521.0,2,64.7,2.406,7.45,337.1,,0
14,MQ-0137,Norte,XR-350,noche,105.0,21246.0,6,85.92,,6.4,1004.4,4658.6,1
482,MQ-0024,Oeste,XR-350,tarde,54.0,12493.0,4,59.11,2.126,6.06,,,0
3037,MQ-0088,Este,XR-350,tarde,38.0,6571.0,4,65.1,2.424,6.08,573.8,,0
3238,MQ-0109,Norte,XR-200,tarde,56.0,6315.0,5,84.38,2.648,5.32,684.0,,0
1746,MQ-0110,Sur,TL-90,tarde,46.0,8501.0,2,79.67,5.633,6.48,,5777.0,1
3279,MQ-0024,Norte,XR-350,tarde,47.0,7919.0,2,85.89,1.616,5.47,667.5,,0
2207,MQ-0111,Oeste,XR-350,tarde,12.0,2228.0,1,68.39,2.085,6.35,458.5,,0
377,MQ-0148,Sur,BM-500,tarde,38.0,5988.0,1,64.53,1.162,6.06,474.2,,0
505,MQ-0068,Sur,XR-200,mañana,50.0,9394.0,2,87.31,1.245,6.09,800.6,,0
2696,MQ-0023,Este,TL-90,mañana,20.0,4549.0,2,71.02,2.291,7.01,511.9,,0
2996,MQ-0180,Este,bm500,mañana,20.0,6075.0,0,68.46,2.322,5.55,499.9,,0
858,MQ-0035,Sur,XR-350,tarde,23.0,2220.0,0,87.2,1.806,6.76,491.1,,0
504,MQ-0167,Sur,XR-200,tarde,34.0,6711.0,2,61.74,2.424,7.53,439.1,,0
1082,MQ-0047,Norte,XR-200,tarde,54.0,8163.0,4,82.76,4.106,4.83,598.4,,0
47,MQ-0025,Norte,TL-90,tarde,40.0,5524.0,1,60.58,1.522,6.77,403.2,,0
2418,MQ-0119,Norte, XR-200 ,tarde,25.0,4052.0,1,62.7,4.131,5.77,466.6,1738.57,1
2091,MQ-0123,Norte,TL-90,tarde,36.0,5737.0,2,83.73,3.828,6.72,626.3,,0
267,MQ-0127,Sur,BM-500,tarde,41.0,8613.0,1,61.26,2.969,5.88,630.2,,0
2479,MQ-0055,Este,xr200,tarde,16.0,2507.0,1,86.89,3.39,6.79,577.1,,0
3908,MQ-0142,Oeste,XR-350,tarde,15.0,50.0,1,69.79,1.534,5.89,,,0
900,MQ-0154,Norte,TL 90,noche,111.0,16463.0,4,66.26,,6.09,696.6,,0
1023,MQ-0098,Oeste,TL-120,mañana,39.0,6755.0,2,,2.998,7.0,659.1,2375.62,1
233,MQ-0051,Sur,TL-120,mañana,34.0,6360.0,0,69.63,,6.71,507.6,,0
3568,MQ-0099,Este,TL-120,tarde,40.0,3802.0,0,65.95,1.351,6.48,468.9,,0
3788,MQ-0022,Norte,xr200,mañana,54.0,10957.0,8,60.14,2.327,5.58,498.6,,0
3916,MQ-0131,Oeste, XR-350 ,mañana,87.0,18579.0,5,78.15,6.15,6.69,847.5,5969.47,1
4128,MQ-0102,Este,XR-200,noche,52.0,7613.0,0,69.15,,5.79,562.1,,0
2544,MQ-0061,Norte,XR-200,noche,34.0,6831.0,2,68.78,,7.17,569.4,,0
1190,MQ-0071,Oeste,XR-350,tarde,49.0,7358.0,2,73.99,1.523,5.59,566.1,,0
3631,MQ-0012,Sur,tl120,noche,34.0,3461.0,1,66.92,2.088,6.48,499.2,,0
1599,MQ-0002,Sur,XR-350,mañana,62.0,10194.0,4,92.6,3.618,6.38,788.9,2385.93,1
3633,MQ-0024,Este,BM-500,tarde,31.0,3619.0,2,62.44,3.972,5.78,429.2,,0
5,MQ-0090,Oeste,TL 90,tarde,81.0,13676.0,2,84.67,2.229,5.18,815.0,,0
2837,MQ-0027,Sur,XR-350,mañana,4.0,110.0,0,81.63,3.857,7.24,485.2,,0
2189,MQ-0157,Oeste,TL-90,mañana,55.0,9534.0,2,71.37,5.982,6.92,706.6,3963.6,1
174,MQ-0152,Norte,XR-200,tarde,53.0,10283.0,1,65.8,1.21,6.56,613.5,,0
1166,MQ-0086,Norte,XR-200,noche,12.0,1255.0,1,67.6,1.637,6.25,477.5,,0
205,MQ-0161,Sur,TL-120,tarde,31.0,4338.0,2,85.41,15.546,5.99,636.6,4761.25,1
3974,MQ-0053,Norte,TL-90,tarde,36.0,5633.0,1,81.08,2.613,5.76,545.7,,0
2657,MQ-0108,Norte,XR-350,mañana,50.0,8608.0,1,80.54,1.6,5.68,690.7,,0
2412,MQ-0130,Norte,XR-200,tarde,36.0,4146.0,2,64.84,2.323,6.96,532.3,,0
1178,MQ-0050,Este,TL-90,tarde,36.0,8354.0,1,64.26,1.786,6.11,421.1,,0
4079,MQ-0032,Norte,XR-200,mañana,44.0,6964.0,4,64.44,3.016,6.67,634.6,,0
3187,MQ-0033,Oeste,XR-200,tarde,18.0,2963.0,0,60.34,2.23,6.64,334.4,,0
1163,MQ-0133,Norte,XR 350,noche,9.0,3929.0,0,78.31,1.745,6.64,658.5,,0
631,MQ-0152,Este,TL-90,mañana,36.0,4907.0,0,65.73,1.197,6.86,471.9,,0
682,MQ-0104,Norte,XR-200,tarde,29.0,6137.0,2,64.06,1.375,7.08,571.1,,0
1601,MQ-0162,Sur,TL-90,mañana,13.0,2100.0,1,69.61,1.437,7.14,427.5,,0
990,MQ-0035,Norte,tl90,noche,32.0,4002.0,2,65.93,,5.87,473.3,,0
3169,MQ-0075,Norte,XR 350,tarde,76.0,13200.0,4,85.47,2.485,5.94,772.1,,0
1870,MQ-0122,Sur,tl120,noche,80.0,13444.0,6,64.65,1.183,7.03,705.7,,0
1954,MQ-0065,Este,XR-350,mañana,19.0,918.0,1,84.15,2.126,6.21,526.0,,0
2656,MQ-0177,Sur,TL-120,noche,16.0,2500.0,0,83.58,1.092,5.64,548.4,,0
2522,MQ-0149,Norte,XR 200,noche,42.0,8715.0,1,69.26,2.848,6.3,664.9,1824.71,1
1604,MQ-0083,Oeste,TL-120,tarde,88.0,14450.0,6,82.11,1.88,5.73,,,0
622,MQ-0015,Norte, BM-500 ,mañana,32.0,7088.0,0,58.67,4.999,6.42,549.6,,0
3750,MQ-0052,Sur,XR-350,mañana,15.0,474.0,3,60.36,1.114,6.76,347.5,,0
3395,MQ-0052,Sur,XR-350,noche,69.0,11565.0,2,999.0,1.666,6.2,578.9,,0
2737,MQ-0118,Sur,TL-90,mañana,40.0,5475.0,1,58.17,2.114,6.53,329.3,,0
365,MQ-0172,Este,TL 90,noche,21.0,3359.0,3,69.56,2.131,6.6,501.4,2887.06,1
1933,MQ-0004,Sur,XR-350,mañana,27.0,3538.0,0,85.48,1.336,6.95,,,0
2070,MQ-0001,Norte,TL-120,tarde,17.0,5665.0,2,66.46,1.36,6.67,509.8,,0
2832,MQ-0097,Norte,TL-120,mañana,75.0,14567.0,4,84.99,,6.12,809.8,,0
1293,MQ-0103,Oeste,TL-90,tarde,37.0,5377.0,3,60.7,1.076,5.23,495.1,,0
4054,MQ-0132,Norte,XR 200,noche,27.0,3423.0,1,79.83,1.104,7.9,595.5,,0
1107,MQ-0163,Norte,BM-500,tarde,52.0,7813.0,3,87.31,0.717,5.75,691.5,,0
3046,MQ-0164,Sur,BM-500,mañana,58.0,372960.0,1,80.47,3.723,7.04,627.9,3189.59,1
2589,MQ-0077,Norte, TL-90 ,mañana,66.0,9689.0,1,59.22,1.437,6.87,477.8,,0
1959,MQ-0156,Este,XR-200,noche,26.0,3919.0,0,64.27,1.404,5.71,492.3,,0
133,MQ-0160,Norte,TL-120,tarde,85.0,13891.0,3,79.8,2.073,6.8,762.9,,0
2266,MQ-0021,Este,XR-200,noche,54.0,7068.0,3,84.63,1.479,6.07,615.6,,0
1125,MQ-0140,Sur,TL-90,mañana,59.0,8935.0,4,65.6,2.509,6.01,578.3,,0
1037,MQ-0100,Sur,XR-200,noche,16.0,5183.0,1,61.98,,6.96,515.0,,0
645,MQ-0047,Norte,tl90,mañana,51.0,11374.0,2,68.64,2.908,8.36,620.9,3142.81,1
1654,MQ-0041,Norte,TL 90,tarde,100.0,14374.0,1,83.31,4.241,6.14,720.5,,0
779,MQ-0148,Norte,TL-120,noche,50.0,7820.0,5,87.82,,6.03,768.9,2130.15,1
3224,MQ-0134,Norte,XR-200,mañana,38.0,6165.0,0,65.64,1.171,6.23,455.4,,0
2632,MQ-0169,Oeste,XR-200,mañana,54.0,9571.0,1,64.49,1.391,6.23,537.6,,0
3170,MQ-0070,Este,XR-350,mañana,52.0,8408.0,2,69.45,4.089,6.5,534.9,5228.21,1
2104,MQ-0028,Norte,xr350,noche,40.0,4482.0,2,82.51,2.724,7.0,611.2,,0
2755,MQ-0022,Sur,XR-200,noche,67.0,8223.0,2,83.97,,6.47,691.4,,0
221,MQ-0129,Sur,TL-90,mañana,107.0,15646.0,7,64.29,2.164,6.91,697.1,,0
2112,MQ-0075,Este,XR-350,mañana,93.0,11069.0,4,74.7,4.888,6.34,586.6,,0
3338,MQ-0137,Sur,TL-120,noche,43.0,9491.0,3,68.02,1.819,7.77,663.1,,0
2704,MQ-0004,Sur,XR-350,tarde,57.0,9039.0,1,69.12,1.372,6.34,541.9,,0
2166,MQ-0096,Oeste,XR 200,mañana,67.0,11990.0,2,68.7,1.598,5.48,720.6,,0
2963,MQ-0172,Este,tl120,tarde,23.0,5529.0,1,75.37,1.71,5.64,543.4,,0
4129,MQ-0021,Sur,TL-120,tarde,52.0,9563.0,2,64.21,1.811,5.33,612.8,,0
118,MQ-0136,Norte,XR-200,mañana,73.0,14307.0,3,70.15,1.78,5.82,639.5,,0
40,MQ-0003,Este,XR-350,tarde,50.0,8354.0,1,80.72,2.221,5.99,,,0
1193,MQ-0029,Oeste,XR-200,tarde,61.0,8294.0,4,63.31,2.447,5.67,543.5,3670.51,1
1996,MQ-0036,Oeste,TL-90,tarde,61.0,8154.0,5,68.0,1.767,5.91,549.2,,0
2467,MQ-0012,Oeste,XR-350,mañana,30.0,5389.0,1,61.91,,6.33,443.7,,0
564,MQ-0039,Norte,TL-90,tarde,89.0,10829.0,4,83.26,3.414,6.78,805.9,,0
723,MQ-0074,Oeste,XR-200,mañana,9.0,3052.0,1,71.19,1.652,5.19,584.3,,0
1419,MQ-0059,Norte,BM 500,tarde,61.0,12184.0,2,84.04,3.994,5.45,671.3,3115.05,1
491,MQ-0037,Norte,XR-350,mañana,28.0,4891.0,2,79.19,1.161,5.82,,,0
1071,MQ-0124,Oeste,XR-350,noche,45.0,7873.0,2,63.6,1.26,7.12,547.6,,0
3376,MQ-0109,Oeste,XR 200,tarde,68.0,10495.0,1,82.77,2.063,5.19,659.8,,0
3650,MQ-0179,Este,BM-500,tarde,27.0,2936.0,0,64.27,2.581,6.17,464.0,,0
3796,MQ-0087,Este,bm500,mañana,28.0,3899.0,1,85.51,2.32,6.02,679.0,3761.97,1
3707,MQ-0030,Norte,TL 120,mañana,65.0,8203.0,4,67.92,,6.5,644.8,,0
523,MQ-0061,Norte,XR-350,mañana,37.0,5054.0,0,61.7,1.637,5.22,411.1,,0
2882,MQ-0037,Oeste,XR-350,noche,66.0,12856.0,1,82.67,1.484,6.26,,,0
2426,MQ-0168,Este,XR-350,mañana,49.0,9240.0,2,69.25,2.812,5.29,611.6,,0
3355,MQ-0119,Sur,XR-350,tarde,96.0,12759.0,6,67.04,1.747,6.43,658.4,,0
3694,MQ-0064,Norte,BM-500,mañana,93.0,17437.0,4,60.91,2.02,6.57,667.4,,0
2023,MQ-0060,Norte,XR-200,mañana,28.0,6753.0,0,999.0,3.012,6.43,,,0
3175,MQ-0082,Sur,XR-350,tarde,50.0,5374.0,2,86.02,1.481,7.09,584.3,,0
2076,MQ-0007,Norte,XR 350,mañana,45.0,7227.0,3,62.3,1.452,7.22,452.8,,0
2092,MQ-0117,Norte,XR 350,noche,28.0,3642.0,0,65.06,3.506,5.37,493.7,,0
1727,MQ-0065,Norte,TL-90,noche,22.0,1042.0,2,86.97,3.583,6.78,551.5,,0
3941,MQ-0121,Norte,XR-200,mañana,23.0,2178.0,1,62.98,2.678,6.17,386.0,,0
2684,MQ-0076,Oeste,TL-120,mañana,21.0,3029.0,1,59.85,1.227,6.39,322.4,,0
610,MQ-0083,Oeste,TL-90,tarde,44.0,11392.0,4,60.49,0.903,7.06,653.6,,0
4165,MQ-0087,Sur,XR-200,mañana,91.0,15831.0,2,63.09,3.907,6.09,689.7,,0
2321,MQ-0122,Norte,TL-120,mañana,95.0,17416.0,7,65.39,1.647,6.66,677.2,,0
460,MQ-0056,Sur,XR-350,tarde,34.0,5058.0,3,68.79,2.426,6.31,486.6,,0
3553,MQ-0091,Norte,XR-200,tarde,33.0,5357.0,3,63.23,1.101,6.82,529.4,,0
2435,MQ-0180,Sur,XR 350,noche,44.0,7141.0,2,66.98,,5.29,595.7,,0
998,MQ-0166,Este,TL-90,tarde,20.0,1480.0,0,999.0,3.536,5.84,417.2,,0
577,MQ-0119,Norte,TL-90,noche,50.0,9592.0,3,62.54,2.276,5.84,611.6,,0
1651,MQ-0060,Norte,XR-350,mañana,40.0,7131.0,1,56.25,1.553,5.86,493.0,,0
1164,MQ-0171,Norte,XR-200,noche,11.0,1779.0,0,72.79,3.81,6.17,430.0,,0
20,MQ-0101,Oeste,XR-200,tarde,28.0,5669.0,2,65.05,1.734,6.16,387.1,,0
1961,MQ-0105,Oeste,XR-200,tarde,21.0,7027.0,2,79.48,2.915,5.6,621.7,,0
4133,MQ-0047,Sur,XR-200,noche,26.0,50.0,1,84.19,3.371,6.04,550.9,9365.27,1
3849,MQ-0055,Oeste,TL-120,noche,20.0,8233.0,0,63.06,,5.87,531.1,,0
1636,MQ-0006,Norte,xr200,tarde,23.0,5195.0,0,82.6,3.958,7.04,552.7,,0
2274,MQ-0031,Sur,TL-90,mañana,28.0,5602.0,0,,1.038,5.86,677.3,,0
1275,MQ-0039,Norte,XR-350,mañana,67.0,9576.0,4,78.5,1.053,-1.0,,,0
1817,MQ-0158,Norte,XR-200,tarde,15.0,2095.0,1,65.82,1.875,7.2,374.6,,0
756,MQ-0072,Este,XR-350,mañana,44.0,8626.0,2,87.86,2.916,5.04,731.4,,0
755,MQ-0022,Norte,XR-200,mañana,68.0,14199.0,1,64.13,1.735,7.29,637.8,,0
4231,MQ-0013,Norte,TL-90,noche,52.0,6553.0,6,77.21,1.305,5.15,525.1,,0
1328,MQ-0151,Sur,XR-350,mañana,32.0,4031.0,1,65.99,1.562,6.42,485.7,,0
640,MQ-0175,Este,TL-90,tarde,18.0,4406.0,1,65.61,2.045,5.88,,,0
3208,MQ-0171,Norte,XR-200,noche,64.0,9262.0,3,76.88,2.37,6.11,652.1,,0
44,MQ-0046,Norte,BM-500,tarde,30.0,4815.0,3,67.44,2.351,6.06,524.6,,0
8,MQ-0141,Norte,TL-120,mañana,32.0,5973.0,1,60.16,0.808,7.56,420.8,,0
3417,MQ-0028,Norte,XR-200,mañana,29.0,4183.0,2,63.4,1.508,6.24,534.6,,0
4228,MQ-0057,Sur,TL-90,mañana,58.0,9084.0,2,78.13,2.22,6.45,659.5,,0
2797,MQ-0157,Oeste,TL-90,mañana,40.0,2897.0,2,73.88,1.481,5.07,589.8,,0
3719,MQ-0038,Oeste,XR-350,tarde,17.0,4782.0,0,66.58,2.649,6.89,606.1,,0
472,MQ-0148,Oeste,XR-200,noche,29.0,6135.0,1,83.8,,5.09,642.5,,0
422,MQ-0132,Este,XR-350,tarde,57.0,10634.0,3,62.99,0.79,5.37,632.1,,0
3324,MQ-0003,Sur,XR-200,noche,15.0,3508.0,1,80.38,1.101,7.11,651.0,,0
3295,MQ-0047,Norte,XR-200,tarde,59.0,9805.0,4,59.95,2.573,5.64,541.0,,0
190,MQ-0002,Sur,TL-90,mañana,43.0,8393.0,2,80.01,1.419,5.93,674.0,,0
4198,MQ-0074,Norte,TL-120,tarde,40.0,7288.0,2,81.9,3.534,6.01,715.0,,0
1948,MQ-0166,Este,xr200,tarde,19.0,3315.0,0,62.8,1.615,5.77,410.2,,0
3400,MQ-0157,Norte,XR-200,mañana,70.0,11913.0,2,86.53,3.036,5.91,661.7,,0
3121,MQ-0080,Sur,XR 350,noche,42.0,2703.0,0,82.82,5.075,6.78,550.9,,0
655,MQ-0059,Norte,TL 90,tarde,41.0,6013.0,2,80.92,1.726,4.19,692.3,,0
906,MQ-0047,Sur,TL-90,tarde,22.0,5336.0,2,68.13,1.611,5.36,593.9,4784.08,1
2153,MQ-0027,Norte,BM-500,mañana,22.0,2425.0,1,57.01,1.085,6.53,339.4,,0
3885,MQ-0126,Norte,BM 500,mañana,10.0,2128.0,0,74.42,2.234,5.98,459.0,,0
3549,MQ-0027,Este,XR-350,tarde,19.0,4566.0,1,79.43,3.943,5.5,605.2,,0
3050,MQ-0081,Norte,XR-350,tarde,28.0,4325.0,1,58.59,2.436,7.24,391.7,,0
465,MQ-0070,Este, TL-120 ,noche,56.0,6262.0,5,68.91,2.454,7.07,507.9,,0
1855,MQ-0178,Este,XR 200,tarde,35.0,3153.0,0,61.09,1.965,5.91,487.0,,0
1806,MQ-0095,Este,XR-200,mañana,35.0,8170.0,0,83.98,1.778,6.4,692.5,,0
905,MQ-0004,Este,TL-120,mañana,84.0,16660.0,7,57.86,3.517,6.49,654.8,2334.2,1
2202,MQ-0035,Sur,TL-120,noche,52.0,2994.0,3,64.32,2.029,6.29,378.2,,0
1692,MQ-0043,Norte,TL-90,mañana,36.0,7869.0,3,66.03,1.99,5.69,504.7,,0
1034,MQ-0169,Este,XR-200,tarde,46.0,6634.0,4,67.34,4.679,6.3,573.4,2476.28,1
3895,MQ-0014,Sur,tl120,mañana,130.0,18567.0,3,87.33,12.158,5.75,864.7,5921.22,1
2741,MQ-0051,Oeste,BM 500,tarde,32.0,8190.0,3,85.95,1.706,5.41,691.1,,0
1436,MQ-0120,Este,BM-500,noche,33.0,5654.0,4,59.98,2.191,5.28,511.3,,0
4197,MQ-0144,Norte,XR-350,mañana,12.0,50.0,0,64.21,1.723,5.98,362.3,,0
2918,MQ-0102,Este,XR-200,noche,37.0,3718.0,5,65.83,1.603,7.55,500.1,,0
66,MQ-0101,Norte, XR-200 ,mañana,50.0,10108.0,0,62.98,1.407,7.12,570.1,,0
2393,MQ-0011,Sur,BM-500,mañana,59.0,10904.0,1,63.19,3.399,5.47,683.9,,0
1433,MQ-0035,Sur,TL-90,tarde,24.0,4256.0,1,65.72,2.576,6.93,424.0,,0
3638,MQ-0057,Norte,XR-200,mañana,52.0,4056.0,3,79.97,3.128,5.96,673.5,,0
996,MQ-0055,Norte,TL 90,mañana,50.0,5765.0,5,81.91,2.039,5.85,596.4,930.97,1
3692,MQ-0066,Sur,XR-350,mañana,95.0,19724.0,2,81.79,1.364,7.25,937.2,,0
2951,MQ-0150,Sur,BM-500,tarde,41.0,5731.0,1,82.13,1.038,5.36,688.5,,0
1781,MQ-0135,Oeste,XR-350,noche,28.0,6008.0,1,63.67,1.721,6.29,520.6,,0
2893,MQ-0003,Sur,XR-200,mañana,17.0,1867.0,1,58.87,2.764,6.51,,,0
3670,MQ-0088,Oeste,TL-90,mañana,76.0,14557.0,3,73.72,2.612,6.25,,,0
130,MQ-0066,Este,BM-500,mañana,71.0,12792.0,3,63.51,2.797,6.1,712.1,,0
3871,MQ-0090,Sur,TL-120,tarde,34.0,4474.0,1,80.01,1.953,6.38,481.5,3174.92,1
850,MQ-0099,Sur,XR-350,mañana,44.0,9229.0,0,86.95,2.596,6.2,747.5,,0
2201,MQ-0082,Norte,TL-90,mañana,28.0,1158.0,0,79.11,1.421,5.53,447.6,,0
3472,MQ-0016,Norte,TL-120,mañana,21.0,4329.0,1,62.56,2.609,6.87,455.3,,0
2609,MQ-0004,Norte,xr200,tarde,12.0,3298.0,1,59.65,3.23,6.51,378.9,,0
3906,MQ-0101,Este,BM-500,tarde,31.0,6087.0,0,61.62,2.262,-1.0,507.8,,0
3464,MQ-0013,Este,XR-200,noche,45.0,6872.0,2,,,5.51,600.2,,0
4017,MQ-0088,Oeste,XR-200,mañana,61.0,11224.0,3,66.27,2.605,6.4,,1869.47,1
1923,MQ-0024,Norte,XR-350,tarde,53.0,7787.0,6,84.38,1.209,7.3,712.5,,0
2947,MQ-0073,Sur,TL 90,mañana,34.0,4757.0,0,64.73,1.787,5.44,509.0,,0
2744,MQ-0043,Norte,XR-200,noche,5.0,2565.0,0,56.39,,5.95,364.0,,0
4068,MQ-0050,Norte,XR-200,tarde,17.0,2646.0,1,61.19,1.51,6.1,439.4,,0
2511,MQ-0043,Norte,xr350,mañana,37.0,8516.0,3,61.69,2.643,6.51,690.7,,0
3787,MQ-0142,Norte,XR-200,noche,31.0,5693.0,3,74.19,0.797,5.59,553.0,,0
2659,MQ-0045,Norte,TL-90,mañana,26.0,4242.0,0,61.61,1.247,6.45,429.0,,0
1482,MQ-0138,Este,BM 500,tarde,23.0,6617.0,0,67.51,1.197,6.43,552.8,,0
3063,MQ-0092,Sur,TL 90,noche,43.0,6973.0,4,65.95,,7.44,551.7,,0
383,MQ-0032,Sur,XR 200,tarde,15.0,4777.0,1,67.45,1.781,7.09,458.4,,0
3997,MQ-0130,Este,XR-200,mañana,45.0,6195.0,2,,1.628,7.23,711.8,,0
3401,MQ-0176,Oeste,XR-200,tarde,50.0,9035.0,3,78.05,1.071,7.11,724.8,,0
4093,MQ-0147,Norte,xr350,mañana,18.0,2349.0,0,84.35,1.044,7.2,578.3,,0
3329,MQ-0094,Sur,TL-90,mañana,22.0,3148.0,3,58.91,0.943,6.24,462.0,,0
559,MQ-0018,Norte,TL-90,mañana,31.0,8288.0,5,57.84,1.718,6.98,502.3,,0
836,MQ-0124,Norte,XR-200,tarde,108.0,15337.0,3,83.53,3.258,6.09,888.0,1560.03,1
30,MQ-0111,Este,TL-90,mañana,13.0,2592.0,2,82.63,2.292,5.75,615.2,,0
464,MQ-0004,Oeste,XR-200,tarde,77.0,13591.0,1,72.25,1.245,6.09,,,0
2542,MQ-0067,Este,TL-90,mañana,47.0,8253.0,2,69.76,2.645,6.77,519.3,,0
3960,MQ-0096,Sur,TL 90,tarde,21.0,2359.0,1,65.79,1.515,6.1,395.6,,0
1826,MQ-0143,Sur,XR-200,mañana,19.0,50.0,1,85.15,5.12,7.39,475.8,1041.62,1
3936,MQ-0058,Norte,TL-90,tarde,29.0,6659.0,1,62.99,1.278,5.8,584.9,,0
2615,MQ-0076,Oeste,xr350,mañana,45.0,6399.0,2,84.49,2.182,4.46,615.3,3633.71,1
3277,MQ-0081,Oeste,XR-200,tarde,55.0,9902.0,2,81.07,5.36,6.41,680.7,3383.37,1
3207,MQ-0074,Sur,tl120,tarde,16.0,737.0,1,61.63,2.49,6.01,460.6,,0
519,MQ-0101,Sur,BM-500,mañana,49.0,5557.0,2,84.61,1.43,7.8,536.8,,0
3033,MQ-0119,Norte,BM-500,mañana,35.0,5870.0,3,74.91,2.338,5.9,536.7,,0
1873,MQ-0168,Norte,XR-350,noche,25.0,6206.0,1,59.09,2.322,5.8,556.0,,0
3300,MQ-0132,Norte,XR-350,tarde,66.0,8434.0,2,63.29,3.907,6.18,,,0
596,MQ-0167,Norte,bm500,tarde,106.0,16874.0,7,,6.121,4.6,846.8,4589.76,1
470,MQ-0030,Este,TL-120,tarde,48.0,4399.0,2,58.84,1.979,6.28,416.2,,0
3784,MQ-0054,Este,BM-500,mañana,37.0,3507.0,2,70.08,2.454,5.77,452.2,,0
2730,MQ-0061,Sur,XR-200,tarde,23.0,2045.0,1,85.44,1.589,6.17,667.2,,0
2703,MQ-0149,Norte,tl120,mañana,17.0,3601.0,2,65.79,1.76,6.7,422.2,,0
1555,MQ-0156,Oeste,XR-350,mañana,83.0,13182.0,3,60.54,2.258,7.28,660.5,,0
98,MQ-0166,Este,XR-350,mañana,22.0,6173.0,0,65.86,0.484,7.32,537.2,,0
2743,MQ-0140,Sur,TL-90,tarde,80.0,10422.0,5,81.27,2.165,6.42,683.5,,0
2077,MQ-0048,Este,XR-200,tarde,68.0,10269.0,5,83.48,1.675,-1.0,718.1,,0
448,MQ-0150,Este,TL-120,mañana,56.0,10786.0,4,69.8,2.056,5.87,689.1,,0
3021,MQ-0002,Norte,TL-90,noche,11.0,50.0,1,82.39,3.087,5.43,493.0,3116.31,1
1734,MQ-0025,Sur,XR-200,tarde,24.0,1283.0,2,77.96,2.849,5.79,502.4,,0
1898,MQ-0133,Este,XR-200,tarde,45.0,5355.0,1,63.92,2.265,5.12,482.1,,0
4179,MQ-0039,Norte, TL-90 ,tarde,29.0,7720.0,1,82.21,1.837,6.69,581.9,,0
3702,MQ-0179,Norte,TL-90,mañana,29.0,4263.0,1,71.21,1.562,7.52,,,0
3939,MQ-0030,Sur,TL-120,tarde,29.0,4896.0,2,65.37,1.697,7.29,488.7,,0
2604,MQ-0145,Sur,XR-200,tarde,21.0,5508.0,1,63.96,2.045,5.63,524.7,,0
3743,MQ-0084,Sur,TL-90,tarde,23.0,3737.0,2,83.05,2.27,5.78,682.5,,0
3129,MQ-0151,Sur, TL-90 ,mañana,37.0,6550.0,2,62.75,1.93,5.59,438.8,,0
2574,MQ-0085,Sur,TL 120,mañana,98.0,16807.0,6,62.72,1.03,5.3,778.5,,0
3681,MQ-0133,Norte,XR-200,mañana,19.0,1814.0,1,91.72,3.873,6.44,566.6,3922.52,1
3168,MQ-0147,Norte,bm500,mañana,77.0,12903.0,1,64.97,1.535,6.59,692.0,,0
2324,MQ-0135,Sur,TL-90,tarde,12.0,1807.0,0,62.51,3.007,5.46,415.2,,0
287,MQ-0077,Sur,XR-200,noche,12.0,2081.0,0,65.36,5.891,5.77,488.2,4281.15,1
3596,MQ-0019,Sur,XR-200,tarde,61.0,9908.0,3,82.11,1.319,4.61,672.6,,0
780,MQ-0074,Sur,tl120,tarde,22.0,792.0,1,77.38,1.49,6.12,530.5,,0
3763,MQ-0086,Norte,XR-350,mañana,33.0,5446.0,4,78.54,2.415,4.52,580.3,,0
3842,MQ-0160,Sur,TL-120,mañana,62.0,5749.0,1,85.55,1.28,6.98,583.2,,0
2053,MQ-0017,Este,TL-90,noche,21.0,4598.0,0,83.38,2.493,6.72,496.9,,0
429,MQ-0118,Sur,xr200,noche,64.0,11528.0,1,64.23,,7.28,543.1,,0
3753,MQ-0172,Este,XR-200,tarde,71.0,11336.0,2,65.1,1.984,6.03,669.1,,0
1468,MQ-0093,Norte,tl90,noche,16.0,3499.0,0,65.63,3.933,5.59,521.9,,0
3004,MQ-0127,Oeste,xr200,tarde,38.0,7899.0,1,85.43,2.655,6.33,,,0
4052,MQ-0088,Oeste,XR-200,tarde,23.0,1193.0,1,,1.558,5.25,582.4,,0
3987,MQ-0038,Sur,XR-350,tarde,60.0,10702.0,8,81.77,1.806,5.98,803.9,,0
351,MQ-0138,Sur,XR-350,mañana,73.0,12186.0,2,66.25,1.338,6.84,712.1,,0
3727,MQ-0171,Norte,XR-350,mañana,24.0,4199.0,1,77.76,1.1,6.02,603.8,1724.57,1
661,MQ-0036,Oeste,TL-120,tarde,28.0,4285.0,0,66.94,1.142,7.6,520.9,,0
3306,MQ-0045,Norte,XR-200,tarde,28.0,5293.0,3,84.82,2.604,5.12,662.5,,0
2319,MQ-0171,Sur,xr350,noche,37.0,4537.0,0,62.63,1.322,5.51,438.0,,0
384,MQ-0131,Este,TL-120,noche,31.0,7331.0,1,61.26,,5.72,503.5,,0
4175,MQ-0079,Sur,XR-350,tarde,47.0,5446.0,1,66.08,2.01,6.41,545.5,,0
466,MQ-0063,Norte,XR 350,mañana,27.0,3245.0,1,69.4,2.195,6.83,491.1,,0
1133,MQ-0070,Norte,XR-350,mañana,54.0,6641.0,4,67.62,1.571,6.59,546.5,,0
300,MQ-0123,Norte,TL-120,noche,19.0,4707.0,1,67.66,1.636,6.94,441.0,,0
1616,MQ-0013,Norte,TL-120,tarde,28.0,6551.0,3,66.01,1.721,5.97,454.3,,0
2689,MQ-0139,Oeste,TL-90,mañana,70.0,11715.0,3,59.1,,7.1,667.9,,0
3380,MQ-0087,Oeste,TL-120,tarde,8.0,1515.0,0,68.34,1.221,6.03,372.8,,0
2326,MQ-0009,Norte,BM-500,tarde,64.0,9604.0,6,63.52,0.921,5.98,558.7,,0
1938,MQ-0061,Sur,XR-200,mañana,56.0,11018.0,3,67.0,1.517,5.55,685.8,,0
4008,MQ-0135,Norte,XR-200,noche,26.0,4724.0,0,83.87,,6.46,606.6,,0
3492,MQ-0001,Sur,BM-500,mañana,26.0,5318.0,1,82.21,1.695,6.32,632.7,4735.57,1
3729,MQ-0023,Oeste,TL-90,mañana,41.0,6083.0,4,83.13,1.888,6.44,672.8,,0
1049,MQ-0057,Sur,BM 500,tarde,83.0,13458.0,4,85.78,0.798,5.49,908.7,,0
3858,MQ-0061,Norte,TL-120,tarde,22.0,3245.0,1,59.56,2.237,6.37,443.9,,0
2966,MQ-0063,Sur,TL-120,tarde,36.0,4122.0,0,61.61,1.098,5.88,521.5,,0
1529,MQ-0154,Norte,TL-120,tarde,69.0,11724.0,3,64.41,3.665,8.26,790.3,,0
3642,MQ-0173,Norte,XR-350,noche,15.0,840.0,0,,,6.07,506.3,,0
847,MQ-0117,Norte,XR-350,tarde,51.0,6363.0,1,83.9,1.139,6.21,666.4,,0
252,MQ-0102,Oeste,BM-500,mañana,51.0,13010.0,3,65.16,3.408,6.38,663.3,,0
3003,MQ-0026,Sur,TL-120,tarde,13.0,2867.0,0,60.78,3.738,6.49,437.7,,0
3529,MQ-0111,Sur,TL-120,mañana,18.0,455.0,0,71.77,2.241,4.44,444.6,,0
807,MQ-0099,Este,XR-200,mañana,37.0,8904.0,1,79.09,1.623,6.19,720.7,,0
1553,MQ-0140,Norte,XR-200,mañana,58.0,8315.0,6,64.64,1.14,7.31,522.8,,0
3725,MQ-0138,Este,XR 350,tarde,24.0,4553.0,0,,3.365,6.61,547.6,7518.0,1
716,MQ-0089,Sur,xr350,noche,21.0,4301.0,0,61.33,,6.46,363.2,,0
3797,MQ-0001,Sur,TL-90,mañana,48.0,8396.0,3,63.9,,5.92,570.5,,0
4013,MQ-0070,Norte,TL-120,mañana,124.0,18964.0,6,69.52,1.413,5.17,852.6,368.09,1
3487,MQ-0054,Sur,XR-350,tarde,24.0,50.0,2,62.68,1.458,6.19,285.6,,0
3188,MQ-0096,Norte,TL-120,tarde,64.0,8982.0,1,65.83,1.123,6.05,550.9,,0
1045,MQ-0171,Sur,TL-90,mañana,31.0,6008.0,0,61.67,0.864,5.76,517.3,,0
2021,MQ-0159,Sur,TL-90,tarde,57.0,10232.0,2,86.47,1.869,6.44,797.8,,0
1760,MQ-0070,Sur,XR-350,tarde,51.0,7656.0,6,67.83,4.77,5.57,533.9,2452.21,1
2145,MQ-0111,Oeste,XR-200,tarde,16.0,2566.0,1,85.02,4.453,4.04,674.3,,0
2255,MQ-0078,Sur, XR-200 ,noche,39.0,5947.0,0,80.96,1.809,6.72,555.5,,0
3404,MQ-0090,Este,xr350,mañana,32.0,4816.0,1,67.94,3.871,7.38,523.0,,0
2677,MQ-0094,Oeste,TL-120,mañana,63.0,11411.0,2,67.48,1.288,5.47,642.5,,0
331,MQ-0098,Este,XR-200,noche,44.0,6314.0,0,62.99,1.799,6.16,532.9,,0
4098,MQ-0151,Sur,XR-350,tarde,16.0,3674.0,1,63.74,1.54,6.44,565.3,,0
3873,MQ-0160,Este,BM-500,tarde,30.0,4590.0,2,71.76,1.904,6.44,505.0,,0
1516,MQ-0176,Sur,TL-90,mañana,44.0,8103.0,6,83.04,3.504,6.53,629.2,,0
862,MQ-0109,Sur,tl120,tarde,30.0,4728.0,3,67.32,1.637,5.33,512.7,,0
1199,MQ-0072,Este,XR-350,tarde,44.0,10737.0,1,68.27,2.613,5.47,657.7,,0
1112,MQ-0058,Oeste,tl120,mañana,16.0,1980.0,0,62.88,1.342,6.23,477.5,,0
328,MQ-0093,Norte,XR-350,mañana,26.0,4113.0,1,63.86,2.742,7.11,496.8,,0
1089,MQ-0137,Norte,TL-120,noche,85.0,14006.0,5,65.59,2.524,5.89,674.2,,0
2804,MQ-0158,Norte,tl90,tarde,38.0,3039.0,1,83.66,1.268,5.61,551.2,,0
4,MQ-0030,Oeste,TL-120,noche,31.0,5716.0,2,72.26,2.408,6.34,370.2,,0
2225,MQ-0016,Sur,BM-500,tarde,5.0,3020.0,0,78.7,1.823,4.85,476.1,1489.01,1
1491,MQ-0001,Este,XR-200,noche,35.0,3321.0,3,78.86,1.196,5.5,560.7,,0
3730,MQ-0108,Sur,tl90,noche,22.0,577.0,1,81.1,0.844,6.87,508.3,,0
550,MQ-0097,Norte,TL-120,noche,28.0,3401.0,0,71.83,1.744,7.26,498.1,2295.87,1
557,MQ-0159,Norte,XR-350,tarde,11.0,653.0,0,68.7,1.479,5.59,419.5,,0
1486,MQ-0036,Este,XR-200,mañana,79.0,13734.0,5,63.34,0.575,4.66,608.1,,0
265,MQ-0168,Sur,xr200,mañana,110.0,19275.0,4,61.88,0.93,6.75,701.8,,0
1472,MQ-0162,Este,BM-500,tarde,50.0,7208.0,1,60.44,1.853,6.25,505.7,,0
1235,MQ-0116,Norte,TL-120,noche,78.0,12350.0,2,,,5.48,793.3,1399.93,1
1155,MQ-0032,Sur,XR-200,tarde,50.0,9812.0,3,80.67,1.895,5.04,658.6,,0
1402,MQ-0041,Norte,XR-200,mañana,62.0,10931.0,4,62.06,1.821,5.75,781.8,,0
2285,MQ-0083,Oeste,XR-200,tarde,42.0,5762.0,0,73.11,2.656,7.16,582.3,,0
919,MQ-0083,Oeste,TL-90,mañana,65.0,9321.0,2,68.12,2.801,6.4,663.6,,0
3868,MQ-0177,Norte,TL-120,tarde,53.0,6815.0,4,62.47,3.564,6.56,432.2,,0
1065,MQ-0068,Norte,TL-90,noche,33.0,5206.0,3,64.65,,5.63,,,0
3201,MQ-0165,Este,TL-90,tarde,43.0,7442.0,2,78.87,2.416,5.69,,,0
1513,MQ-0020,Sur,XR-350,mañana,28.0,4893.0,3,66.49,1.761,6.58,518.1,,0
1822,MQ-0170,Este,XR-350,mañana,15.0,6913.0,1,80.54,2.094,5.59,691.5,,0
468,MQ-0172,Norte,TL-90,noche,57.0,11178.0,3,64.8,,8.07,686.3,,0
345,MQ-0145,Norte,xr350,tarde,49.0,9979.0,4,999.0,1.57,7.03,757.0,,0
4161,MQ-0113,Oeste,XR-350,noche,42.0,4836.0,1,87.26,,6.5,642.7,,0
3567,MQ-0044,Norte,XR 350,tarde,16.0,1899.0,1,66.7,1.495,6.7,540.2,,0
3099,MQ-0004,Norte,TL-120,noche,21.0,3929.0,1,81.51,1.254,-1.0,529.2,,0
2842,MQ-0121,Norte,XR-200,mañana,67.0,12028.0,3,67.63,2.036,6.81,,,0
1418,MQ-0057,Oeste,TL-120,tarde,19.0,2605.0,1,65.23,1.246,6.35,357.0,,0
3124,MQ-0063,Norte,TL-120,mañana,26.0,1411.0,5,85.17,1.157,7.35,552.9,,0
2383,MQ-0063,Sur,TL 90,noche,22.0,4119.0,1,63.54,,6.27,448.4,,0
1449,MQ-0092,Oeste,TL-120,mañana,53.0,6507.0,0,68.6,1.722,5.45,592.3,,0
3586,MQ-0079,Oeste,XR-200,mañana,56.0,9816.0,4,61.82,4.034,5.63,595.1,,0
1889,MQ-0055,Sur,TL-120,mañana,34.0,4099.0,6,,2.316,6.51,659.8,,0
3412,MQ-0047,Norte,XR-200,tarde,25.0,5267.0,2,54.16,1.04,6.13,418.7,,0
3500,MQ-0008,Este,TL-90,tarde,15.0,2756.0,1,87.49,1.862,6.02,624.9,,0
2358,MQ-0121,Sur,TL-90,tarde,11.0,4291.0,0,70.72,3.499,5.94,428.3,,0
2025,MQ-0014,Norte,XR-200,tarde,33.0,8952.0,0,71.34,1.335,5.97,712.6,,0
2517,MQ-0079,Norte,BM-500,mañana,30.0,2881.0,0,69.53,3.583,6.57,514.7,,0
22,MQ-0141,Sur,BM-500,tarde,80.0,13487.0,4,65.07,1.878,6.04,708.0,,0
3565,MQ-0085,Este,BM-500,tarde,37.0,4590.0,3,84.95,1.744,6.55,633.8,,0
1080,MQ-0011,Este,XR-350,tarde,19.0,5797.0,2,66.43,0.893,6.08,515.5,,0
2597,MQ-0131,Este,TL-90,tarde,52.0,14404.0,2,60.65,0.76,7.08,687.6,,0
2528,MQ-0046,Oeste,xr350,mañana,45.0,11629.0,2,63.39,2.388,6.48,511.3,,0
1048,MQ-0133,Este,BM-500,noche,37.0,6722.0,2,61.51,2.004,5.58,456.4,,0
4124,MQ-0077,Oeste, XR-200 ,mañana,14.0,3056.0,1,67.5,1.544,6.43,482.8,,0
2617,MQ-0092,Norte,tl120,mañana,22.0,5428.0,0,62.47,1.904,6.73,526.3,,0
1978,MQ-0047,Norte,XR-350,tarde,32.0,6297.0,1,78.53,1.114,7.04,571.7,,0
3365,MQ-0106,Sur,XR 200,mañana,32.0,5391.0,1,64.99,1.992,5.7,410.4,,0
811,MQ-0096,Oeste,BM-500,tarde,19.0,4009.0,2,86.64,5.332,4.9,744.8,3434.45,1
4156,MQ-0014,Sur,tl120,mañana,48.0,7551.0,1,,3.129,6.87,520.1,,0
3143,MQ-0002,Este,XR-200,mañana,85.0,14786.0,3,67.6,18.711,5.87,772.4,2272.45,1
4196,MQ-0110,Sur,xr200,mañana,27.0,3453.0,2,67.8,2.256,5.34,463.4,,0
1369,MQ-0050,Este,XR-350,tarde,36.0,4982.0,3,63.87,2.627,6.66,505.7,,0
2513,MQ-0165,Norte,XR-350,mañana,48.0,8800.0,0,59.31,1.711,6.44,593.4,,0
1521,MQ-0070,Sur,TL-90,noche,20.0,4506.0,3,75.3,2.414,5.26,595.1,,0
3838,MQ-0108,Norte,TL-120,noche,13.0,4207.0,0,64.99,,6.79,577.9,3158.82,1
937,MQ-0078,Norte,XR-200,mañana,70.0,12318.0,4,64.25,2.287,6.57,715.9,,0
1206,MQ-0142,Norte,XR 200,noche,27.0,6114.0,2,85.2,,7.16,637.5,,0
1203,MQ-0005,Sur,XR-350,tarde,74.0,9505.0,2,82.72,2.335,6.3,738.8,,0
3741,MQ-0102,Sur,XR-350,mañana,24.0,4141.0,1,69.3,2.307,7.25,542.8,,0
131,MQ-0051,Sur,xr200,noche,32.0,4021.0,0,61.66,2.402,6.84,568.2,,0
522,MQ-0132,Este,TL-120,mañana,40.0,6361.0,2,85.76,1.724,5.02,605.3,,0
956,MQ-0110,Norte,XR-350,mañana,103.0,19476.0,3,86.32,2.005,6.78,881.2,,0
914,MQ-0152,Norte,BM-500,mañana,24.0,3272.0,0,84.46,2.667,6.24,484.0,,0
860,MQ-0018,Este,XR-200,noche,20.0,779.0,0,65.95,1.452,5.45,,,0
2034,MQ-0079,Este,BM-500,mañana,11.0,2739.0,0,79.22,1.434,6.01,488.1,,0
1652,MQ-0026,Norte,XR-350,mañana,35.0,6135.0,1,69.76,6.92,5.81,415.9,3656.34,1
1316,MQ-0108,Norte,XR-350,mañana,44.0,3650.0,1,61.91,2.156,6.27,345.2,,0
2176,MQ-0067,Norte,BM-500,mañana,62.0,7662.0,6,62.61,2.174,5.59,592.6,,0
1810,MQ-0053,Norte,TL-90,noche,31.0,2413.0,3,,,5.44,460.6,,0
3092,MQ-0097,Este,TL-120,mañana,30.0,5096.0,2,69.04,1.818,5.39,529.9,,0
624,MQ-0118,Sur,XR-350,tarde,47.0,6096.0,1,,1.993,5.97,691.3,,0
689,MQ-0100,Sur,TL-90,mañana,4.0,1611.0,0,62.28,2.64,6.36,414.3,2255.3,1
2783,MQ-0172,Sur,TL-90,mañana,13.0,1796.0,0,66.51,1.685,6.03,497.4,,0
1367,MQ-0160,Norte,XR 350,noche,43.0,6847.0,3,66.58,2.65,5.97,625.6,,0
611,MQ-0170,Norte,BM-500,noche,42.0,6105.0,1,999.0,,7.28,685.1,3536.98,1
2420,MQ-0121,Este,BM-500,tarde,17.0,3221.0,0,71.1,3.463,5.09,500.9,,0
463,MQ-0065,Sur,XR 200,noche,101.0,17408.0,4,63.73,2.654,5.68,756.9,,0
1574,MQ-0054,Este,TL-90,tarde,43.0,4932.0,1,63.99,2.744,5.24,,,0
793,MQ-0036,Este,XR-350,mañana,16.0,69.0,0,86.22,1.685,6.14,480.2,,0
309,MQ-0054,Norte,TL-90,noche,33.0,7506.0,1,66.03,,5.2,496.6,,0
3975,MQ-0135,Sur,BM-500,noche,59.0,10894.0,6,63.03,,6.34,589.2,,0
580,MQ-0079,Sur,TL 90,mañana,71.0,11448.0,3,66.63,1.824,5.61,648.8,,0
106,MQ-0059,Norte,XR-350,mañana,65.0,10132.0,1,67.13,1.445,6.37,631.6,,0
1706,MQ-0094,Este,XR-200,tarde,15.0,2472.0,3,55.57,2.234,5.68,288.4,,0
3471,MQ-0174,Este,XR-350,mañana,44.0,7253.0,3,63.15,2.61,7.05,499.3,,0
1012,MQ-0146,Sur,XR-200,mañana,63.0,10056.0,0,66.47,3.349,6.68,582.2,,0
1035,MQ-0068,Oeste,tl90,tarde,23.0,3357.0,0,82.58,2.663,6.49,489.0,,0
4018,MQ-0101,Oeste,XR-350,mañana,30.0,3510.0,2,85.12,1.457,6.5,640.9,,0
1337,MQ-0112,Oeste,XR-350,mañana,13.0,587.0,0,64.15,1.135,6.63,402.6,,0
2038,MQ-0022,Norte,XR-200,tarde,38.0,1476.0,3,81.72,1.722,5.21,574.4,,0
3225,MQ-0078,Este,tl90,mañana,56.0,4766.0,1,65.01,0.618,6.24,475.4,,0
2237,MQ-0064,Oeste,TL-120,mañana,66.0,9646.0,1,65.51,1.317,6.89,657.3,,0
2655,MQ-0015,Este,tl90,mañana,84.0,14846.0,2,64.67,1.816,7.14,635.9,,0
2096,MQ-0089,Norte,XR-200,tarde,56.0,5755.0,1,81.96,1.305,6.75,610.5,,0
3048,MQ-0131,Este,BM-500,mañana,17.0,2552.0,1,78.36,1.446,5.47,539.2,,0
2763,MQ-0034,Este,bm500,noche,45.0,8056.0,5,87.85,1.171,6.19,725.9,,0
4177,MQ-0167,Sur,XR-350,mañana,22.0,5845.0,0,61.35,2.266,6.17,512.3,,0
2339,MQ-0042,Sur,TL-90,mañana,9.0,937.0,0,81.23,2.055,6.42,538.4,,0
2769,MQ-0003,Este,XR-200,noche,27.0,6341.0,1,66.74,1.612,5.78,626.2,,0
977,MQ-0157,Norte,BM-500,noche,63.0,8955.0,3,77.36,1.769,6.2,705.7,,0
1708,MQ-0112,Este,XR-200,noche,47.0,9161.0,3,73.42,1.376,4.89,599.9,,0
2647,MQ-0076,Norte,TL 120,tarde,29.0,7385.0,1,61.77,1.849,6.45,589.6,,0
1819,MQ-0102,Este,TL-120,mañana,36.0,3073.0,1,65.77,2.895,6.05,,,0
1174,MQ-0006,Norte,XR-200,mañana,30.0,5353.0,3,74.92,3.188,6.37,471.1,,0
1341,MQ-0014,Oeste,XR-200,mañana,38.0,9404.0,4,79.54,1.772,5.59,690.2,,0
2662,MQ-0119,Sur,XR 350,tarde,56.0,6967.0,4,68.06,2.075,7.12,557.4,,0
2619,MQ-0001,Norte,TL-90,tarde,30.0,5905.0,1,63.49,1.079,6.68,554.4,,0
1510,MQ-0142,Norte,tl90,noche,55.0,7799.0,0,,2.484,6.16,754.7,,0
1930,MQ-0083,Sur,TL-90,mañana,74.0,12713.0,5,67.42,1.243,7.19,620.6,,0
3002,MQ-0105,Este,TL-90,tarde,21.0,4545.0,0,68.56,2.052,6.91,,,0
354,MQ-0045,Oeste,TL-90,noche,19.0,1399.0,1,83.54,,6.41,447.9,,0
732,MQ-0149,Norte,TL-120,mañana,13.0,50.0,0,68.67,3.393,5.87,405.5,,0
1446,MQ-0156,Norte,TL-120,tarde,20.0,5556.0,0,69.51,10.384,7.64,597.2,2683.51,1
703,MQ-0131,Sur,XR-200,mañana,55.0,11265.0,4,66.62,1.858,6.0,641.6,,0
3717,MQ-0092,Norte,XR-200,tarde,38.0,5096.0,1,,2.749,5.15,444.9,,0
161,MQ-0043,Norte,XR-200,noche,45.0,9621.0,2,84.62,1.774,7.6,671.2,,0
1386,MQ-0103,Este,XR 200,noche,68.0,11856.0,2,64.73,1.32,6.6,593.9,,0
502,MQ-0122,Este,TL-120,noche,43.0,8144.0,1,64.92,0.565,5.38,557.0,,0
3296,MQ-0155,Este,TL-90,tarde,31.0,5487.0,4,63.83,2.772,7.89,429.6,,0
4202,MQ-0154,Norte,XR-200,mañana,78.0,9493.0,0,66.74,1.501,-1.0,579.2,,0
3086,MQ-0037,Norte,TL-90,tarde,37.0,5103.0,1,66.64,1.385,6.41,482.8,,0
2315,MQ-0023,Norte,XR-200,noche,33.0,2473.0,0,65.14,,7.65,518.9,,0
2234,MQ-0078,Oeste,TL 90,noche,31.0,3616.0,2,63.12,2.062,5.59,364.3,,0
2406,MQ-0012,Este,xr350,noche,41.0,3013.0,2,66.89,,6.7,419.9,,0
1008,MQ-0127,Norte,TL-90,mañana,30.0,3617.0,0,62.19,0.955,5.55,490.5,,0
2172,MQ-0142,Oeste,XR 200,mañana,24.0,7371.0,1,79.57,,6.63,676.3,,0
1891,MQ-0180,Norte,XR-350,tarde,59.0,8159.0,4,75.59,,5.65,541.2,3841.81,1
1288,MQ-0175,Norte,BM-500,tarde,33.0,3069.0,1,,1.831,7.28,568.7,3791.29,1
369,MQ-0119,Oeste,TL-90,tarde,59.0,9928.0,2,61.68,1.081,6.4,592.3,,0
2329,MQ-0106,Norte,XR-200,tarde,30.0,5862.0,2,78.08,2.266,6.65,634.0,,0
1319,MQ-0151,Sur, XR-200 ,noche,33.0,6021.0,0,67.75,1.553,6.66,533.2,3033.48,1
494,MQ-0122,Sur,xr350,mañana,33.0,3173.0,1,79.56,1.2,5.7,471.2,,0
1964,MQ-0137,Oeste,TL-90,noche,38.0,7774.0,3,71.65,,6.16,497.0,,0
3064,MQ-0035,Sur,TL-90,tarde,23.0,4681.0,1,62.2,1.786,6.27,465.7,,0
334,MQ-0064,Norte,TL-120,mañana,21.0,2534.0,1,70.97,1.733,6.6,462.8,,0
1476,MQ-0156,Norte,XR-350,tarde,63.0,8944.0,0,81.95,2.731,6.59,712.0,,0
3602,MQ-0129,Oeste,BM-500,tarde,11.0,2620.0,3,66.63,2.157,6.97,493.0,,0
1139,MQ-0003,Sur,TL-120,tarde,26.0,2588.0,3,81.22,0.748,5.69,522.6,,0
1222,MQ-0114,Norte,TL-90,mañana,60.0,10451.0,4,61.79,3.405,7.35,612.1,,0
2734,MQ-0140,Sur,XR-350,mañana,29.0,4457.0,0,81.6,4.117,5.69,574.5,7117.95,1
381,MQ-0014,Este,XR-350,tarde,24.0,3232.0,3,82.15,2.839,5.89,569.3,,0
2985,MQ-0157,Norte,BM-500,mañana,24.0,7780.0,0,68.06,2.543,5.62,569.7,,0
3167,MQ-0052,Sur,XR-350,noche,20.0,641.0,1,83.34,2.321,7.33,573.5,,0
68,MQ-0042,Sur,XR-350,tarde,26.0,3214.0,2,68.48,2.348,6.71,391.5,,0
2361,MQ-0017,Norte,BM-500,mañana,21.0,4174.0,0,85.69,1.6,6.54,661.4,5489.07,1
2666,MQ-0013,Norte,XR-350,noche,16.0,50.0,0,83.15,,6.35,533.8,4829.15,1
1883,MQ-0089,Este,TL-90,tarde,75.0,12635.0,5,75.22,6.125,5.67,629.6,3066.59,1
478,MQ-0006,Este,TL-120,mañana,18.0,4167.0,1,78.74,2.503,6.29,521.3,,0
3575,MQ-0101,Sur,TL 90,mañana,98.0,13588.0,3,61.86,1.206,6.45,566.2,,0
4120,MQ-0016,Norte,BM-500,tarde,53.0,10135.0,6,60.27,1.623,5.48,583.7,,0
1173,MQ-0056,Norte,XR-350,mañana,62.0,8557.0,1,64.82,0.821,6.98,553.0,,0
426,MQ-0088,Norte,XR-200,tarde,89.0,13663.0,5,69.31,2.281,6.68,719.3,4615.31,1
2256,MQ-0123,Norte,xr200,mañana,129.0,21714.0,5,999.0,0.567,6.23,973.4,,0
1334,MQ-0135,Oeste,XR-350,tarde,67.0,9269.0,3,79.55,1.533,6.27,716.4,,0
200,MQ-0035,Sur,XR-350,mañana,43.0,8309.0,2,62.88,1.845,6.61,614.6,,0
2351,MQ-0146,Sur,TL-90,noche,39.0,6710.0,3,59.1,,6.32,453.4,,0
1939,MQ-0022,Oeste,tl90,tarde,74.0,11745.0,2,84.66,1.627,5.89,770.6,,0
144,MQ-0002,Este,BM-500,mañana,62.0,10944.0,4,83.52,2.596,6.32,726.0,,0
4139,MQ-0129,Sur,XR-200,tarde,107.0,18735.0,8,64.68,0.755,5.93,804.3,,0
250,MQ-0035,Norte,XR-350,mañana,42.0,6073.0,3,64.4,1.649,5.24,490.0,,0
2808,MQ-0040,Este,XR-350,mañana,7.0,50.0,1,,7.575,6.22,,1901.57,1
1455,MQ-0041,Este,tl120,mañana,42.0,4977.0,3,76.43,2.886,6.09,518.7,,0
2844,MQ-0156,Sur,TL 120,noche,33.0,6077.0,1,62.2,1.438,6.17,548.3,,0
418,MQ-0169,Sur,tl120,mañana,70.0,10987.0,2,60.04,1.351,4.79,578.6,,0
912,MQ-0169,Oeste,XR-350,tarde,25.0,4839.0,0,84.02,,6.48,714.2,,0
3177,MQ-0094,Norte,XR-350,noche,59.0,12561.0,2,67.21,1.598,4.74,665.9,,0
2636,MQ-0130,Norte,tl90,tarde,-68.0,12071.0,3,80.63,5.664,5.36,,2860.63,1
2496,MQ-0065,Norte,XR-350,mañana,61.0,8849.0,1,64.36,2.137,7.48,523.4,,0
2310,MQ-0150,Oeste,BM-500,tarde,25.0,7604.0,1,64.86,1.797,6.43,445.4,,0
2113,MQ-0056,Norte,TL-120,mañana,13.0,4627.0,1,63.67,1.506,6.27,,,0
3774,MQ-0107,Norte,TL-120,mañana,59.0,11149.0,1,66.97,,6.13,606.5,,0
2472,MQ-0102,Este,XR-200,mañana,13.0,2230.0,0,65.92,2.091,5.68,433.8,,0
1289,MQ-0167,Oeste,XR-200,tarde,129.0,1327620.0,3,84.34,2.345,6.69,976.7,5438.73,1
3543,MQ-0075,Este,XR 200,mañana,23.0,2287.0,0,82.89,0.926,6.72,640.8,,0
913,MQ-0097,Sur,XR-200,tarde,58.0,10628.0,2,70.24,1.642,5.12,559.5,,0
2941,MQ-0084,Norte,XR-200,mañana,22.0,1600.0,0,64.49,2.111,5.98,334.9,,0
766,MQ-0130,Sur,XR-350,tarde,81.0,13426.0,2,78.91,1.098,5.72,805.8,,0
2979,MQ-0085,Oeste,XR-350,tarde,37.0,3818.0,1,80.21,1.4,6.46,588.3,,0
147,MQ-0117,Sur,TL-90,tarde,53.0,9123.0,1,65.39,1.549,7.35,554.9,,0
1134,MQ-0037,Sur,XR-350,mañana,97.0,15470.0,6,64.09,1.948,6.27,668.5,2930.07,1
395,MQ-0080,Sur,tl90,mañana,61.0,10422.0,0,85.33,3.537,5.58,841.1,,0
2602,MQ-0017,Norte,XR-200,tarde,20.0,5131.0,1,65.36,1.18,6.02,539.1,,0
46,MQ-0177,Norte,xr200,tarde,88.0,14675.0,3,83.44,1.822,5.53,866.3,,0
2371,MQ-0026,Sur,XR-200,noche,20.0,1647.0,1,75.04,,5.46,441.5,2377.79,1
322,MQ-0109,Este,XR-200,mañana,31.0,3422.0,2,83.5,2.666,5.57,497.1,,0
2160,MQ-0057,Este,XR-200,mañana,31.0,7440.0,0,81.3,1.488,5.76,669.9,,0
1958,MQ-0113,Sur,XR-200,tarde,18.0,4994.0,1,,3.538,6.49,702.7,5556.52,1
2501,MQ-0108,Sur,XR-350,tarde,36.0,5135.0,2,,1.529,7.45,492.8,,0
3760,MQ-0096,Sur,tl90,noche,61.0,8054.0,1,83.07,2.103,5.83,664.1,,0
3893,MQ-0148,Este,xr200,tarde,92.0,17358.0,4,66.38,1.817,5.6,819.8,,0
2851,MQ-0046,Norte,XR-200,tarde,71.0,9956.0,9,77.72,0.9,5.95,646.2,,0
2072,MQ-0079,Norte,TL-120,mañana,30.0,4216.0,1,59.26,4.689,7.74,392.3,4823.93,1
3673,MQ-0153,Sur,TL-90,mañana,40.0,6701.0,3,85.01,2.66,4.73,710.3,,0
2365,MQ-0084,Norte,XR-200,tarde,29.0,568.0,1,67.07,3.123,6.37,,,0
931,MQ-0147,Oeste, TL-120 ,noche,45.0,6459.0,3,60.76,1.699,6.01,496.5,,0
2269,MQ-0142,Sur,TL-90,tarde,66.0,10367.0,3,72.83,3.184,5.98,647.5,,0
2853,MQ-0160,Este,TL-90,tarde,74.0,15972.0,2,67.24,3.416,5.83,858.8,,0
1946,MQ-0122,Oeste,XR-350,noche,54.0,7032.0,4,83.54,1.275,5.99,,,0
3574,MQ-0025,Sur,XR-200,tarde,29.0,3958.0,0,83.33,2.733,6.4,628.2,,0
3379,MQ-0109,Norte,tl90,noche,14.0,3725.0,0,63.14,1.838,6.03,401.5,,0
607,MQ-0046,Oeste,xr350,mañana,30.0,2738.0,3,72.08,1.316,6.19,508.4,,0
75,MQ-0128,Sur,TL 120,tarde,13.0,3565.0,1,68.1,1.716,6.77,452.2,,0
1765,MQ-0125,Norte,TL-90,mañana,64.0,7081.0,4,66.31,1.424,5.88,,,0
1323,MQ-0128,Este,xr200,tarde,59.0,8698.0,3,63.6,2.282,6.86,542.8,,0
1577,MQ-0003,Este,tl90,noche,52.0,7628.0,1,64.47,1.193,5.46,491.0,,0
114,MQ-0140,Oeste,XR-200,mañana,55.0,10327.0,3,80.18,1.563,6.84,641.7,,0
987,MQ-0102,Este,XR-200,noche,50.0,6190.0,2,65.03,,5.39,492.8,,0
3649,MQ-0039,Norte,bm500,mañana,54.0,9189.0,2,62.28,1.716,6.58,602.5,,0
748,MQ-0132,Sur,BM-500,tarde,58.0,4943.0,6,86.09,1.062,6.87,692.5,4599.24,1
1864,MQ-0133,Este,XR 350,noche,44.0,7277.0,2,81.32,,5.9,,,0
223,MQ-0106,Norte,TL-120,tarde,46.0,8889.0,1,65.48,2.869,7.0,533.3,,0
1349,MQ-0086,Oeste,XR-350,mañana,42.0,5203.0,2,73.89,4.666,6.23,554.8,,0
1503,MQ-0072,Sur,xr200,mañana,36.0,5664.0,0,58.58,1.401,6.33,495.4,,0
3663,MQ-0018,Norte,XR-200,noche,46.0,9074.0,5,67.04,2.014,7.35,573.5,,0
1666,MQ-0126,Oeste,TL-90,mañana,25.0,4355.0,0,79.08,4.445,6.21,610.5,,0
3732,MQ-0040,Sur,tl120,tarde,49.0,8528.0,3,63.3,1.216,5.41,521.1,,0
3181,MQ-0143,Sur, TL-120 ,noche,48.0,4484.0,1,86.19,1.287,6.84,638.9,,0
36,MQ-0162,Este,XR-200,mañana,12.0,2134.0,1,78.12,1.211,5.88,489.4,,0
831,MQ-0028,Norte,BM-500,tarde,60.0,12060.0,6,81.87,3.34,6.15,770.1,2711.12,1
4032,MQ-0147,Norte,TL-120,tarde,41.0,4582.0,2,79.41,1.593,6.61,612.0,,0
3559,MQ-0029,Norte, XR-200 ,mañana,71.0,12178.0,4,,6.903,6.28,845.9,1747.03,1
1762,MQ-0176,Norte,BM 500,tarde,50.0,6479.0,4,78.08,1.585,5.75,686.2,,0
348,MQ-0049,Sur,TL-90,mañana,33.0,216840.0,1,,1.617,7.37,613.4,,0
168,MQ-0055,Norte,TL-90,tarde,29.0,3475.0,1,82.56,1.249,6.76,458.7,,0
3801,MQ-0071,Sur,TL 120,tarde,35.0,5096.0,1,64.19,1.842,6.28,539.7,,0
117,MQ-0040,Sur,tl90,tarde,44.0,5829.0,0,,2.629,5.84,638.3,2400.19,1
531,MQ-0158,Sur,BM-500,tarde,55.0,9228.0,4,63.89,1.719,5.62,638.2,,0
1395,MQ-0138,Norte,BM-500,noche,15.0,3841.0,1,61.02,2.764,5.49,383.5,,0
3959,MQ-0060,Norte,XR 350,mañana,42.0,7937.0,3,79.91,1.821,6.46,671.5,,0
1029,MQ-0121,Oeste, XR-200 ,noche,70.0,9031.0,5,67.45,,6.75,624.5,,0
1642,MQ-0086,Norte,TL-120,noche,55.0,8934.0,5,58.93,2.022,6.48,564.1,,0
2865,MQ-0087,Norte,XR-200,mañana,93.0,16493.0,8,84.44,2.504,5.37,848.4,,0
2729,MQ-0022,Sur,XR-200,mañana,4.0,50.0,0,69.21,2.184,6.64,474.7,,0
3347,MQ-0122,Norte,XR-200,mañana,39.0,6192.0,0,61.52,2.022,7.16,461.7,,0
3635,MQ-0012,Sur,XR-350,noche,36.0,8282.0,1,75.71,,5.03,693.6,,0
3105,MQ-0150,Sur,TL-90,tarde,23.0,2183.0,4,65.62,1.379,6.12,471.1,,0
4048,MQ-0030,Oeste,TL 90,noche,23.0,3757.0,1,60.22,2.89,6.53,488.4,,0
3154,MQ-0086,Oeste,TL-90,tarde,16.0,1326.0,0,64.99,4.015,5.19,435.6,,0
1780,MQ-0139,Este,XR-350,mañana,45.0,7122.0,1,73.6,11.899,5.59,495.8,3150.29,1
1026,MQ-0057,Sur,TL-90,mañana,58.0,9084.0,2,78.13,2.22,6.45,659.5,,0
2721,MQ-0089,Oeste,TL-120,mañana,36.0,3886.0,1,70.71,,5.61,,,0
82,MQ-0107,Norte,XR-350,mañana,51.0,9413.0,1,62.95,1.821,7.14,629.1,,0
2532,MQ-0023,Sur,BM-500,mañana,42.0,6132.0,4,81.79,1.827,6.47,614.8,2828.17,1
2031,MQ-0073,Oeste,TL-120,noche,16.0,3055.0,0,90.53,,7.34,599.0,,0
3339,MQ-0124,Norte,BM-500,noche,38.0,8368.0,0,63.45,,5.46,506.0,,0
2707,MQ-0031,Sur,XR-200,mañana,43.0,4764.0,5,62.18,1.563,5.58,484.0,,0
1477,MQ-0072,Sur,XR-350,mañana,80.0,11862.0,2,82.86,1.521,5.48,802.7,,0
3041,MQ-0119,Norte,BM-500,mañana,50.0,10166.0,1,63.89,1.559,5.47,516.0,,0
2552,MQ-0125,Norte,BM-500,noche,62.0,8613.0,3,65.14,1.254,4.73,552.8,,0
1478,MQ-0026,Sur,XR-200,mañana,19.0,3996.0,0,81.48,2.066,6.28,725.3,4062.68,1
2934,MQ-0071,Norte,XR-200,noche,38.0,7335.0,2,77.73,3.549,5.7,589.8,,0
4142,MQ-0157,Sur,BM-500,noche,25.0,2232.0,0,68.13,,5.84,407.2,3992.58,1
2158,MQ-0166,Norte,TL-90,tarde,21.0,4235.0,1,69.8,2.639,5.72,528.5,,0
1887,MQ-0174,Este,XR-200,tarde,57.0,9808.0,5,63.25,1.411,4.98,572.3,,0
3775,MQ-0059,Oeste,XR-200,tarde,52.0,4744.0,4,84.37,1.608,6.82,585.8,,0
1630,MQ-0033,Norte,XR-350,tarde,47.0,10829.0,2,66.69,2.451,6.2,676.5,,0
3366,MQ-0135,Sur,BM 500,mañana,20.0,3161.0,1,65.0,2.308,6.01,382.3,,0
41,MQ-0082,Norte,XR-200,noche,50.0,8112.0,2,62.36,2.365,5.68,507.1,,0
1705,MQ-0124,Norte,TL-90,mañana,28.0,5897.0,2,66.07,1.598,6.15,517.3,,0
3866,MQ-0149,Sur,XR 200,noche,65.0,7288.0,5,84.51,,5.99,558.4,906.6,1
3330,MQ-0179,Este,XR-350,mañana,9.0,3224.0,0,87.07,2.316,5.63,631.8,,0
312,MQ-0075,Sur,XR-350,tarde,129.0,18925.0,4,61.16,1.977,5.23,,,0
1632,MQ-0050,Este,tl90,noche,21.0,5739.0,2,,,6.08,,,0
2603,MQ-0130,Sur,TL-90,tarde,64.0,11282.0,1,80.86,2.157,6.79,674.0,,0
2068,MQ-0161,Este,XR-200,tarde,41.0,5279.0,2,73.01,1.473,5.55,494.1,,0
1427,MQ-0059,Este,XR-200,mañana,58.0,8361.0,4,64.9,3.718,5.1,585.1,2931.08,1
2003,MQ-0003,Norte,TL-90,noche,46.0,7636.0,2,61.79,2.114,6.07,577.6,,0
358,MQ-0058,Oeste,tl90,noche,62.0,9357.0,2,65.05,,5.54,611.1,,0
2409,MQ-0093,Este,xr350,tarde,17.0,4001.0,0,63.94,3.081,7.07,,5315.46,1
4058,MQ-0113,Sur,XR-200,tarde,44.0,8868.0,0,68.18,2.752,5.82,562.8,,0
3619,MQ-0012,Norte,TL 90,noche,49.0,6197.0,5,61.97,1.715,6.45,535.0,,0
2929,MQ-0009,Norte,XR-200,mañana,25.0,3408.0,1,70.41,1.068,5.92,483.6,,0
1828,MQ-0019,Norte,BM-500,tarde,36.0,5674.0,0,61.25,1.267,4.38,522.9,,0
2441,MQ-0111,Sur,XR-350,mañana,56.0,7415.0,3,82.54,1.367,6.56,,,0
129,MQ-0171,Norte,TL-120,mañana,50.0,10834.0,3,69.84,1.431,6.19,572.1,,0
1010,MQ-0121,Este,BM-500,tarde,56.0,10516.0,5,59.93,1.356,5.92,596.4,,0
1814,MQ-0029,Sur,TL-120,tarde,32.0,6485.0,1,56.34,1.539,5.82,413.1,,0
2635,MQ-0093,Norte,BM-500,noche,25.0,2688.0,0,68.18,,4.81,437.7,,0
658,MQ-0052,Sur,xr350,mañana,17.0,1451.0,0,86.62,4.604,6.37,653.7,1827.65,1
1247,MQ-0127,Oeste,XR-200,noche,55.0,8066.0,3,60.13,,4.96,524.2,,0
4057,MQ-0066,Norte,XR 200,mañana,30.0,5418.0,3,,4.177,5.58,659.8,4227.34,1
202,MQ-0107,Norte,XR-350,noche,51.0,10920.0,3,65.49,,6.02,610.5,,0
4118,MQ-0005,Este,TL-120,tarde,40.0,3048.0,2,84.96,3.596,5.34,571.9,,0
1422,MQ-0111,Oeste,bm500,tarde,27.0,4334.0,0,69.38,,7.87,577.0,,0
3726,MQ-0074,Norte,XR-350,noche,19.0,4044.0,2,63.61,1.494,8.37,411.7,,0
3053,MQ-0145,Sur,TL-90,mañana,28.0,6003.0,1,71.55,2.327,5.11,585.9,,0
2419,MQ-0029,Norte,BM 500,noche,19.0,50.0,1,86.65,1.823,5.98,560.3,,0
2674,MQ-0080,Sur,XR-350,noche,27.0,2661.0,2,79.36,0.929,6.27,614.9,,0
2362,MQ-0076,Este, XR-200 ,mañana,29.0,4682.0,1,60.7,1.615,5.48,454.9,,0
3452,MQ-0043,Oeste,XR-200,tarde,27.0,4432.0,2,73.99,2.13,6.92,511.2,,0
594,MQ-0014,Norte,TL-120,tarde,72.0,12189.0,1,61.93,2.79,4.81,542.7,,0
971,MQ-0093,Oeste,xr200,noche,17.0,4536.0,2,70.71,1.16,5.48,476.3,,0
203,MQ-0117,Este, BM-500 ,noche,32.0,305940.0,1,68.05,1.784,6.17,,,0
3662,MQ-0164,Norte,bm500,tarde,17.0,4022.0,1,67.19,3.292,7.08,428.0,,0
1975,MQ-0023,Norte,BM-500,tarde,31.0,5762.0,2,64.85,2.041,5.04,413.5,,0
2902,MQ-0031,Sur,XR-200,noche,9.0,1140.0,0,67.28,1.817,5.58,406.9,,0
4107,MQ-0061,Norte,BM-500,noche,50.0,8490.0,2,60.53,1.94,5.69,457.9,,0
2796,MQ-0172,Este,XR-200,noche,29.0,5317.0,0,68.52,1.553,6.75,465.0,,0
2644,MQ-0169,Norte,TL-90,mañana,23.0,4224.0,1,82.75,1.708,6.67,,,0
1981,MQ-0011,Oeste,XR 200,tarde,63.0,5562.0,3,63.76,4.001,5.79,461.9,,0
2381,MQ-0114,Norte,TL-90,mañana,31.0,3322.0,1,64.68,3.152,6.75,396.4,,0
2375,MQ-0074,Norte,XR-200,mañana,41.0,8273.0,2,58.93,0.712,4.81,511.0,,0
3999,MQ-0106,Sur,XR-350,mañana,14.0,2315.0,0,67.53,1.369,6.2,515.7,,0
3608,MQ-0145,Este,XR-350,tarde,40.0,7610.0,1,63.31,2.074,5.96,536.7,,0
3588,MQ-0172,Este,XR-200,tarde,37.0,6587.0,1,83.13,1.208,4.89,552.9,,0
1188,MQ-0106,Oeste,xr350,noche,60.0,8744.0,2,62.64,0.971,5.57,527.5,,0
2330,MQ-0079,Sur,XR-350,mañana,68.0,11517.0,3,57.78,2.486,6.44,,,0
2343,MQ-0001,Este,xr350,tarde,74.0,10187.0,2,65.56,0.666,6.43,599.7,,0
352,MQ-0004,Sur,XR-350,mañana,37.0,5609.0,4,87.45,0.868,7.35,656.6,,0
1756,MQ-0037,Sur,BM-500,tarde,35.0,940.0,1,58.98,1.739,5.31,326.2,4018.67,1
1596,MQ-0172,Norte,tl90,noche,12.0,4397.0,0,63.65,,5.35,538.7,,0
43,MQ-0057,Norte,XR-350,mañana,39.0,4448.0,1,60.24,2.853,6.15,491.1,3540.33,1
2150,MQ-0161,Norte,TL 120,mañana,32.0,5205.0,1,65.66,1.445,5.39,549.4,,0
3724,MQ-0166,Sur,XR-350,mañana,55.0,6861.0,2,89.99,1.474,5.2,770.7,,0
1274,MQ-0087,Norte,TL-90,mañana,30.0,2902.0,1,79.05,2.451,6.93,489.7,,0
2183,MQ-0055,Oeste,XR-350,tarde,53.0,5532.0,1,79.62,2.201,5.34,657.4,,0
575,MQ-0135,Este,XR-350,mañana,94.0,10722.0,4,69.3,2.877,4.95,649.0,,0
1921,MQ-0008,Este,TL-120,noche,20.0,758.0,1,79.37,,5.89,541.1,,0
3818,MQ-0015,Norte,xr350,mañana,11.0,578.0,0,,1.829,4.88,403.9,,0
857,MQ-0132,Este,TL-90,tarde,24.0,5204.0,2,61.55,1.456,6.74,380.5,,0
2177,MQ-0136,Sur,XR-350,mañana,20.0,2208.0,0,79.24,1.27,6.28,585.0,,0
3039,MQ-0059,Norte,XR-350,tarde,45.0,6302.0,1,64.14,1.883,6.25,,,0
2048,MQ-0011,Sur,XR-350,noche,19.0,5695.0,1,62.62,2.071,6.73,492.9,,0
1809,MQ-0143,Norte,XR-350,tarde,44.0,6390.0,0,67.64,1.408,5.85,588.1,,0
3891,MQ-0066,Norte,TL-90,tarde,32.0,5405.0,0,70.49,2.726,5.62,623.3,,0
1899,MQ-0166,Este,XR-200,noche,67.0,9387.0,4,74.16,1.202,5.71,,,0
1847,MQ-0025,Este,BM-500,mañana,91.0,18765.0,2,71.12,1.021,6.65,819.5,,0
876,MQ-0173,Norte,xr350,mañana,49.0,6669.0,3,60.66,2.764,6.9,505.6,,0
104,MQ-0081,Norte,XR-350,mañana,42.0,4355.0,1,83.65,2.09,5.78,569.8,4736.22,1
2459,MQ-0012,Sur,XR-350,mañana,32.0,6132.0,0,74.91,1.439,6.32,582.2,,0
3560,MQ-0046,Sur,xr200,tarde,20.0,4808.0,1,82.83,1.968,6.22,582.4,,0
605,MQ-0013,Norte,xr350,noche,52.0,10783.0,3,66.86,2.212,5.25,682.2,,0
989,MQ-0013,Sur,TL-90,tarde,41.0,8522.0,2,79.31,1.136,6.52,660.6,,0
1234,MQ-0012,Oeste,XR-200,tarde,8.0,5754.0,2,70.22,1.316,6.77,534.0,,0
3447,MQ-0039,Oeste,XR-350,mañana,50.0,7898.0,1,61.64,2.335,6.95,515.9,,0
1434,MQ-0103,Norte,BM-500,noche,46.0,9133.0,0,71.77,,4.98,660.1,,0
385,MQ-0151,Oeste,TL-90,mañana,74.0,11560.0,2,66.58,1.349,5.65,561.8,,0
894,MQ-0010,Norte, TL-120 ,tarde,56.0,9594.0,3,82.26,2.12,7.81,654.7,,0
57,MQ-0010,Este,BM-500,mañana,57.0,10536.0,7,83.22,1.265,6.16,735.9,,0
712,MQ-0120,Sur,tl90,mañana,36.0,8943.0,2,,1.726,5.07,665.5,,0
2373,MQ-0069,Este,TL-90,mañana,49.0,8197.0,1,58.95,2.054,7.0,561.8,,0
4039,MQ-0007,Sur,xr350,tarde,34.0,4335.0,1,78.93,2.039,6.22,665.8,,0
356,MQ-0043,Este,XR-200,mañana,45.0,6046.0,2,63.85,1.133,6.7,490.1,,0
1843,MQ-0178,Norte,BM-500,mañana,21.0,6031.0,0,84.15,1.636,6.35,575.0,,0
2408,MQ-0069,Sur,XR-200,mañana,78.0,14748.0,4,62.42,1.638,7.01,594.7,,0
1019,MQ-0154,Oeste,xr200,tarde,8.0,2121.0,0,82.56,2.725,6.39,539.8,,0
3841,MQ-0078,Sur,XR-200,tarde,46.0,6457.0,4,63.82,,6.33,541.4,,0
308,MQ-0026,Norte,bm500,noche,78.0,13267.0,3,59.73,,6.74,592.1,,0
814,MQ-0062,Sur,tl120,tarde,10.0,3484.0,1,62.92,1.192,5.01,475.7,,0
42,MQ-0126,Norte,TL-90,tarde,85.0,10783.0,6,63.77,3.244,5.49,545.0,,0
2577,MQ-0033,Este,tl120,tarde,20.0,4588.0,0,73.41,1.171,5.74,460.0,,0
1406,MQ-0109,Sur,TL-120,mañana,94.0,12337.0,2,61.61,0.937,5.81,695.9,,0
1682,MQ-0148,Este,BM 500,mañana,26.0,4467.0,1,83.55,2.382,7.02,599.5,,0
883,MQ-0173,Sur,XR-350,noche,53.0,7496.0,0,64.82,2.554,5.26,646.0,,0
2718,MQ-0044,Sur,XR-350,mañana,44.0,6331.0,3,60.26,3.752,5.08,544.1,,0
699,MQ-0112,Sur,xr350,noche,42.0,6766.0,1,65.38,,5.55,527.0,,0
2777,MQ-0084,Sur,XR-200,tarde,41.0,5271.0,1,83.86,1.207,5.56,547.1,,0
3828,MQ-0160,Norte,XR-200,mañana,69.0,12632.0,3,73.92,1.942,6.93,749.2,4548.89,1
2052,MQ-0033,Norte,TL 90,noche,9.0,1639.0,0,70.46,1.726,5.55,455.5,,0
2791,MQ-0051,Norte,TL-90,tarde,5.0,50.0,0,83.92,1.457,5.8,503.7,,0
216,MQ-0146,Norte,XR-350,tarde,12.0,1685.0,1,78.66,1.08,8.23,541.0,,0
2147,MQ-0169,Norte, XR-200 ,mañana,26.0,3597.0,0,70.86,1.696,7.3,592.9,,0
3923,MQ-0144,Este,XR-350,noche,32.0,4165.0,0,57.87,0.859,6.17,403.0,,0
3485,MQ-0077,Norte,xr350,mañana,103.0,17884.0,3,80.73,3.939,6.22,913.0,4202.47,1
1371,MQ-0034,Este,xr200,noche,65.0,11544.0,4,66.78,1.384,5.77,,,0
1567,MQ-0119,Oeste,TL-90,mañana,40.0,8091.0,4,86.68,1.864,5.78,618.2,,0
4088,MQ-0134,Este,XR-200,tarde,70.0,13442.0,2,64.02,0.958,6.03,671.3,,0
4203,MQ-0091,Norte,XR-200,tarde,28.0,429.0,1,63.85,2.512,5.42,285.1,,0
2772,MQ-0170,Oeste, XR-200 ,mañana,21.0,3127.0,2,79.5,,5.34,438.9,,0
1517,MQ-0085,Sur,XR 200,tarde,44.0,7715.0,4,67.45,1.618,6.84,665.8,,0
2504,MQ-0081,Este,tl90,noche,29.0,6817.0,0,64.8,,6.04,494.2,,0
1767,MQ-0125,Norte,TL-120,mañana,44.0,6685.0,0,64.44,1.296,5.12,564.1,,0
2187,MQ-0145,Norte,TL-90,tarde,25.0,3057.0,0,66.68,1.016,6.44,481.6,,0
2873,MQ-0003,Este,xr200,tarde,58.0,7881.0,6,86.02,2.046,6.71,716.4,,0
1038,MQ-0029,Norte,XR-200,mañana,60.0,9450.0,1,,0.924,6.51,,,0
2438,MQ-0056,Sur,xr200,mañana,22.0,4895.0,1,62.33,3.261,6.24,470.3,,0
1511,MQ-0132,Norte,XR-200,mañana,23.0,5983.0,1,84.13,1.531,4.56,655.2,,0
412,MQ-0148,Oeste,XR 200,noche,13.0,3142.0,1,63.97,1.36,5.94,511.4,,0
3019,MQ-0084,Este,TL-120,tarde,59.0,13486.0,2,82.54,1.777,6.77,719.5,,0
1302,MQ-0091,Sur,TL-120,noche,25.0,4554.0,3,80.58,,7.29,658.5,,0
1297,MQ-0138,Sur,XR 200,mañana,30.0,6755.0,0,81.32,0.887,5.78,703.8,,0
2571,MQ-0083,Sur,TL-90,tarde,10.0,1549.0,0,85.24,1.13,7.52,546.3,,0
2931,MQ-0107,Sur,XR-200,mañana,46.0,7997.0,3,61.76,1.454,6.86,552.8,,0
2550,MQ-0029,Sur,xr200,mañana,35.0,7296.0,0,65.29,1.206,5.85,588.2,,0
4131,MQ-0113,Sur,TL-120,tarde,42.0,11011.0,2,85.12,1.427,7.15,753.5,,0
759,MQ-0110,Norte,TL-90,mañana,30.0,1510.0,1,65.75,1.475,6.34,435.6,,0
2368,MQ-0132,Norte,XR-200,noche,31.0,3729.0,1,75.84,3.205,6.8,521.1,,0
2477,MQ-0102,Este,TL-90,tarde,4.0,50.0,1,92.81,1.334,5.86,600.9,,0
2594,MQ-0023,Sur,TL-90,mañana,25.0,1252.0,0,80.04,1.34,7.33,546.0,,0
1318,MQ-0025,Norte,XR-350,tarde,14.0,3072.0,1,61.01,2.448,6.01,519.3,,0
74,MQ-0141,Norte,XR 200,noche,46.0,7926.0,4,79.06,,6.31,673.8,,0
26,MQ-0143,Sur,XR-350,noche,15.0,2282.0,0,64.93,1.842,5.42,376.8,,0
2590,MQ-0119,Norte,TL-120,noche,38.0,8382.0,1,71.4,,5.76,625.8,,0
1127,MQ-0152,Norte,tl90,mañana,16.0,6768.0,0,76.7,1.296,5.21,636.2,,0
1140,MQ-0051,Sur,XR-200,tarde,85.0,11541.0,3,64.31,2.866,7.51,548.5,,0
506,MQ-0136,Este, TL-120 ,tarde,28.0,3566.0,1,60.38,1.207,6.23,426.9,,0
1561,MQ-0092,Norte,TL-120,noche,81.0,12469.0,2,60.85,3.075,6.54,618.9,,0
3016,MQ-0155,Norte,XR-350,tarde,71.0,13311.0,2,62.95,1.497,6.83,662.6,,0
4183,MQ-0018,Oeste,XR 200,noche,32.0,5406.0,2,75.46,,6.71,495.0,2168.31,1
2976,MQ-0054,Este,XR-200,mañana,43.0,10767.0,0,66.07,1.416,6.11,606.9,,0
1121,MQ-0063,Sur,XR-200,tarde,52.0,12105.0,1,63.12,1.839,7.46,733.2,,0
3985,MQ-0111,Sur,TL-90,tarde,33.0,1558.0,4,69.65,5.322,6.81,472.0,,0
587,MQ-0076,Este,XR-200,noche,37.0,6451.0,1,65.14,,5.69,552.5,,0
3389,MQ-0152,Este,TL-90,mañana,74.0,13645.0,3,90.09,1.579,7.25,841.2,,0
612,MQ-0102,Este,BM-500,mañana,22.0,5102.0,3,58.36,2.836,5.81,603.3,,0
3789,MQ-0129,Este,XR-200,mañana,53.0,7953.0,1,64.23,1.477,6.6,599.3,,0
1090,MQ-0053,Sur,XR-350,mañana,85.0,11913.0,3,56.35,1.027,5.3,536.7,,0
1536,MQ-0094,Norte,XR 200,mañana,92.0,14589.0,6,70.68,3.529,6.18,698.2,,0
1409,MQ-0049,Norte,TL 120,mañana,48.0,8119.0,2,81.21,3.112,5.43,578.4,,0
349,MQ-0149,Sur,BM-500,mañana,85.0,14590.0,2,60.74,0.943,5.38,743.2,,0
886,MQ-0033,Oeste,XR-200,mañana,118.0,20131.0,5,83.98,1.838,5.09,1017.9,,0
4178,MQ-0040,Norte, TL-120 ,mañana,34.0,3296.0,1,62.83,2.907,6.76,364.9,,0
3601,MQ-0168,Este,TL-90,tarde,56.0,11306.0,2,64.16,2.591,6.45,650.2,,0
783,MQ-0064,Oeste, TL-120 ,mañana,25.0,4651.0,0,84.05,1.548,5.54,567.5,,0
3791,MQ-0066,Sur,BM-500,mañana,14.0,1994.0,1,69.8,2.251,6.36,448.8,,0
2879,MQ-0089,Este,TL-120,tarde,26.0,4797.0,0,60.84,1.774,6.5,377.2,,0
630,MQ-0021,Este,XR-200,tarde,45.0,10550.0,3,84.91,1.54,5.94,718.4,1307.38,1
2990,MQ-0039,Este,TL-90,mañana,54.0,8105.0,2,69.7,3.528,5.33,502.4,,0
2549,MQ-0068,Este,xr350,noche,36.0,5834.0,1,72.42,1.671,7.17,520.2,,0
2458,MQ-0124,Oeste, XR-350 ,tarde,19.0,4820.0,0,66.01,1.368,5.08,496.7,,0
409,MQ-0179,Este,TL 90,mañana,42.0,6617.0,1,64.32,2.578,6.13,538.9,,0
165,MQ-0021,Norte,TL-90,mañana,45.0,6075.0,0,67.86,0.884,5.79,530.2,,0
3781,MQ-0025,Norte,XR-200,tarde,37.0,5433.0,2,67.87,1.454,6.4,513.4,2519.03,1
2337,MQ-0171,Sur,xr200,mañana,77.0,14842.0,4,67.08,,6.62,717.1,,0
3445,MQ-0013,Sur, TL-90 ,mañana,52.0,10753.0,5,63.23,1.352,6.49,602.1,,0
1970,MQ-0094,Norte,XR-350,mañana,12.0,1823.0,0,68.39,0.911,5.77,548.4,,0
1650,MQ-0102,Sur,TL-90,tarde,19.0,3388.0,2,79.76,4.25,5.86,549.0,,0
2793,MQ-0121,Norte,TL-120,mañana,31.0,3282.0,2,67.34,1.484,5.86,409.0,,0
2427,MQ-0007,Sur,TL-120,tarde,28.0,5801.0,2,77.4,3.016,6.44,563.8,1636.25,1
1088,MQ-0091,Este,TL-90,tarde,27.0,4405.0,0,59.42,1.947,4.76,550.5,,0
4134,MQ-0064,Oeste,XR-350,mañana,29.0,3369.0,2,81.34,3.694,6.36,543.8,,0
3392,MQ-0006,Este,XR-350,tarde,21.0,6425.0,1,81.29,1.029,6.11,651.7,,0
2805,MQ-0091,Este,TL-120,mañana,41.0,7406.0,1,,0.633,5.45,751.3,,0
2890,MQ-0061,Norte,XR-200,noche,83.0,15795.0,5,61.09,1.768,6.21,,,0
1755,MQ-0065,Norte,xr200,mañana,40.0,5525.0,2,65.13,3.016,5.17,510.4,,0
295,MQ-0125,Norte,xr350,tarde,24.0,4892.0,0,67.68,0.979,6.85,543.1,,0
966,MQ-0147,Sur,XR-350,mañana,59.0,9852.0,1,67.28,1.079,5.89,573.0,,0
1823,MQ-0111,Sur,TL-120,mañana,18.0,50.0,0,62.28,2.135,7.09,380.7,,0
3778,MQ-0004,Norte,XR-200,noche,21.0,515.0,0,60.58,,5.64,307.8,,0
2364,MQ-0097,Norte,xr200,mañana,46.0,8569.0,3,87.5,1.14,6.51,760.1,,0
529,MQ-0108,Sur,TL-120,mañana,42.0,7409.0,2,65.96,3.546,6.95,,,0
1969,MQ-0128,Norte,BM-500,tarde,19.0,2466.0,1,69.77,2.056,6.29,448.3,,0
2238,MQ-0166,Norte,TL-90,tarde,36.0,6809.0,2,82.97,1.069,5.25,718.8,,0
28,MQ-0004,Norte,XR-350,mañana,51.0,6859.0,1,65.37,1.921,5.99,501.7,,0
3812,MQ-0023,Este,TL-90,mañana,32.0,6313.0,3,82.2,2.755,-1.0,712.8,,0
1674,MQ-0025,Sur,XR-200,noche,9.0,637.0,2,86.91,,6.66,505.5,,0
275,MQ-0100,Este,XR-200,tarde,40.0,5027.0,2,74.69,1.411,6.32,508.2,,0
1073,MQ-0117,Norte,TL-90,mañana,62.0,8554.0,2,84.06,0.839,6.19,731.3,,0
1075,MQ-0002,Este,TL-90,noche,56.0,4567.0,3,78.48,,6.49,571.1,,0
3516,MQ-0089,Norte,XR-350,mañana,44.0,8541.0,2,84.64,2.733,4.53,721.4,,0
2917,MQ-0173,Sur,XR-350,noche,68.0,12490.0,4,77.21,,7.22,720.7,2310.72,1
2823,MQ-0140,Sur,xr350,noche,70.0,13425.0,2,69.54,2.23,6.14,819.6,,0
2303,MQ-0070,Sur,XR 200,tarde,64.0,11805.0,3,66.21,2.319,7.26,,,0
3237,MQ-0124,Oeste,xr350,noche,49.0,6249.0,1,61.37,1.461,6.28,464.3,,0
586,MQ-0006,Oeste,XR-350,noche,23.0,3040.0,0,88.32,2.361,5.64,570.8,,0
838,MQ-0112,Norte,XR-350,noche,24.0,4662.0,0,61.76,,6.21,376.1,,0
711,MQ-0011,Norte,TL-120,mañana,34.0,5605.0,0,87.16,2.572,7.27,678.5,,0
3286,MQ-0134,Norte,xr350,mañana,11.0,699.0,0,80.7,2.724,6.42,479.5,,0
3618,MQ-0020,Este,tl120,mañana,20.0,2025.0,0,63.82,0.955,6.24,,,0
1251,MQ-0161,Sur,TL-120,mañana,25.0,1240.0,2,67.17,1.517,6.43,416.0,,0
1438,MQ-0012,Oeste,BM-500,noche,42.0,6669.0,2,66.69,,6.76,532.1,,0
1554,MQ-0146,Sur,XR-350,mañana,77.0,11985.0,1,85.09,2.415,6.67,767.6,,0
817,MQ-0071,Este,XR-350,mañana,112.0,14324.0,1,66.38,5.245,6.78,624.6,3103.96,1
1244,MQ-0044,Este,XR-350,tarde,22.0,4819.0,0,57.77,1.526,5.36,373.1,,0
3345,MQ-0015,Sur,XR-200,noche,51.0,10305.0,0,64.82,,6.29,595.3,,0
958,MQ-0040,Norte,XR-200,mañana,38.0,7030.0,1,62.13,1.333,6.08,580.0,,0
303,MQ-0087,Este,xr200,mañana,74.0,11172.0,5,57.55,1.801,-1.0,670.7,,0
2620,MQ-0012,Oeste,XR-350,mañana,36.0,4426.0,0,83.34,2.908,5.98,631.1,,0
3843,MQ-0098,Norte,TL-90,tarde,16.0,4085.0,0,63.89,2.489,7.37,509.1,,0
2486,MQ-0008,Este,xr200,tarde,14.0,2790.0,1,64.57,1.162,5.87,517.8,,0
4172,MQ-0086,Norte,BM-500,mañana,16.0,3192.0,2,78.74,2.132,5.67,542.9,,0
1064,MQ-0174,Norte,TL-90,tarde,17.0,7666.0,1,82.12,1.195,6.55,580.0,,0
873,MQ-0020,Norte,TL-120,tarde,61.0,13348.0,3,83.75,2.279,6.76,910.3,,0
3824,MQ-0003,Norte,TL-120,noche,41.0,9648.0,2,82.57,1.404,5.48,715.0,,0
3332,MQ-0085,Sur,TL-120,tarde,24.0,5435.0,0,63.58,2.754,5.79,461.6,,0
3420,MQ-0145,Sur,TL-90,tarde,15.0,4736.0,0,65.52,1.28,6.71,452.3,,0
924,MQ-0071,Norte,XR-200,mañana,16.0,50.0,2,69.9,8.885,5.5,316.3,1853.4,1
60,MQ-0078,Este,xr200,noche,43.0,9151.0,5,86.99,1.982,6.67,670.4,4450.39,1
3510,MQ-0067,Este,TL-90,noche,39.0,9225.0,4,63.42,,6.13,440.5,,0
3991,MQ-0075,Oeste,XR 350,noche,52.0,8825.0,0,59.13,3.058,6.92,506.1,791.34,1
1976,MQ-0010,Sur,TL-90,noche,36.0,5752.0,2,59.79,1.784,6.31,474.9,,0
24,MQ-0059,Sur,XR-200,mañana,15.0,2864.0,0,68.06,1.938,6.39,479.5,,0
3453,MQ-0014,Este,XR-200,mañana,82.0,13182.0,1,77.52,1.041,6.5,739.5,,0
3569,MQ-0048,Sur,XR-350,noche,37.0,6972.0,2,89.15,3.886,5.46,780.0,,0
684,MQ-0175,Este,XR-200,mañana,12.0,1859.0,0,70.03,3.05,5.24,437.8,,0
2395,MQ-0023,Norte,XR-200,tarde,47.0,6826.0,3,62.22,1.605,6.19,567.0,,0
3833,MQ-0083,Norte,XR-350,noche,20.0,1091.0,1,69.69,2.566,5.03,380.1,,0
4069,MQ-0032,Sur,tl120,tarde,51.0,6670.0,3,63.15,0.621,6.61,469.1,,0
2057,MQ-0022,Sur,XR-200,noche,48.0,9249.0,3,72.1,0.904,6.53,570.2,,0
229,MQ-0026,Oeste,TL-90,mañana,76.0,12200.0,3,77.68,1.848,5.91,707.7,,0
490,MQ-0041,Norte,XR-200,mañana,56.0,5699.0,2,61.77,1.508,5.16,561.8,,0
4113,MQ-0159,Norte,XR-350,tarde,20.0,3861.0,2,65.05,1.537,5.4,474.3,,0
830,MQ-0060,Sur,XR-200,tarde,57.0,8210.0,3,83.86,1.562,6.8,675.5,,0
3249,MQ-0041,Este,TL-120,noche,21.0,2789.0,1,60.8,1.354,6.97,554.6,,0
386,MQ-0135,Este,xr200,mañana,30.0,4303.0,1,63.57,3.998,6.79,547.9,3078.59,1
2498,MQ-0154,Oeste,TL-120,noche,20.0,924.0,2,66.84,,6.6,421.5,,0
2284,MQ-0090,Norte, TL-90 ,tarde,39.0,8790.0,3,65.53,,5.51,483.9,,0
16,MQ-0121,Sur,TL-120,tarde,53.0,10023.0,2,59.88,,7.12,618.0,,0
2817,MQ-0062,Norte,XR-350,noche,46.0,9201.0,2,61.66,2.124,6.76,596.8,,0
4116,MQ-0179,Este,XR-350,tarde,27.0,4355.0,2,66.59,1.577,7.07,493.8,,0
1389,MQ-0019,Norte,XR-350,mañana,51.0,3921.0,1,64.32,1.979,5.81,396.7,,0
3955,MQ-0174,Este,TL 120,tarde,56.0,8646.0,1,61.52,2.519,5.99,,,0
1589,MQ-0179,Sur,BM-500,tarde,47.0,7483.0,3,64.51,1.2,5.71,414.1,,0
4192,MQ-0033,Este,XR-200,tarde,34.0,5615.0,0,72.45,2.363,6.08,603.2,,0
1752,MQ-0137,Norte,BM-500,mañana,64.0,11690.0,1,67.18,1.494,6.22,583.0,,0
1151,MQ-0022,Sur,TL-90,mañana,92.0,14633.0,6,63.16,1.906,5.35,701.3,,0
1305,MQ-0135,Oeste,TL-120,mañana,27.0,5371.0,0,84.88,,4.62,644.8,,0
1232,MQ-0018,Norte,TL-120,mañana,89.0,16628.0,4,56.29,5.665,6.6,678.6,1293.18,1
1793,MQ-0026,Norte,TL-90,mañana,33.0,2508.0,0,68.56,2.058,5.77,394.9,,0
1270,MQ-0128,Oeste,XR 200,tarde,72.0,14680.0,5,66.7,1.346,5.93,744.6,,0
3503,MQ-0122,Sur,XR-200,tarde,21.0,3854.0,1,67.02,2.97,6.28,494.8,,0
498,MQ-0005,Norte,XR-350,tarde,33.0,2257.0,1,56.41,1.6,6.02,394.7,,0
353,MQ-0066,Oeste,TL-90,mañana,5.0,397.0,0,86.66,2.633,5.62,462.6,,0
1839,MQ-0137,Sur,XR-350,mañana,77.0,12738.0,2,85.42,2.842,6.34,736.9,,0
2840,MQ-0028,Norte,XR 350,noche,25.0,4223.0,1,62.52,,6.05,555.2,,0
2491,MQ-0105,Norte,XR 350,tarde,26.0,4843.0,1,65.04,1.551,6.45,,,0
2,MQ-0137,Sur,TL-90,noche,81.0,12102.0,3,65.73,,6.07,586.9,,0
286,MQ-0074,Norte,XR-200,noche,24.0,5931.0,1,70.4,1.612,6.87,555.3,,0
1647,MQ-0033,Este,xr350,tarde,36.0,4998.0,1,83.67,2.027,6.75,657.3,,0
784,MQ-0007,Norte,TL-90,tarde,26.0,3455.0,3,63.82,2.507,6.06,557.2,,0
2883,MQ-0151,Sur,XR-200,tarde,40.0,5010.0,3,62.76,0.649,6.77,410.9,,0
3879,MQ-0131,Sur,XR-200,mañana,18.0,2772.0,1,64.95,1.064,7.38,548.5,,0
2397,MQ-0041,Norte,XR-350,mañana,94.0,14025.0,5,64.42,1.833,7.36,660.0,,0
69,MQ-0063,Sur,TL-120,noche,45.0,7566.0,3,81.31,2.081,7.41,681.2,,0
404,MQ-0154,Sur,TL-120,mañana,22.0,2171.0,1,,1.398,5.83,583.1,,0
798,MQ-0113,Sur,tl90,tarde,40.0,4348.0,2,80.84,2.723,6.36,580.9,,0
4212,MQ-0028,Norte,xr350,tarde,55.0,6704.0,3,63.06,2.157,6.21,508.7,,0
3518,MQ-0125,Norte,TL-120,mañana,29.0,5786.0,0,63.07,1.505,6.04,513.3,,0
2024,MQ-0134,Este,BM-500,mañana,44.0,4304.0,1,82.19,2.19,6.61,529.0,,0
178,MQ-0034,Oeste,TL-120,mañana,37.0,8371.0,2,61.8,1.381,6.24,595.7,,0
954,MQ-0131,Sur, BM-500 ,mañana,58.0,11556.0,4,62.51,0.937,5.97,666.1,,0
2140,MQ-0022,Norte,XR-350,tarde,26.0,2685.0,0,79.52,4.143,5.91,523.0,,0
1201,MQ-0095,Oeste,XR-350,mañana,44.0,4063.0,3,68.39,0.838,5.83,571.0,,0
3522,MQ-0010,Norte,xr350,tarde,37.0,9221.0,0,85.85,2.376,7.08,618.7,,0
2301,MQ-0030,Este,XR-200,tarde,42.0,3712.0,2,70.26,2.083,6.84,491.5,,0
1757,MQ-0058,Sur,XR-350,mañana,25.0,7460.0,0,62.35,2.273,6.63,499.8,,0
2607,MQ-0020,Norte,XR-350,tarde,20.0,1337.0,0,80.59,2.901,5.13,509.6,,0
1578,MQ-0170,Norte,XR-200,tarde,41.0,2525.0,1,82.21,1.726,5.44,635.2,,0
2720,MQ-0028,Oeste,XR-200,mañana,67.0,11702.0,2,65.97,1.002,6.24,669.6,,0
2242,MQ-0068,Sur,TL-90,tarde,51.0,6411.0,2,62.33,2.334,5.26,496.7,,0
3396,MQ-0121,Este,BM-500,noche,31.0,5070.0,3,73.07,,4.79,464.5,3178.45,1
1508,MQ-0127,Norte,TL-120,mañana,32.0,2157.0,3,80.82,2.075,6.61,481.6,,0
1498,MQ-0091,Norte,XR-350,mañana,29.0,5326.0,1,68.48,1.187,6.35,587.7,,0
3139,MQ-0084,Este,XR-350,mañana,23.0,3486.0,1,72.11,2.993,5.96,491.8,,0
2494,MQ-0116,Sur,BM-500,noche,39.0,4895.0,3,63.62,,5.91,480.9,,0
3214,MQ-0080,Norte,TL 120,noche,53.0,10733.0,2,,1.53,5.66,,,0
539,MQ-0089,Norte,XR-200,noche,21.0,4430.0,3,83.33,1.499,6.4,632.1,,0
1331,MQ-0129,Norte,xr350,tarde,50.0,6771.0,3,82.33,2.413,5.93,619.3,6008.2,1
3746,MQ-0058,Sur,TL-90,mañana,40.0,3340.0,2,87.57,2.254,6.41,659.1,,0
2500,MQ-0016,Sur,XR-200,tarde,42.0,8385.0,2,60.44,1.634,5.11,512.0,,0
4036,MQ-0135,Este,TL-90,mañana,23.0,3748.0,0,70.93,1.811,6.53,526.7,,0
1489,MQ-0014,Norte,XR-200,mañana,52.0,7845.0,6,68.58,2.208,5.44,573.2,4418.49,1
2019,MQ-0128,Norte, TL-120 ,noche,42.0,4802.0,2,69.07,3.096,5.96,524.9,,0
1745,MQ-0030,Norte,XR-350,tarde,63.0,6202.0,3,63.64,1.381,5.09,537.8,,0
3402,MQ-0049,Este,TL 90,mañana,104.0,16025.0,4,81.85,2.732,7.06,877.9,,0
2826,MQ-0035,Sur,BM-500,tarde,66.0,11241.0,0,74.46,2.248,5.5,697.7,,0
3509,MQ-0061,Oeste,XR-200,mañana,64.0,11163.0,2,68.69,2.742,6.48,611.2,,0
3625,MQ-0146,Sur,TL-120,mañana,30.0,6156.0,2,80.24,2.984,7.12,495.0,,0
3051,MQ-0104,Sur,TL-120,tarde,60.0,8338.0,6,67.9,2.73,5.68,555.4,,0
4149,MQ-0104,Sur,TL 90,mañana,19.0,3991.0,0,65.83,2.196,4.89,499.5,,0
949,MQ-0132,Sur,XR 350,mañana,37.0,6485.0,0,70.47,2.928,5.57,545.2,,0
511,MQ-0087,Norte,XR-200,tarde,112.0,20520.0,4,72.28,2.784,5.09,,,0
1394,MQ-0077,Norte,XR 200,tarde,22.0,4264.0,0,82.7,1.354,5.81,647.8,,0
1509,MQ-0152,Sur,XR-200,noche,30.0,4094.0,3,86.54,1.834,5.53,645.5,,0
3474,MQ-0164,Sur,TL-90,mañana,25.0,5385.0,1,67.19,0.908,6.7,526.2,,0
3275,MQ-0094,Norte,XR-350,tarde,38.0,2169.0,2,83.4,1.904,7.55,,,0
1332,MQ-0056,Norte,tl120,noche,63.0,8661.0,0,76.88,1.797,6.87,642.2,,0
1310,MQ-0147,Sur,xr200,tarde,47.0,5714.0,3,64.51,1.382,6.03,391.3,,0
3498,MQ-0087,Norte,XR-200,mañana,89.0,14607.0,2,71.63,3.84,5.64,746.5,3817.63,1
3185,MQ-0136,Oeste,XR-200,mañana,31.0,4969.0,1,66.63,1.303,6.63,481.3,,0
2813,MQ-0114,Sur,bm500,tarde,112.0,19569.0,3,58.99,3.307,6.33,668.6,,0
2839,MQ-0147,Norte,TL-90,noche,32.0,5696.0,0,68.94,2.082,5.48,603.0,,0
2973,MQ-0163,Oeste,XR-200,noche,23.0,1461.0,2,90.06,3.556,5.31,666.7,,0
2540,MQ-0083,Norte,XR-350,noche,46.0,6463.0,1,83.12,,7.0,719.7,,0
2670,MQ-0121,Oeste,TL-120,mañana,47.0,8778.0,4,67.26,3.881,6.77,,,0
2766,MQ-0025,Norte,TL-120,tarde,4.0,50.0,0,82.32,2.246,5.82,456.8,,0
3047,MQ-0160,Este,XR-350,mañana,48.0,7325.0,2,62.72,1.104,7.09,593.0,,0
664,MQ-0123,Sur,TL-120,noche,75.0,14508.0,7,65.89,2.489,6.38,659.5,,0
574,MQ-0108,Norte,bm500,mañana,34.0,5092.0,1,82.82,1.963,6.36,643.3,,0
3934,MQ-0035,Este,xr350,mañana,22.0,3260.0,1,62.49,1.743,6.0,,,0
3034,MQ-0051,Este,TL-90,tarde,38.0,8315.0,1,69.54,2.778,6.41,555.3,3560.26,1
3815,MQ-0133,Este,XR 200,tarde,27.0,3234.0,1,69.53,1.914,6.47,334.0,,0
3466,MQ-0005,Este,XR-200,tarde,16.0,1661.0,0,83.27,2.036,6.66,500.7,,0
2927,MQ-0113,Este,XR-350,tarde,30.0,3956.0,0,65.15,3.138,7.32,458.1,,0
3679,MQ-0145,Oeste,BM-500,noche,26.0,1981.0,2,68.14,2.031,5.53,468.0,,0
2907,MQ-0049,Sur,XR-200,tarde,8.0,1508.0,1,86.36,1.613,5.55,663.7,,0
2188,MQ-0118,Este,BM-500,mañana,53.0,7815.0,6,62.5,0.94,5.93,632.8,,0
3883,MQ-0177,Sur,TL-120,noche,10.0,988.0,1,61.67,2.87,5.75,374.0,,0
2046,MQ-0143,Sur,XR-350,noche,49.0,9806.0,1,65.05,,6.87,570.1,,0
283,MQ-0169,Sur,TL-90,mañana,27.0,5371.0,3,82.8,1.766,7.11,655.5,,0
259,MQ-0114,Norte,XR-350,noche,36.0,4564.0,0,67.9,,5.57,445.4,,0
3603,MQ-0077,Oeste,XR-200,tarde,34.0,4211.0,2,84.67,2.434,6.67,592.1,,0
1812,MQ-0009,Sur,TL-120,tarde,48.0,7655.0,3,83.76,1.888,6.62,681.1,1976.66,1
1798,MQ-0039,Sur,BM-500,tarde,67.0,11076.0,2,72.61,1.495,7.56,612.5,,0
3042,MQ-0050,Sur,BM-500,noche,13.0,50.0,0,67.64,2.046,6.38,329.6,,0
726,MQ-0116,Norte,XR-200,tarde,53.0,10496.0,3,72.78,0.98,6.34,722.0,,0
1637,MQ-0024,Norte,TL-120,tarde,36.0,5921.0,2,74.26,6.533,6.57,550.8,3512.5,1
678,MQ-0153,Oeste,XR-350,tarde,23.0,7283.0,2,60.55,1.342,-1.0,442.5,,0
2912,MQ-0077,Norte,XR-200,noche,18.0,3357.0,3,60.34,1.617,5.81,393.5,,0
1153,MQ-0134,Oeste,TL-120,mañana,55.0,6944.0,0,68.22,1.242,6.01,629.2,,0
1347,MQ-0075,Oeste,tl90,mañana,95.0,17679.0,2,,1.443,6.2,858.2,,0
56,MQ-0001,Oeste,TL-90,mañana,68.0,8858.0,6,69.88,2.62,6.5,585.0,,0
3236,MQ-0057,Sur,TL-90,noche,19.0,2802.0,0,83.68,,7.42,669.7,,0
1412,MQ-0091,Norte,TL-90,tarde,69.0,12487.0,1,65.91,1.018,6.07,747.2,,0
3434,MQ-0105,Norte,XR 200,tarde,37.0,7049.0,2,81.98,2.359,5.84,686.4,,0
2215,MQ-0126,Este,TL-120,tarde,48.0,10687.0,2,75.54,4.34,5.66,565.8,,0
86,MQ-0069,Sur,TL-90,tarde,32.0,6773.0,0,77.91,2.948,5.9,602.4,,0
1362,MQ-0152,Sur,XR-350,tarde,45.0,6879.0,2,68.11,1.716,7.22,560.4,,0
889,MQ-0005,Este,XR-200,mañana,67.0,10336.0,4,83.72,1.664,5.21,,,0
3497,MQ-0139,Norte,XR-350,mañana,44.0,432060.0,3,66.61,1.472,6.93,554.6,,0
1820,MQ-0169,Sur,xr200,mañana,88.0,16726.0,2,56.24,1.81,6.18,754.5,,0
1973,MQ-0082,Oeste,bm500,noche,68.0,10747.0,4,,1.62,4.98,762.1,,0
2547,MQ-0157,Sur,XR-200,mañana,33.0,6338.0,2,83.17,1.963,6.51,645.4,,0
715,MQ-0001,Este,XR-350,mañana,18.0,5040.0,1,67.52,1.245,5.55,525.6,,0
3976,MQ-0122,Oeste,XR-200,mañana,10.0,1503.0,1,79.77,5.361,5.69,515.2,4674.21,1
1057,MQ-0100,Norte,BM-500,noche,17.0,2302.0,1,81.34,1.643,6.34,492.5,,0
2287,MQ-0067,Norte,XR-350,tarde,78.0,12628.0,2,67.74,1.074,6.02,816.9,,0
3851,MQ-0085,Norte,TL-90,noche,26.0,2753.0,0,67.59,1.668,6.85,534.1,,0
4226,MQ-0055,Norte,TL-90,noche,86.0,16482.0,4,66.27,2.333,5.93,736.0,,0
2208,MQ-0005,Sur,xr350,mañana,14.0,50.0,1,66.49,2.658,5.87,418.0,,0
618,MQ-0039,Norte,XR 200,noche,15.0,3389.0,1,66.43,1.555,6.57,433.1,,0
3387,MQ-0082,Norte,XR-200,noche,47.0,7690.0,3,,3.098,6.46,612.3,,0
124,MQ-0024,Norte,TL-120,noche,15.0,1997.0,1,82.18,2.005,6.36,509.0,,0
3617,MQ-0067,Oeste,XR 350,noche,88.0,13536.0,2,79.51,5.185,5.91,765.5,2410.4,1
335,MQ-0102,Oeste,XR-200,tarde,34.0,4969.0,3,84.48,3.156,5.85,558.2,,0
4100,MQ-0086,Sur,XR-350,mañana,9.0,3120.0,0,69.49,3.038,5.87,360.5,,0
305,MQ-0053,Este,XR-350,noche,53.0,9507.0,3,64.16,2.064,6.34,708.9,,0
2773,MQ-0014,Sur,TL-120,tarde,36.0,7141.0,1,82.74,1.661,6.48,578.3,,0
981,MQ-0047,Norte,XR-350,noche,54.0,8735.0,5,83.6,,5.83,675.7,,0
3888,MQ-0037,Este,xr200,tarde,35.0,6999.0,0,78.35,1.155,-1.0,593.6,,0
176,MQ-0056,Norte,XR-200,mañana,27.0,3314.0,1,80.02,2.124,6.47,432.0,,0
582,MQ-0048,Sur,XR-350,tarde,20.0,3340.0,1,85.02,1.909,7.66,525.0,,0
2838,MQ-0175,Este,XR-200,tarde,38.0,4158.0,1,999.0,2.391,6.79,613.5,2973.34,1
1617,MQ-0154,Este,XR-200,mañana,63.0,10628.0,3,66.86,1.147,6.96,735.3,,0
1195,MQ-0168,Sur,TL 90,mañana,28.0,4258.0,1,66.86,3.12,7.93,396.0,,0
1825,MQ-0127,Este,XR-350,tarde,23.0,4130.0,2,62.4,1.578,7.0,536.1,,0
1880,MQ-0039,Norte,XR 350,mañana,61.0,11195.0,4,,1.336,6.58,808.8,,0
1982,MQ-0066,Norte,tl90,mañana,11.0,2922.0,0,85.56,1.268,5.69,575.6,,0
1862,MQ-0048,Norte,XR-350,mañana,63.0,7364.0,4,63.82,2.479,6.59,569.5,,0
1351,MQ-0065,Norte,TL-90,tarde,21.0,3834.0,1,81.29,1.521,5.28,569.5,,0
410,MQ-0062,Este,TL-120,tarde,17.0,2739.0,1,85.96,2.77,5.89,530.8,,0
676,MQ-0141,Este,TL-90,mañana,32.0,5025.0,3,61.36,1.199,5.97,557.6,,0
298,MQ-0092,Sur,XR-350,mañana,34.0,7731.0,3,67.51,1.025,6.98,516.0,,0
926,MQ-0068,Sur,XR-350,noche,6.0,3540.0,0,81.76,1.71,5.02,585.9,,0
23,MQ-0038,Norte,TL-90,mañana,25.0,5658.0,2,66.52,0.833,6.88,534.4,,0
2964,MQ-0149,Sur,BM-500,noche,39.0,7931.0,1,86.35,2.446,7.14,681.7,,0
3896,MQ-0150,Oeste, TL-90 ,tarde,38.0,2548.0,4,81.87,1.317,6.21,577.8,,0
729,MQ-0134,Norte,XR 350,tarde,14.0,5090.0,0,69.07,2.149,5.82,475.2,,0
1308,MQ-0061,Norte,TL-90,tarde,61.0,11179.0,1,78.84,2.416,6.05,768.4,,0
672,MQ-0023,Norte,XR-350,mañana,20.0,3470.0,3,65.69,1.603,7.28,633.5,,0
1673,MQ-0150,Este,XR-200,mañana,62.0,13199.0,3,66.99,1.663,6.17,680.9,,0
1200,MQ-0043,Sur,TL-90,mañana,25.0,2996.0,3,66.33,1.774,5.07,485.7,,0
4020,MQ-0094,Norte,XR-350,mañana,64.0,9803.0,4,57.28,2.296,6.8,464.7,,0
4182,MQ-0004,Norte,BM-500,noche,15.0,2469.0,3,68.08,1.509,6.54,509.3,,0
294,MQ-0113,Norte,xr200,mañana,54.0,9796.0,8,79.23,3.244,6.15,703.5,,0
2250,MQ-0120,Sur,XR-200,tarde,71.0,12200.0,4,62.03,1.557,5.3,713.3,,0
3146,MQ-0173,Sur,BM 500,tarde,117.0,21080.0,11,62.41,1.827,5.4,783.3,,0
127,MQ-0024,Sur,XR-200,tarde,17.0,2145.0,0,64.0,2.467,6.02,488.2,,0
2580,MQ-0021,Sur,XR-350,tarde,40.0,7086.0,2,64.4,1.812,6.75,583.7,,0
2248,MQ-0159,Sur,XR-350,noche,37.0,7147.0,0,62.74,,6.75,554.5,,0
3009,MQ-0176,Este,TL-120,mañana,91.0,18163.0,5,61.6,2.018,6.08,771.1,,0
2888,MQ-0179,Oeste,BM-500,noche,41.0,5656.0,0,65.04,1.564,6.54,543.2,,0
693,MQ-0081,Oeste,XR-200,mañana,31.0,6081.0,3,72.64,2.195,5.97,576.4,,0
687,MQ-0036,Sur,XR-200,mañana,27.0,8112.0,2,84.91,3.205,-1.0,687.7,,0
818,MQ-0169,Norte,TL-90,mañana,27.0,3199.0,1,60.59,1.854,5.9,280.0,,0
217,MQ-0038,Norte,TL-120,tarde,42.0,5518.0,2,83.36,1.679,4.79,,,0
153,MQ-0019,Sur,tl120,mañana,28.0,3569.0,1,77.06,1.302,6.28,593.5,,0
3495,MQ-0090,Norte, TL-90 ,mañana,14.0,670.0,1,66.64,1.985,6.48,368.3,,0
1993,MQ-0163,Norte,TL-90,noche,62.0,9688.0,1,83.24,3.878,5.8,673.3,2530.16,1
3043,MQ-0112,Norte,XR-200,mañana,58.0,10087.0,2,71.14,0.697,3.63,667.5,,0
2009,MQ-0160,Sur,XR-350,mañana,20.0,5654.0,1,66.58,1.04,4.98,595.7,,0
479,MQ-0119,Sur,XR 200,tarde,31.0,4515.0,0,69.09,1.942,6.02,583.2,,0
1283,MQ-0155,Oeste,TL-90,mañana,45.0,5462.0,3,63.18,4.069,5.7,493.2,,0
1605,MQ-0160,Norte,XR-200,noche,8.0,50.0,1,73.67,1.65,6.44,363.5,,0
2944,MQ-0059,Este,XR-200,tarde,32.0,7223.0,1,65.61,1.445,5.0,537.3,,0
1667,MQ-0008,Norte,xr350,tarde,34.0,7117.0,0,60.75,0.386,5.06,556.4,,0
3450,MQ-0086,Sur,TL-90,mañana,43.0,6132.0,1,65.15,1.353,6.05,510.2,,0
813,MQ-0047,Sur,XR-200,noche,20.0,2156.0,0,68.89,,5.91,541.9,,0
251,MQ-0148,Este,TL-120,noche,28.0,3572.0,0,66.58,,7.01,407.5,,0
844,MQ-0054,Este,tl90,tarde,38.0,5605.0,2,67.71,1.901,7.55,489.4,,0
2126,MQ-0112,Sur,XR-200,noche,120.0,18352.0,9,64.6,1.36,6.66,841.2,,0
3276,MQ-0035,Norte,BM-500,tarde,62.0,10362.0,1,87.17,1.668,5.43,792.2,,0
4072,MQ-0060,Este,TL-90,mañana,50.0,8453.0,2,65.77,1.405,5.91,567.2,,0
968,MQ-0014,Oeste,XR-200,tarde,80.0,12013.0,5,61.54,1.836,6.27,589.3,,0
3362,MQ-0087,Norte,xr200,mañana,40.0,6548.0,1,60.53,1.796,7.38,489.4,,0
973,MQ-0075,Norte,TL-120,noche,22.0,1486.0,1,67.13,,4.83,488.5,,0
1897,MQ-0150,Oeste,tl90,mañana,33.0,4336.0,1,86.28,0.883,6.82,660.8,,0
2236,MQ-0151,Norte,XR-350,tarde,22.0,3998.0,0,65.27,3.498,5.7,500.2,,0
247,MQ-0048,Norte,TL-120,tarde,14.0,773.0,0,84.38,1.692,6.66,566.2,,0
2705,MQ-0057,Oeste,TL-120,noche,19.0,4820.0,1,63.59,1.266,6.62,545.2,,0
2204,MQ-0041,Sur,XR-350,tarde,42.0,7035.0,3,86.04,7.105,6.28,632.9,7565.96,1
4176,MQ-0173,Norte,tl120,noche,38.0,6020.0,0,84.18,2.791,6.64,698.2,,0
3020,MQ-0062,Oeste,TL-90,noche,19.0,50.0,1,79.38,2.219,5.96,,,0
2967,MQ-0061,Este,TL 120,noche,56.0,12242.0,4,65.93,1.268,6.13,632.7,,0
2332,MQ-0038,Sur,XR-200,mañana,65.0,10396.0,5,66.08,1.154,6.35,600.0,,0
3346,MQ-0088,Sur,tl90,mañana,52.0,9204.0,3,63.65,1.465,6.54,588.4,,0
3018,MQ-0070,Norte,xr200,noche,27.0,4612.0,0,60.34,1.515,6.23,428.4,,0
3326,MQ-0023,Norte,TL-120,tarde,32.0,5598.0,7,81.23,1.273,6.61,,,0
1506,MQ-0106,Este,TL-120,mañana,51.0,10902.0,3,79.73,3.186,6.92,727.6,,0
1346,MQ-0145,Oeste,TL-120,tarde,18.0,2699.0,2,79.8,1.482,6.41,,,0
4035,MQ-0018,Este, TL-90 ,noche,10.0,2958.0,0,63.05,2.837,6.13,469.9,,0
976,MQ-0068,Norte,xr200,mañana,54.0,8274.0,6,68.54,0.885,6.06,498.3,,0
3137,MQ-0117,Norte,XR 200,tarde,70.0,11935.0,2,60.88,2.117,5.91,676.1,,0
1646,MQ-0082,Sur,TL-120,noche,21.0,1323.0,1,65.84,0.982,7.62,364.3,,0
1680,MQ-0163,Norte,tl90,noche,12.0,3354.0,1,81.37,1.425,7.13,,,0
3149,MQ-0056,Este,XR-350,mañana,57.0,6748.0,5,66.17,1.192,6.6,539.8,,0
123,MQ-0056,Norte,BM-500,tarde,24.0,4387.0,1,68.54,3.009,5.9,458.9,,0
1535,MQ-0111,Norte,tl120,noche,10.0,1712.0,2,,,7.68,554.2,,0
3544,MQ-0089,Sur,XR-350,mañana,78.0,13048.0,7,84.45,2.266,6.63,653.1,,0
3701,MQ-0031,Sur,XR-350,noche,9.0,697.0,1,86.98,1.858,5.48,643.5,,0
3456,MQ-0177,Norte,XR-200,mañana,35.0,8579.0,0,87.23,1.177,7.8,656.6,,0
2101,MQ-0126,Norte,XR-200,noche,24.0,2364.0,1,57.94,1.134,5.02,325.9,,0
870,MQ-0168,Sur,XR-350,tarde,69.0,11340.0,2,60.3,2.442,5.89,631.1,,0
3556,MQ-0050,Sur,xr350,mañana,43.0,5222.0,4,79.72,2.256,6.76,581.3,,0
1031,MQ-0051,Norte,XR-200,noche,84.0,16093.0,2,64.33,0.836,6.76,801.0,,0
2695,MQ-0172,Este,TL 90,mañana,50.0,7122.0,2,68.14,1.927,5.7,592.9,,0
757,MQ-0020,Sur,xr350,tarde,22.0,4191.0,0,82.77,1.281,6.49,548.7,,0
1999,MQ-0087,Sur,XR-350,tarde,47.0,7135.0,0,69.5,1.186,7.66,574.7,,0
1157,MQ-0052,Este,XR-200,tarde,31.0,5941.0,2,83.55,1.304,5.77,731.2,,0
2116,MQ-0038,Este,XR-200,noche,24.0,1910.0,1,85.31,,7.36,652.3,,0
4059,MQ-0017,Este, XR-350 ,noche,25.0,4089.0,2,85.77,,6.08,623.7,5645.4,1
333,MQ-0082,Oeste,XR-350,mañana,24.0,4501.0,1,82.81,1.678,6.71,,,0
1593,MQ-0157,Sur,XR-200,noche,55.0,7445.0,1,,1.8,6.41,680.7,,0
2385,MQ-0058,Oeste,TL-90,noche,65.0,11938.0,3,78.57,1.987,5.62,769.3,,0
1576,MQ-0178,Este,tl90,noche,78.0,12851.0,2,83.37,2.957,4.94,757.9,3363.15,1
3134,MQ-0027,Oeste,TL-90,mañana,64.0,9764.0,4,62.67,2.642,6.14,469.0,,0
473,MQ-0164,Oeste,TL-120,tarde,28.0,5391.0,1,63.06,1.685,5.67,465.7,,0
902,MQ-0140,Sur,TL-120,mañana,69.0,16784.0,0,61.63,1.386,6.26,786.5,,0
866,MQ-0152,Norte,XR-200,noche,34.0,4941.0,3,83.78,,7.01,616.4,,0
2526,MQ-0018,Norte,TL-120,noche,37.0,8410.0,0,65.51,2.336,6.98,649.2,,0
1330,MQ-0119,Este,XR-350,tarde,70.0,12997.0,5,68.58,3.522,5.77,719.1,,0
1343,MQ-0176,Norte,TL-90,tarde,44.0,6300.0,1,75.27,8.641,5.62,,1261.99,1
742,MQ-0136,Norte,TL-120,tarde,28.0,50.0,0,65.55,1.572,5.95,508.8,,0
4063,MQ-0024,Norte,TL-90,mañana,14.0,2682.0,0,66.51,4.898,6.57,,2447.37,1
3846,MQ-0004,Sur,XR 200,mañana,34.0,3655.0,1,79.1,1.856,6.7,559.3,,0
2181,MQ-0033,Este,TL-90,noche,25.0,2457.0,1,68.36,,6.74,453.6,,0
4070,MQ-0094,Norte,xr200,mañana,28.0,6157.0,1,65.14,1.167,6.22,427.5,,0
2993,MQ-0071,Norte,XR-200,tarde,31.0,3787.0,1,87.94,1.125,7.52,609.0,,0
1629,MQ-0148,Sur,TL-120,noche,96.0,18879.0,6,85.57,7.694,6.34,,4794.51,1
3674,MQ-0078,Sur,XR-350,mañana,36.0,4658.0,3,75.87,2.015,5.91,512.0,,0
2439,MQ-0025,Sur,TL-90,mañana,33.0,5558.0,2,65.49,,6.75,510.5,,0
1150,MQ-0017,Norte,XR-350,mañana,16.0,2783.0,0,72.98,2.902,6.67,517.0,,0
3545,MQ-0047,Este,xr350,tarde,42.0,6817.0,4,,5.051,6.85,718.5,,0
3696,MQ-0110,Este,XR-200,tarde,130.0,24201.0,2,64.99,1.584,6.67,884.7,,0
257,MQ-0049,Sur,TL-90,tarde,23.0,6877.0,0,74.4,4.851,6.93,453.3,5992.33,1
2599,MQ-0139,Norte,tl90,noche,26.0,2807.0,0,60.85,,6.89,526.4,,0
634,MQ-0139,Sur,XR-200,mañana,48.0,9662.0,2,64.33,3.691,6.58,662.9,,0
2338,MQ-0023,Oeste,BM-500,mañana,31.0,4960.0,0,61.98,2.464,6.99,513.6,,0
3505,MQ-0128,Norte,TL-120,mañana,28.0,4936.0,5,86.74,,5.18,599.1,,0
778,MQ-0062,Oeste,XR-200,mañana,41.0,10313.0,2,61.85,2.638,6.23,612.7,,0
3440,MQ-0128,Norte,XR-350,tarde,34.0,7195.0,0,80.2,2.608,6.35,685.8,,0
2102,MQ-0138,Sur,XR-350,tarde,24.0,1735.0,0,99.17,10.739,5.77,554.4,3932.7,1
558,MQ-0112,Este,XR-350,noche,16.0,1774.0,0,64.79,1.982,4.99,447.5,,0
4067,MQ-0138,Norte,TL-90,noche,31.0,6201.0,0,83.73,1.563,7.45,646.6,,0
1986,MQ-0060,Norte,XR-350,noche,52.0,8152.0,2,62.53,1.174,6.08,617.9,,0
2089,MQ-0106,Norte,TL 90,tarde,19.0,1703.0,0,60.65,3.238,5.81,322.3,,0
3595,MQ-0020,Sur,xr350,tarde,51.0,365160.0,3,82.36,1.329,6.02,657.8,,0
262,MQ-0080,Este,BM-500,mañana,23.0,4491.0,2,67.58,2.261,6.37,487.1,,0
2667,MQ-0004,Oeste,tl90,tarde,39.0,5139.0,3,66.52,1.156,5.7,491.4,,0
2132,MQ-0142,Sur, XR-350 ,mañana,80.0,13718.0,5,79.91,2.119,6.89,762.3,,0
3507,MQ-0115,Oeste,XR-200,tarde,36.0,8599.0,2,86.35,,6.0,691.4,,0
3540,MQ-0149,Norte,BM-500,tarde,30.0,3902.0,2,87.52,1.701,5.8,539.3,,0
1890,MQ-0130,Norte,TL-90,mañana,35.0,5685.0,1,84.12,1.953,6.29,630.5,,0
2960,MQ-0105,Este,TL-120,tarde,19.0,2119.0,1,60.63,2.789,5.98,414.2,,0
2079,MQ-0029,Sur,XR-350,noche,91.0,16778.0,2,90.11,5.816,6.45,922.3,1720.67,1
3731,MQ-0096,Sur,XR-350,tarde,40.0,3925.0,4,69.13,1.36,6.69,445.4,,0
3534,MQ-0133,Norte,TL 90,tarde,13.0,5776.0,1,78.21,1.73,7.04,626.0,,0
4010,MQ-0160,Sur,XR-200,mañana,102.0,13964.0,4,87.13,2.151,5.89,783.2,,0
209,MQ-0054,Norte,TL-120,noche,56.0,7737.0,4,67.38,,7.24,529.3,,0
3911,MQ-0013,Este,XR-350,tarde,87.0,15871.0,5,90.22,8.394,5.92,788.6,4820.41,1
1914,MQ-0063,Norte,XR-350,mañana,58.0,8363.0,2,56.86,1.682,5.11,460.6,,0
1607,MQ-0025,Sur,XR-200,mañana,35.0,4939.0,3,66.66,3.945,7.34,,,0
1021,MQ-0102,Este,XR-200,mañana,23.0,2351.0,0,68.49,1.724,5.41,464.3,,0
3910,MQ-0022,Norte,XR-200,mañana,24.0,3894.0,2,67.17,1.81,6.9,464.1,,0
1404,MQ-0100,Sur,TL-120,mañana,65.0,13119.0,0,82.17,,4.94,723.2,,0
2986,MQ-0006,Norte,TL-90,tarde,33.0,8524.0,1,81.56,2.794,6.21,743.0,,0
2727,MQ-0024,Oeste,XR-350,mañana,32.0,3525.0,3,74.12,1.443,6.16,570.5,,0
2097,MQ-0119,Sur,TL 90,mañana,48.0,9022.0,3,81.99,2.055,6.43,679.7,,0
210,MQ-0136,Norte,XR-200,noche,43.0,10062.0,1,,,6.05,815.4,3107.64,1
2942,MQ-0180,Sur, TL-120 ,noche,78.0,15637.0,2,83.33,1.136,5.97,827.0,,0
154,MQ-0155,Oeste,XR-200,mañana,22.0,2927.0,1,68.59,4.234,6.74,436.8,,0
3358,MQ-0165,Norte,XR-200,noche,47.0,6128.0,1,84.83,,7.57,663.1,,0
1591,MQ-0157,Sur,XR-350,tarde,79.0,13939.0,1,68.3,,5.88,656.2,,0
2443,MQ-0015,Norte,TL-120,mañana,84.0,16133.0,1,64.98,2.251,4.86,683.8,,0
1148,MQ-0052,Norte,TL-120,tarde,30.0,5977.0,2,,17.529,5.26,631.7,7479.73,1
1968,MQ-0067,Este,xr350,mañana,67.0,10119.0,5,83.47,,6.87,639.5,,0
2317,MQ-0105,Oeste,TL-120,mañana,29.0,6308.0,2,63.27,2.541,5.3,478.0,,0
2434,MQ-0158,Norte,XR-200,noche,32.0,2031.0,0,64.24,1.55,5.28,503.8,,0
1634,MQ-0029,Sur,TL-90,tarde,80.0,12980.0,3,61.7,1.849,7.74,665.3,4718.98,1
2090,MQ-0021,Sur,TL-90,mañana,15.0,2903.0,0,76.86,1.894,6.54,613.7,,0
598,MQ-0078,Este,XR-200,tarde,42.0,5997.0,2,64.12,0.913,5.8,502.1,,0
1932,MQ-0124,Este,XR-200,noche,31.0,6091.0,3,62.03,1.913,6.32,509.9,,0
1657,MQ-0045,Sur,TL-90,mañana,62.0,7551.0,2,66.76,1.423,7.04,508.7,,0
681,MQ-0135,Norte, XR-350 ,mañana,58.0,10828.0,3,85.55,3.527,6.55,748.0,,0
3218,MQ-0005,Oeste,TL 120,mañana,14.0,813.0,0,62.27,2.279,6.68,353.3,,0
2573,MQ-0055,Norte,xr350,mañana,6.0,457.0,0,66.36,2.427,5.88,479.6,,0
1566,MQ-0001,Sur,BM-500,mañana,52.0,10122.0,1,73.72,3.666,6.58,,,0
3163,MQ-0126,Este,XR-200,tarde,41.0,8693.0,2,62.01,3.588,5.35,619.2,,0
1329,MQ-0084,Norte,tl90,noche,49.0,9349.0,0,66.49,,5.66,569.3,3212.3,1
2088,MQ-0112,Norte,XR-200,mañana,47.0,9120.0,1,83.81,3.857,6.82,717.2,,0
3462,MQ-0068,Norte,BM-500,noche,45.0,6461.0,2,83.23,,6.65,630.6,,0
1519,MQ-0122,Norte,TL-90,mañana,86.0,16140.0,4,66.98,5.349,6.02,818.8,,0
2288,MQ-0103,Sur, XR-350 ,mañana,44.0,9218.0,3,67.02,3.263,6.86,,,0
3097,MQ-0120,Sur,XR-200,noche,16.0,2876.0,0,69.64,1.432,5.68,445.6,,0
222,MQ-0153,Sur,xr200,tarde,26.0,5635.0,1,61.1,1.734,5.67,522.9,,0
226,MQ-0144,Norte,TL-90,mañana,5.0,50.0,0,65.33,1.943,6.63,377.8,,0
4137,MQ-0109,Sur,TL-90,noche,38.0,4317.0,3,84.69,,5.87,627.1,,0
3439,MQ-0102,Oeste,BM-500,mañana,108.0,19148.0,7,90.56,1.726,5.93,934.1,,0
2518,MQ-0050,Sur,xr350,mañana,28.0,5098.0,1,83.0,1.768,5.34,,,0
3084,MQ-0162,Norte,TL 90,noche,37.0,2394.0,0,86.63,,-1.0,662.4,,0
2394,MQ-0124,Sur,XR-350,tarde,30.0,3544.0,1,59.35,2.506,4.81,470.8,,0
1761,MQ-0013,Norte,TL-90,noche,52.0,6553.0,6,77.21,1.305,5.15,525.1,,0
1361,MQ-0086,Este,TL-90,tarde,31.0,6659.0,3,81.85,1.145,5.36,650.7,,0
2325,MQ-0075,Norte,XR-200,mañana,30.0,6348.0,0,68.45,1.08,5.71,545.4,,0
3683,MQ-0019,Este,TL 90,tarde,21.0,3740.0,2,61.28,1.75,5.6,430.5,,0
3269,MQ-0122,Este, XR-350 ,tarde,16.0,3643.0,1,79.95,3.817,7.07,519.7,,0
1493,MQ-0069,Este,XR-200,mañana,47.0,5771.0,2,80.92,1.03,5.68,574.1,,0
3202,MQ-0178,Sur,XR-200,tarde,60.0,8520.0,2,85.45,1.617,5.17,738.5,,0
3221,MQ-0074,Este,XR-350,mañana,22.0,7406.0,0,78.34,1.403,5.0,705.1,,0
2010,MQ-0101,Norte,TL-90,mañana,32.0,6847.0,3,63.22,0.767,6.65,585.5,,0
206,MQ-0170,Este,TL-120,mañana,64.0,9076.0,2,70.46,1.431,5.38,639.6,2454.27,1
1028,MQ-0163,Este,TL-120,mañana,14.0,3054.0,0,83.0,3.589,7.54,570.9,,0
3984,MQ-0110,Norte,XR-200,noche,56.0,7034.0,3,82.78,4.267,6.96,647.8,,0
3032,MQ-0034,Oeste,TL-90,tarde,40.0,6402.0,2,62.36,2.519,5.36,496.1,,0
1047,MQ-0022,Norte,xr200,mañana,59.0,8773.0,2,65.55,1.236,6.51,520.0,,0
694,MQ-0085,Sur,XR-200,mañana,44.0,5817.0,0,82.35,2.399,5.99,670.8,,0
3444,MQ-0066,Este,XR-350,mañana,66.0,7857.0,1,63.48,0.697,6.01,512.8,,0
3393,MQ-0128,Norte,TL-120,noche,101.0,17039.0,5,65.99,1.626,5.6,831.4,,0
3735,MQ-0015,Norte,XR-200,noche,23.0,5076.0,2,,,5.94,647.1,1974.92,1
1187,MQ-0100,Norte,XR-350,tarde,30.0,7263.0,0,80.07,1.372,6.35,699.9,,0
1370,MQ-0065,Oeste,XR-350,mañana,35.0,4643.0,0,80.57,1.428,5.8,524.2,,0
1908,MQ-0083,Oeste,TL-90,tarde,21.0,5303.0,0,65.95,1.878,6.9,555.9,,0
3179,MQ-0021,Sur,TL-120,tarde,36.0,5105.0,3,64.63,1.439,7.66,569.6,,0
17,MQ-0058,Norte,XR-200,tarde,35.0,5102.0,1,84.77,1.699,5.86,618.7,,0
2515,MQ-0154,Este,TL-120,tarde,10.0,1874.0,0,87.09,2.003,7.63,597.1,,0
3182,MQ-0103,Oeste,BM-500,mañana,75.0,9827.0,1,66.65,2.233,4.45,673.0,,0
2206,MQ-0151,Norte,XR 200,noche,72.0,9759.0,2,67.13,,7.29,704.0,,0
2752,MQ-0057,Norte,XR-350,noche,44.0,6456.0,2,80.73,,5.89,630.0,,0
1487,MQ-0132,Oeste,TL-120,tarde,19.0,4105.0,1,,1.94,7.03,671.6,,0
1677,MQ-0062,Sur,BM-500,mañana,8.0,3304.0,0,59.39,1.458,6.49,,,0
1185,MQ-0031,Oeste,XR-350,noche,26.0,4838.0,0,60.92,1.225,4.37,462.7,,0
2354,MQ-0051,Norte,TL-90,mañana,18.0,1046.0,1,67.27,2.817,5.92,427.5,,0
657,MQ-0075,Este,xr200,mañana,34.0,7168.0,1,84.12,1.013,6.74,563.0,,0
1572,MQ-0106,Oeste,TL-90,mañana,20.0,1954.0,1,63.17,0.87,6.45,,,0
1738,MQ-0096,Sur,XR-200,tarde,9.0,1018.0,0,77.16,1.529,5.07,446.5,,0
1420,MQ-0036,Norte,XR-350,noche,29.0,3692.0,2,60.71,1.244,6.23,452.5,,0
400,MQ-0086,Norte,TL-120,tarde,36.0,4932.0,1,83.53,1.253,5.98,586.8,,0
2847,MQ-0077,Sur,XR-200,mañana,24.0,5869.0,1,62.7,0.896,6.35,585.1,,0
2981,MQ-0019,Sur,TL-120,noche,44.0,5803.0,2,65.57,1.367,7.55,495.9,,0
619,MQ-0102,Oeste,XR-350,tarde,53.0,7031.0,2,55.19,2.15,4.91,452.5,,0
509,MQ-0042,Norte,TL-90,mañana,22.0,1475.0,0,56.52,1.157,6.26,420.0,,0
3624,MQ-0040,Norte,XR-200,noche,64.0,9573.0,4,77.58,1.615,6.3,615.6,,0
2785,MQ-0180,Sur,XR-350,noche,48.0,10608.0,3,76.24,1.689,5.88,870.8,,0
2848,MQ-0091,Oeste,TL-120,mañana,35.0,5121.0,0,62.09,2.18,5.51,550.4,,0
4011,MQ-0050,Oeste,TL-120,mañana,53.0,10383.0,1,69.87,0.964,5.89,724.2,,0
3372,MQ-0005,Norte,xr200,noche,9.0,414.0,0,85.2,1.495,5.5,530.2,,0
868,MQ-0041,Este, XR-200 ,tarde,64.0,12726.0,1,80.52,1.599,6.73,752.7,,0
2508,MQ-0160,Norte,XR-200,mañana,27.0,2647.0,1,65.31,1.282,6.84,440.0,,0
887,MQ-0029,Sur,TL-90,mañana,26.0,1357.0,1,82.98,2.256,5.55,414.5,,0
2111,MQ-0075,Norte,TL-90,mañana,40.0,4269.0,0,999.0,,6.82,524.5,,0
600,MQ-0032,Norte,TL-90,noche,42.0,6078.0,0,63.11,1.612,7.07,491.4,,0
3370,MQ-0113,Este,TL 90,mañana,92.0,12585.0,2,61.89,2.035,5.7,622.1,,0
3900,MQ-0008,Norte,TL-90,tarde,97.0,15305.0,4,69.12,,6.78,629.1,,0
458,MQ-0029,Norte,XR-200,noche,58.0,8234.0,6,80.81,2.043,6.64,578.1,,0
3059,MQ-0126,Oeste,XR-200,mañana,28.0,5760.0,1,82.07,0.988,6.72,663.9,,0
1118,MQ-0074,Norte,TL-120,mañana,20.0,2433.0,0,65.67,1.735,5.77,514.4,,0
871,MQ-0037,Sur,XR-350,mañana,43.0,7934.0,2,61.2,1.954,5.62,529.6,,0
791,MQ-0005,Norte,BM-500,mañana,105.0,15775.0,4,87.25,5.717,6.25,,3185.11,1
2261,MQ-0054,Norte,XR-350,tarde,47.0,9862.0,2,84.13,1.49,5.9,754.9,,0
3664,MQ-0024,Este,XR-200,mañana,63.0,11143.0,2,68.31,5.337,6.41,489.7,5166.5,1
2809,MQ-0140,Sur,XR 350,noche,54.0,3996.0,4,77.73,2.104,5.78,525.8,,0
955,MQ-0138,Oeste,TL-90,mañana,37.0,6125.0,1,66.17,1.739,5.82,543.8,,0
651,MQ-0141,Norte,tl90,tarde,47.0,8594.0,4,82.39,1.595,6.63,,,0
734,MQ-0092,Oeste,XR-200,tarde,42.0,8659.0,2,79.14,1.51,5.11,613.3,,0
4110,MQ-0159,Norte,xr350,tarde,16.0,1818.0,0,81.31,2.601,6.72,569.5,,0
380,MQ-0166,Norte,TL-90,tarde,34.0,4912.0,1,83.26,2.709,7.98,551.8,,0
2613,MQ-0059,Este,tl90,mañana,68.0,10550.0,4,60.27,0.807,5.25,587.2,,0
3506,MQ-0075,Norte,TL 90,mañana,64.0,13492.0,4,,1.963,5.75,802.8,2452.25,1
957,MQ-0058,Norte,TL-90,tarde,81.0,11354.0,3,80.53,2.656,5.59,709.1,,0
2790,MQ-0008,Sur,XR-350,tarde,56.0,8121.0,4,66.67,2.253,7.11,609.7,,0
172,MQ-0114,Norte,TL-120,tarde,16.0,3060.0,1,62.25,1.221,5.74,446.7,,0
1945,MQ-0026,Sur,XR-350,mañana,15.0,632.0,0,81.93,1.096,6.64,530.0,,0
2280,MQ-0130,Sur,XR-200,mañana,23.0,4173.0,1,83.02,0.817,5.69,546.7,,0
660,MQ-0079,Sur,TL-90,mañana,32.0,7063.0,3,69.56,1.691,6.58,564.2,,0
2431,MQ-0120,Sur,XR-350,mañana,49.0,7328.0,2,68.68,3.504,6.22,491.8,,0
2529,MQ-0030,Sur,XR-200,mañana,69.0,10102.0,4,78.94,3.91,5.91,650.9,,0
2121,MQ-0074,Norte,xr350,mañana,22.0,2372.0,0,68.19,3.174,6.19,465.8,,0
1095,MQ-0105,Norte, TL-90 ,mañana,83.0,13104.0,6,66.56,1.63,6.76,634.6,,0
3573,MQ-0166,Oeste,XR-200,noche,68.0,8590.0,1,70.5,,5.26,669.6,,0
3321,MQ-0005,Norte,XR-350,mañana,30.0,3074.0,0,65.47,1.908,8.29,441.7,,0
2220,MQ-0074,Oeste,TL-90,noche,30.0,5672.0,1,74.19,5.047,6.29,543.8,8527.79,1
643,MQ-0005,Sur,TL-90,mañana,59.0,13497.0,5,83.74,2.275,7.33,766.8,,0
169,MQ-0021,Sur,XR-350,tarde,13.0,652.0,0,66.25,0.991,6.41,462.1,,0
1518,MQ-0022,Norte,XR-350,tarde,16.0,4136.0,2,67.86,1.592,4.95,561.3,,0
1801,MQ-0118,Este,TL-90,mañana,59.0,7557.0,5,84.4,1.061,6.24,698.8,,0
3133,MQ-0030,Norte,XR-200,mañana,25.0,4533.0,3,76.81,1.428,5.7,541.7,4353.22,1
1918,MQ-0118,Este,XR-200,tarde,69.0,12460.0,1,69.27,1.584,7.69,718.6,,0
273,MQ-0098,Norte,XR-200,mañana,6.0,2830.0,1,85.26,2.058,6.46,650.1,,0
1216,MQ-0102,Norte,XR-200,mañana,35.0,6261.0,1,77.59,4.936,5.4,529.1,2542.4,1
2469,MQ-0018,Sur,BM-500,mañana,31.0,4751.0,4,84.63,4.034,5.67,592.5,10740.32,1
1119,MQ-0175,Norte,TL-90,tarde,47.0,8336.0,2,70.74,1.789,5.83,691.5,,0
3615,MQ-0109,Este,XR-350,tarde,37.0,10855.0,2,81.81,1.742,6.23,822.1,3066.93,1
3912,MQ-0123,Sur,XR-350,mañana,33.0,2485.0,1,62.09,,5.95,501.6,,0
1067,MQ-0008,Norte,XR-200,tarde,43.0,5829.0,3,71.45,0.888,7.62,530.6,,0
2105,MQ-0044,Este,XR-200,noche,43.0,8656.0,2,84.89,0.997,5.85,737.0,,0
4232,MQ-0086,Oeste,XR-350,tarde,11.0,1201.0,0,70.59,1.44,5.79,404.6,,0
4006,MQ-0150,Sur,TL-90,tarde,22.0,3693.0,0,59.91,0.88,5.97,485.1,,0
3515,MQ-0024,Norte,TL-90,mañana,32.0,3921.0,2,60.62,1.648,6.32,512.9,,0
1913,MQ-0020,Norte,TL 120,tarde,42.0,8924.0,2,80.22,2.078,6.73,667.2,,0
39,MQ-0108,Sur,XR-350,noche,43.0,7118.0,4,68.91,0.871,5.73,491.4,,0
307,MQ-0131,Sur,XR-200,tarde,25.0,5530.0,1,82.4,3.143,6.11,606.4,,0
7,MQ-0034,Norte,XR-200,mañana,73.0,11837.0,3,64.26,1.168,7.66,697.9,,0
2831,MQ-0155,Norte,TL 120,tarde,15.0,4756.0,1,67.09,2.133,7.23,416.0,,0
2457,MQ-0152,Norte,XR-350,mañana,26.0,2869.0,0,86.0,4.442,5.9,500.9,2173.96,1
2830,MQ-0037,Sur,TL 90,tarde,17.0,2391.0,0,62.3,0.921,6.66,368.4,,0
782,MQ-0099,Norte,XR 350,noche,65.0,12814.0,8,64.77,2.024,5.76,763.6,,0
1191,MQ-0167,Sur,TL-90,mañana,71.0,11638.0,1,64.55,1.656,5.43,588.6,,0
535,MQ-0014,Norte, XR-200 ,noche,18.0,448.0,0,64.53,1.282,6.67,407.6,,0
584,MQ-0135,Norte,TL-90,mañana,7.0,50.0,0,61.38,2.107,5.56,429.0,,0
3470,MQ-0106,Este,XR-350,noche,30.0,8689.0,2,67.61,1.312,6.64,612.7,,0
4190,MQ-0017,Este,XR-200,noche,16.0,238.0,2,84.06,,5.35,577.2,,0
3700,MQ-0171,Norte,TL 90,mañana,14.0,4582.0,0,65.92,2.856,5.2,564.9,,0
3448,MQ-0135,Norte,XR-350,noche,108.0,16241.0,6,87.43,,5.72,818.2,,0
4014,MQ-0098,Norte,XR-350,tarde,10.0,3672.0,1,66.15,2.421,5.77,,,0
3261,MQ-0080,Este,XR-200,mañana,29.0,4763.0,3,71.9,1.757,6.6,526.9,,0
3209,MQ-0071,Norte,XR-350,noche,34.0,3169.0,1,83.67,1.134,6.64,640.9,,0
2862,MQ-0179,Oeste,TL-90,noche,21.0,3622.0,0,81.92,0.897,6.83,,,0
317,MQ-0092,Norte,XR-350,tarde,111.0,21336.0,4,86.76,0.688,6.86,1059.8,,0
2198,MQ-0075,Norte,bm500,mañana,21.0,5857.0,2,,3.103,5.71,726.1,,0
2415,MQ-0120,Norte,XR-200,mañana,32.0,3478.0,1,64.69,1.808,5.58,427.3,,0
2565,MQ-0013,Norte,tl90,tarde,33.0,5012.0,2,67.09,1.997,7.02,423.7,,0
3562,MQ-0135,Norte,XR-200,mañana,53.0,8524.0,1,65.6,1.668,6.25,532.2,,0
4009,MQ-0175,Norte, XR-200 ,tarde,108.0,19834.0,4,79.87,,6.61,902.9,,0
1795,MQ-0131,Sur,XR-200,noche,68.0,13150.0,2,80.66,1.092,6.55,,,0
2582,MQ-0053,Sur,XR-350,tarde,33.0,6091.0,2,68.73,3.665,5.46,512.6,,0
3161,MQ-0006,Norte,TL-90,tarde,43.0,9077.0,1,59.78,0.987,6.38,631.8,,0
272,MQ-0073,Norte,XR-200,noche,54.0,9306.0,6,81.61,0.953,5.22,795.2,,0
549,MQ-0018,Este,TL 90,noche,14.0,2345.0,1,66.09,,6.09,409.1,,0
1693,MQ-0078,Sur,BM-500,mañana,35.0,4680.0,1,64.01,2.548,6.31,562.9,,0
1720,MQ-0121,Norte,XR-350,mañana,29.0,3010.0,3,82.73,3.101,6.64,535.5,,0
3013,MQ-0100,Este,XR-350,mañana,81.0,11443.0,4,86.56,1.426,6.2,733.2,,0
4025,MQ-0024,Sur,XR-200,tarde,25.0,3454.0,0,63.59,1.869,6.47,504.4,,0
4045,MQ-0065,Este,XR-350,noche,71.0,9566.0,1,67.58,1.044,6.14,568.3,,0
2391,MQ-0136,Oeste,XR-350,tarde,80.0,10905.0,1,83.11,1.963,5.91,679.8,,0
599,MQ-0080,Sur,TL-90,tarde,46.0,6719.0,1,82.16,1.827,7.3,634.9,,0
1690,MQ-0127,Este,XR-200,mañana,88.0,15870.0,3,68.44,1.395,5.86,740.9,,0
895,MQ-0130,Norte,TL-120,mañana,44.0,8675.0,2,63.0,1.32,6.97,522.2,,0
3811,MQ-0113,Oeste,TL-90,tarde,27.0,4918.0,2,69.48,4.954,6.55,453.6,,0
1776,MQ-0177,Sur,XR-200,mañana,31.0,2805.0,1,83.65,1.632,5.08,564.9,1065.32,1
571,MQ-0070,Oeste,tl90,mañana,21.0,1559.0,2,67.29,2.761,5.26,489.2,,0
2000,MQ-0014,Norte,xr200,tarde,45.0,7707.0,3,86.92,1.932,6.3,702.3,,0
2123,MQ-0057,Sur,XR-200,tarde,10.0,2719.0,0,,1.728,5.38,393.7,,0
62,MQ-0098,Sur,XR-350,mañana,37.0,4061.0,0,63.23,1.505,7.15,503.1,,0
1248,MQ-0027,Norte,TL-120,mañana,47.0,6858.0,1,80.82,1.299,5.4,580.8,,0
4225,MQ-0057,Norte,XR-200,tarde,29.0,5237.0,1,64.14,1.708,5.23,417.0,,0
1260,MQ-0024,Norte,XR-350,mañana,46.0,10377.0,3,86.87,2.07,7.04,676.3,,0
810,MQ-0043,Norte,TL-120,tarde,36.0,7233.0,3,63.44,3.839,4.43,503.1,,0
2293,MQ-0042,Oeste,XR-350,mañana,19.0,50.0,0,83.68,1.703,5.05,516.5,,0
1050,MQ-0031,Norte,XR-350,tarde,31.0,5804.0,2,82.53,3.36,6.1,637.1,6163.06,1
3551,MQ-0148,Sur,XR-200,noche,45.0,7552.0,4,58.94,,5.73,513.1,,0
3248,MQ-0144,Sur,XR-350,tarde,14.0,50.0,0,85.0,2.58,6.46,508.9,,0
108,MQ-0082,Sur,XR-200,tarde,65.0,11705.0,1,65.97,3.969,5.06,577.0,,0
2154,MQ-0127,Norte, TL-120 ,mañana,43.0,6797.0,2,67.28,2.875,6.48,474.6,,0
674,MQ-0126,Este,TL-120,mañana,6.0,2264.0,1,64.02,2.094,5.29,422.0,,0
2691,MQ-0023,Norte,XR-200,tarde,58.0,9539.0,5,62.1,0.745,5.42,545.4,,0
3489,MQ-0156,Oeste,XR-200,tarde,82.0,11091.0,3,58.65,2.213,5.21,606.8,,0
666,MQ-0162,Sur,TL-90,tarde,21.0,3926.0,0,57.82,2.651,6.51,360.9,,0
510,MQ-0038,Norte,TL-90,noche,42.0,4562.0,3,63.34,,7.37,489.3,,0
2180,MQ-0155,Sur,BM-500,tarde,53.0,10487.0,1,63.33,1.455,7.12,712.8,,0
1641,MQ-0128,Sur,XR-200,noche,7.0,1139.0,0,82.49,1.548,6.02,607.1,,0
2493,MQ-0034,Este,TL-90,tarde,82.0,14235.0,1,62.21,2.661,6.97,590.9,,0
3861,MQ-0054,Sur,XR-200,noche,55.0,13202.0,2,66.8,1.108,6.33,584.6,,0
1533,MQ-0139,Norte,XR-350,mañana,37.0,5938.0,2,66.29,1.674,5.2,605.5,,0
867,MQ-0132,Oeste,BM-500,noche,81.0,14895.0,4,85.88,1.29,4.53,871.9,4902.62,1
1856,MQ-0140,Norte,TL-120,noche,51.0,6780.0,1,72.43,8.51,5.79,534.2,4391.86,1
1737,MQ-0174,Sur, TL-120 ,tarde,15.0,50.0,0,,1.963,7.19,310.4,,0
212,MQ-0046,Norte,XR-350,mañana,48.0,7020.0,4,65.53,1.798,6.23,537.2,,0
3148,MQ-0081,Este,TL 90,tarde,19.0,251.0,0,65.37,1.614,6.78,344.5,,0
1061,MQ-0174,Sur,XR-200,tarde,32.0,3686.0,0,67.39,,7.47,378.4,,0
2257,MQ-0130,Norte,XR-350,noche,18.0,7502.0,0,65.96,,5.48,469.9,,0
2106,MQ-0038,Este,TL-120,mañana,60.0,8251.0,3,78.85,2.082,5.82,725.3,,0
3990,MQ-0039,Sur,TL-90,mañana,14.0,814.0,0,78.2,1.406,7.09,,,0
2900,MQ-0132,Este,XR-200,tarde,35.0,3679.0,0,62.17,2.713,6.37,512.1,,0
1974,MQ-0166,Sur,XR-350,tarde,28.0,2949.0,2,81.76,1.483,5.8,633.5,,0
590,MQ-0077,Norte,XR-350,noche,28.0,5966.0,1,84.34,2.243,6.15,614.5,,0
3490,MQ-0066,Este,bm500,tarde,70.0,11098.0,5,65.81,2.974,8.3,617.8,,0
3813,MQ-0166,Norte,XR 200,noche,43.0,5962.0,5,66.28,1.657,5.95,433.9,,0
87,MQ-0141,Sur,XR-350,mañana,19.0,1463.0,1,71.99,1.293,5.2,479.9,,0
647,MQ-0042,Sur,XR-200,mañana,4.0,3692.0,0,66.41,2.117,6.91,521.8,,0
772,MQ-0169,Este,xr350,mañana,47.0,8499.0,1,59.28,3.527,5.64,506.5,,0
4071,MQ-0125,Norte,xr200,mañana,10.0,50.0,0,72.02,3.345,6.22,436.8,,0
1250,MQ-0011,Norte,XR-200,tarde,34.0,2851.0,1,82.08,1.978,6.94,624.6,2557.94,1
709,MQ-0024,Norte,TL-90,tarde,96.0,17831.0,3,65.85,1.139,4.5,828.0,3625.04,1
3158,MQ-0041,Norte,XR 200,tarde,85.0,14251.0,4,67.68,1.733,5.31,659.3,,0
2473,MQ-0032,Norte,BM 500,tarde,41.0,7395.0,2,70.84,2.448,7.05,577.6,,0
3476,MQ-0113,Este,TL-120,noche,13.0,2000.0,0,999.0,2.333,5.86,424.0,293.42,1
4106,MQ-0134,Oeste,XR-350,mañana,26.0,3505.0,2,61.77,1.665,7.77,412.8,,0
3874,MQ-0001,Este,tl90,mañana,70.0,12342.0,2,68.37,1.566,6.35,658.2,,0
2587,MQ-0102,Norte,XR-200,mañana,21.0,1155.0,0,68.01,1.549,4.87,468.5,,0
1861,MQ-0122,Norte,XR-350,mañana,49.0,8998.0,6,61.81,1.034,4.81,490.0,,0
3715,MQ-0013,Norte,XR-200,mañana,57.0,9722.0,4,80.82,2.945,7.66,709.8,,0
2129,MQ-0077,Oeste,XR-350,tarde,20.0,50.0,0,65.96,1.408,5.05,432.6,,0
3863,MQ-0168,Sur,TL 120,mañana,26.0,7616.0,1,66.43,0.96,6.2,,,0
3711,MQ-0136,Este,tl90,mañana,50.0,6645.0,1,81.0,1.338,5.39,721.6,,0
419,MQ-0031,Oeste,TL-120,mañana,22.0,4398.0,0,70.12,1.348,5.99,509.0,,0
1462,MQ-0138,Norte,tl90,mañana,146.0,25259.0,7,82.6,3.091,5.65,1081.1,,0
1485,MQ-0105,Norte,XR-350,mañana,31.0,6457.0,0,79.97,0.964,6.61,620.1,,0
2546,MQ-0015,Sur,XR-350,mañana,41.0,6730.0,1,84.95,3.015,6.46,676.3,,0
3122,MQ-0033,Sur,XR-200,noche,36.0,6534.0,3,66.95,,5.56,,,0
4046,MQ-0102,Norte,XR-350,mañana,34.0,50.0,1,68.22,3.691,5.7,444.1,,0
1357,MQ-0172,Oeste, TL-90 ,mañana,30.0,1955.0,2,82.54,2.256,6.47,510.7,,0
3012,MQ-0003,Sur,TL 120,noche,56.0,9294.0,2,67.51,,4.99,587.2,,0
852,MQ-0137,Sur,XR-350,noche,64.0,8582.0,0,81.88,,5.72,777.5,,0
1005,MQ-0173,Norte,XR-350,mañana,44.0,9093.0,1,65.55,,4.57,602.9,,0
1997,MQ-0049,Este,XR-350,mañana,60.0,12174.0,3,81.94,2.044,6.26,,,0
1835,MQ-0031,Norte,XR-350,mañana,31.0,5610.0,1,60.19,1.583,6.08,455.8,,0
3772,MQ-0009,Sur,BM-500,tarde,30.0,4508.0,3,67.76,2.484,4.64,567.1,,0
437,MQ-0017,Sur,xr350,mañana,29.0,5276.0,1,78.73,1.605,7.24,638.3,,0
1317,MQ-0011,Este,XR-350,mañana,109.0,15304.0,3,85.57,2.497,-1.0,875.9,,0
1624,MQ-0018,Oeste,TL-120,mañana,21.0,1387.0,1,84.28,3.639,6.17,513.7,,0
1481,MQ-0078,Oeste,TL-90,mañana,14.0,50.0,0,67.08,1.038,5.43,408.1,,0
1649,MQ-0038,Norte,XR-200,noche,52.0,6185.0,1,75.3,0.986,5.66,519.5,,0
1004,MQ-0144,Oeste,TL-90,mañana,42.0,4541.0,3,66.88,1.282,5.9,523.3,,0
1279,MQ-0099,Sur,XR 350,tarde,58.0,10247.0,1,61.19,1.455,6.48,,,0
3081,MQ-0017,Este,TL-90,tarde,59.0,10033.0,2,69.22,2.477,6.59,646.1,,0
1824,MQ-0069,Este,TL-90,tarde,2.0,50.0,0,65.16,2.497,5.96,478.8,,0
3527,MQ-0057,Este,xr200,tarde,48.0,7115.0,3,62.51,1.798,5.75,529.2,,0
4151,MQ-0094,Sur,XR-200,noche,17.0,6310.0,1,80.92,0.896,6.59,669.9,,0
1837,MQ-0112,Este,BM-500,noche,62.0,8095.0,2,58.69,1.894,6.9,564.1,,0
476,MQ-0130,Norte,XR-200,mañana,19.0,2962.0,0,,3.738,5.89,518.8,,0
2353,MQ-0149,Norte,XR-200,mañana,14.0,896.0,0,86.52,2.59,5.59,540.9,,0
2283,MQ-0051,Sur,XR-200,noche,29.0,5289.0,0,68.74,1.477,6.27,466.4,,0
3147,MQ-0008,Norte,TL-90,tarde,54.0,11702.0,3,56.27,1.181,6.41,519.1,,0
1547,MQ-0004,Este,XR-200,tarde,49.0,5156.0,2,62.8,3.413,5.5,499.3,,0
336,MQ-0175,Norte,XR-200,noche,23.0,3004.0,0,76.58,1.026,5.75,497.8,,0
3044,MQ-0145,Oeste, XR-350 ,tarde,15.0,965.0,0,65.54,1.968,7.26,468.6,,0
2618,MQ-0179,Este,XR-200,tarde,14.0,2534.0,0,67.42,2.535,6.76,453.8,,0
89,MQ-0114,Este,TL-90,mañana,43.0,5567.0,4,60.7,2.226,7.6,562.9,,0
875,MQ-0021,Norte,TL 120,mañana,21.0,2058.0,4,67.01,2.53,6.53,427.4,,0
3839,MQ-0120,Norte,tl120,noche,40.0,6971.0,2,64.0,2.065,5.58,490.8,,0
544,MQ-0085,Sur,XR-350,tarde,18.0,2808.0,0,82.63,1.277,6.43,594.2,,0
1242,MQ-0154,Norte,TL-90,mañana,23.0,50.0,2,85.94,0.93,5.25,591.4,,0
3001,MQ-0108,Sur,TL-90,noche,35.0,5173.0,2,,,5.23,388.8,,0
2761,MQ-0076,Este,TL-120,noche,83.0,12579.0,1,60.86,2.472,4.92,544.5,,0
4221,MQ-0109,Norte,tl90,noche,14.0,3725.0,0,63.14,1.838,6.03,401.5,,0
1881,MQ-0132,Este,XR-350,mañana,82.0,12744.0,2,81.65,2.091,6.53,719.0,,0
4153,MQ-0054,Norte,TL-90,mañana,13.0,3901.0,0,61.95,1.918,7.36,481.9,,0
3632,MQ-0043,Oeste,TL-120,tarde,43.0,8778.0,3,65.7,1.569,6.44,505.4,,0
2270,MQ-0064,Este,XR-200,mañana,43.0,5415.0,1,66.59,3.84,6.63,559.1,,0
320,MQ-0039,Norte,XR-350,noche,29.0,4072.0,2,76.09,,5.64,541.9,,0
520,MQ-0080,Oeste,TL-120,mañana,77.0,11085.0,1,82.23,1.325,7.19,744.6,,0
3381,MQ-0046,Sur,bm500,noche,20.0,4644.0,1,63.12,2.711,6.97,370.9,,0
879,MQ-0141,Este,XR-350,tarde,42.0,9872.0,1,69.36,,4.66,611.9,,0
4127,MQ-0071,Norte,XR-200,mañana,14.0,50.0,0,64.69,1.669,5.76,353.9,,0
826,MQ-0057,Norte,XR-350,mañana,43.0,7547.0,4,62.87,1.843,6.91,463.8,,0
1291,MQ-0180,Norte,TL-90,mañana,17.0,1191.0,2,70.57,2.678,6.18,465.0,,0
3079,MQ-0069,Norte, TL-90 ,noche,37.0,8784.0,4,79.74,,6.34,617.5,,0
3749,MQ-0097,Este,XR-350,mañana,87.0,15227.0,5,65.12,2.27,7.72,827.7,,0
3718,MQ-0136,Oeste,XR-350,tarde,41.0,10328.0,1,,1.469,5.52,709.8,,0
139,MQ-0172,Norte,tl90,noche,45.0,7109.0,0,62.17,4.76,5.94,492.7,,0
164,MQ-0003,Este,TL 90,tarde,66.0,13467.0,6,82.72,2.133,6.03,,,0
1619,MQ-0164,Este,TL 90,mañana,22.0,3238.0,0,74.94,2.146,7.53,518.3,,0
4114,MQ-0140,Sur,XR-200,tarde,41.0,6765.0,2,65.36,2.614,6.65,607.5,,0
1792,MQ-0095,Norte,TL-90,tarde,43.0,6304.0,4,81.74,,6.04,630.1,2911.8,1
1046,MQ-0180,Norte,TL-90,mañana,62.0,11932.0,2,80.27,1.886,6.81,622.6,,0
961,MQ-0101,Este,XR-200,tarde,-14.0,1657.0,1,61.07,6.225,6.18,410.4,4590.87,1
2880,MQ-0158,Oeste,TL-120,mañana,124.0,16402.0,6,70.41,3.057,6.67,783.4,,0
1751,MQ-0141,Sur,XR-350,noche,68.0,11488.0,5,88.25,3.614,5.65,762.0,,0
3752,MQ-0143,Sur,XR-200,tarde,62.0,11805.0,2,81.56,1.226,5.24,,,0
3424,MQ-0071,Sur,XR-200,tarde,28.0,4081.0,1,77.69,3.878,5.59,577.3,,0
1505,MQ-0104,Sur,tl120,mañana,40.0,5226.0,1,85.86,1.44,5.3,641.7,,0
3361,MQ-0090,Este,tl90,tarde,43.0,5290.0,1,69.74,3.679,-1.0,531.0,,0
1044,MQ-0157,Este,XR-200,mañana,45.0,4529.0,2,66.11,1.883,6.74,520.6,,0
3528,MQ-0008,Norte,TL-90,tarde,21.0,50.0,1,67.15,2.009,6.48,399.3,,0
1060,MQ-0121,Oeste,TL-120,mañana,54.0,11598.0,3,88.6,2.649,5.59,815.3,,0
2682,MQ-0073,Oeste,TL-120,tarde,26.0,4101.0,2,65.29,1.326,5.74,490.0,2021.92,1
3980,MQ-0033,Oeste, TL-90 ,noche,30.0,3568.0,2,60.78,1.21,5.63,375.2,,0
656,MQ-0125,Sur,TL-90,noche,22.0,2254.0,1,81.63,3.083,6.84,526.9,5262.29,1
2065,MQ-0046,Oeste,TL-90,mañana,39.0,4090.0,1,,1.931,6.71,556.1,,0
2965,MQ-0058,Este,BM-500,mañana,38.0,6314.0,1,84.35,1.834,7.59,768.4,,0
3373,MQ-0174,Este,XR-350,mañana,76.0,12107.0,1,85.04,1.01,6.88,713.4,,0
138,MQ-0125,Norte,TL-90,tarde,26.0,3982.0,1,69.95,1.555,6.13,592.1,,0
3431,MQ-0126,Sur,BM-500,tarde,35.0,5853.0,2,68.74,3.24,7.03,535.4,,0
1977,MQ-0130,Oeste,XR-200,mañana,32.0,6933.0,0,59.13,1.466,6.01,417.9,,0
1582,MQ-0131,Norte,XR-350,noche,37.0,2987.0,1,62.32,2.285,5.98,,,0
698,MQ-0057,Norte,XR-350,tarde,54.0,9840.0,2,83.76,1.083,6.65,780.3,,0
1098,MQ-0084,Norte,XR-200,noche,15.0,4272.0,1,60.49,1.975,5.01,451.5,,0
3305,MQ-0130,Norte,BM-500,noche,105.0,16727.0,4,77.49,1.187,7.3,822.6,,0
3821,MQ-0103,Norte,BM-500,tarde,15.0,1126.0,1,68.18,3.05,5.46,387.9,,0
2454,MQ-0048,Oeste,XR-200,tarde,3.0,3000.0,0,81.98,1.977,6.56,539.6,,0
2497,MQ-0065,Norte,TL-90,mañana,12.0,50.0,1,69.64,1.284,6.85,424.9,,0
1393,MQ-0159,Sur, XR-350 ,mañana,91.0,14038.0,2,62.77,1.57,6.26,707.0,,0
2084,MQ-0120,Este,XR-200,noche,80.0,14112.0,2,65.21,1.954,6.32,652.8,,0
1267,MQ-0001,Norte,tl90,mañana,27.0,3916.0,1,64.18,2.018,6.4,486.9,,0
2376,MQ-0148,Sur,TL-90,tarde,65.0,12423.0,5,84.84,2.577,6.1,841.5,,0
2366,MQ-0064,Sur,XR-350,noche,92.0,13910.0,7,65.98,2.309,6.07,582.1,,0
136,MQ-0106,Este,xr200,mañana,30.0,6599.0,5,82.45,2.206,5.56,640.5,,0
1170,MQ-0155,Sur,XR-350,tarde,41.0,563700.0,4,78.8,1.614,5.06,665.8,,0
2575,MQ-0070,Sur,XR-200,tarde,20.0,3226.0,1,59.29,1.201,6.27,,,0
2136,MQ-0031,Sur,xr200,noche,31.0,5646.0,2,81.66,0.956,5.59,640.2,,0
1504,MQ-0072,Norte,XR-200,tarde,57.0,9228.0,3,83.62,2.034,6.35,688.6,,0
1363,MQ-0042,Oeste,XR-200,mañana,30.0,3998.0,4,71.79,2.063,6.61,450.6,,0
3493,MQ-0145,Sur,XR-200,mañana,34.0,6974.0,3,61.55,1.303,6.12,495.6,,0
149,MQ-0016,Sur,BM-500,mañana,53.0,9108.0,1,76.1,4.514,7.62,652.6,1821.19,1
304,MQ-0149,Este,XR-200,tarde,37.0,8647.0,2,63.71,1.252,7.27,502.2,,0
3263,MQ-0109,Sur,BM-500,noche,45.0,7095.0,0,63.05,,5.15,466.7,,0
1018,MQ-0147,Sur,XR-350,mañana,14.0,3512.0,2,70.16,1.673,6.99,595.0,,0
1925,MQ-0108,Este,XR-200,mañana,8.0,50.0,0,68.25,2.374,6.06,500.2,,0
1053,MQ-0116,Norte,tl90,noche,44.0,9943.0,2,66.71,,6.57,564.1,,0
3994,MQ-0024,Norte,xr350,mañana,16.0,1077.0,1,66.33,2.026,6.54,,,0
2414,MQ-0078,Sur,XR-200,tarde,24.0,5510.0,1,87.19,0.87,6.45,700.0,,0
2638,MQ-0159,Norte,XR-350,noche,41.0,5648.0,2,62.79,,6.65,546.7,,0
3689,MQ-0135,Norte,TL-120,tarde,50.0,5422.0,3,63.47,1.909,6.87,516.1,,0
1905,MQ-0143,Oeste,xr200,noche,84.0,14367.0,3,64.38,1.611,6.36,636.5,,0
3802,MQ-0159,Sur,xr200,mañana,50.0,7284.0,2,80.56,1.613,6.87,606.9,,0
199,MQ-0140,Sur,TL-120,mañana,32.0,6096.0,0,59.74,1.527,6.56,497.4,,0
1769,MQ-0126,Sur,xr200,tarde,15.0,6737.0,0,83.73,2.245,6.51,650.6,,0
2876,MQ-0091,Oeste,XR-200,noche,49.0,7334.0,0,81.02,,5.26,621.5,,0
2241,MQ-0129,Oeste,tl90,mañana,16.0,135.0,1,63.21,3.686,6.31,436.2,,0
405,MQ-0007,Este,TL-120,noche,28.0,5685.0,1,62.77,1.732,6.18,449.7,,0
4096,MQ-0146,Sur,XR-350,noche,21.0,190500.0,0,999.0,,6.39,466.0,,0
4223,MQ-0171,Sur,xr350,noche,37.0,4537.0,0,62.63,1.322,5.51,438.0,,0
484,MQ-0145,Norte,XR-200,tarde,60.0,10258.0,2,67.18,1.606,6.62,505.5,,0
1183,MQ-0140,Sur,TL-120,tarde,9.0,1612.0,1,72.71,3.016,6.87,437.1,,0
1340,MQ-0015,Oeste,XR-200,mañana,80.0,14288.0,2,68.73,9.453,7.44,640.8,1027.34,1
1281,MQ-0109,Sur,BM-500,noche,38.0,2532.0,1,70.61,,7.0,465.4,,0
1032,MQ-0039,Norte,BM-500,tarde,31.0,5890.0,0,84.53,1.7,5.74,670.8,,0
792,MQ-0004,Norte,XR-350,tarde,41.0,4554.0,2,58.01,2.021,5.89,446.5,,0
800,MQ-0073,Norte,TL-90,mañana,63.0,11946.0,3,77.78,5.707,5.9,683.0,2853.93,1
2433,MQ-0139,Sur,XR-350,mañana,29.0,4576.0,1,63.64,1.38,5.51,423.7,,0
2799,MQ-0124,Sur,XR-350,noche,14.0,3944.0,0,57.3,,6.67,439.8,,0
1202,MQ-0040,Sur,BM 500,mañana,30.0,6015.0,0,60.74,1.968,5.58,514.6,,0
423,MQ-0131,Sur,XR-350,mañana,48.0,7727.0,4,,1.114,5.39,603.9,,0
2363,MQ-0169,Norte,XR-200,tarde,27.0,6440.0,1,63.3,1.83,5.15,473.4,,0
1952,MQ-0156,Norte,XR-350,noche,24.0,2590.0,1,77.84,2.08,6.86,469.9,,0
3070,MQ-0008,Sur,XR 200,tarde,106.0,17831.0,5,65.83,1.302,6.82,879.4,,0
1884,MQ-0103,Sur,TL-90,mañana,43.0,6445.0,4,63.98,1.65,5.49,549.3,,0
4194,MQ-0102,Norte,TL-120,noche,17.0,2149.0,0,76.28,,5.79,469.9,3723.64,1
1480,MQ-0027,Norte,XR-350,tarde,32.0,8720.0,1,86.04,2.943,6.62,647.5,,0
2592,MQ-0051,Sur,TL-90,mañana,25.0,5979.0,3,85.75,1.987,6.61,,,0
2962,MQ-0173,Sur,XR-350,mañana,30.0,3733.0,2,67.78,2.848,6.22,474.9,,0
1929,MQ-0102,Sur,TL-120,mañana,59.0,7195.0,3,60.59,4.793,6.76,,,0
2711,MQ-0024,Este,TL-90,noche,81.0,11261.0,2,85.97,2.379,5.7,817.9,,0
3675,MQ-0059,Norte,XR-350,noche,35.0,2983.0,3,66.49,3.767,5.64,435.1,,0
1530,MQ-0105,Norte,TL-120,tarde,4.0,50.0,0,63.2,1.377,7.07,,,0
903,MQ-0048,Oeste,BM 500,mañana,28.0,1182.0,2,87.72,1.549,5.87,519.3,,0
2810,MQ-0089,Sur,XR-200,tarde,20.0,1865.0,1,82.67,1.478,5.89,545.7,,0
686,MQ-0023,Oeste,XR-200,mañana,49.0,8300.0,2,58.17,3.445,6.67,485.5,,0
1552,MQ-0032,Este,XR-350,noche,23.0,2089.0,0,86.16,2.781,6.83,600.2,4354.79,1
4115,MQ-0057,Norte,XR 350,tarde,25.0,3090.0,2,65.96,2.425,5.99,451.8,2938.46,1
160,MQ-0166,Norte,TL-120,tarde,15.0,2130.0,0,60.38,1.603,6.27,302.4,,0
1000,MQ-0163,Sur,XR-200,mañana,36.0,5747.0,0,72.72,3.793,5.86,396.0,1989.07,1
3557,MQ-0099,Este,xr200,mañana,21.0,3900.0,0,62.98,0.682,5.72,444.8,,0
561,MQ-0159,Este,XR-200,noche,22.0,3465.0,0,62.17,3.502,6.08,,,0
2251,MQ-0105,Norte, XR-200 ,noche,28.0,6731.0,4,75.34,2.213,6.46,562.1,,0
3072,MQ-0158,Oeste,BM-500,mañana,49.0,7515.0,3,63.23,,6.68,509.1,,0
3835,MQ-0061,Este,TL-90,mañana,65.0,9351.0,2,61.35,1.31,6.55,459.0,,0
2690,MQ-0063,Norte,XR-200,mañana,43.0,5958.0,1,66.1,1.942,5.59,537.3,,0
113,MQ-0115,Oeste,TL-90,mañana,11.0,1450.0,0,58.03,1.445,6.77,339.6,,0
4132,MQ-0170,Norte,XR-350,noche,39.0,4173.0,2,,0.631,5.02,690.2,,0
3194,MQ-0005,Norte,TL-90,tarde,64.0,9883.0,2,83.18,2.372,5.64,704.7,,0
1447,MQ-0062,Norte,TL-120,noche,28.0,335.0,2,66.74,1.727,5.56,307.5,,0
1953,MQ-0141,Norte,xr200,tarde,42.0,8480.0,1,79.74,3.632,5.97,612.6,,0
3029,MQ-0112,Sur,XR-200,mañana,87.0,14591.0,4,63.78,2.309,6.68,651.6,,0
923,MQ-0030,Sur,TL-120,mañana,64.0,10043.0,2,63.73,3.151,6.23,566.7,,0
1625,MQ-0034,Oeste,TL-90,tarde,84.0,14571.0,3,62.49,1.652,5.2,630.4,,0
3771,MQ-0032,Sur,XR 350,noche,79.0,13528.0,4,62.35,0.607,7.39,661.0,,0
2854,MQ-0013,Este,XR-200,tarde,46.0,9266.0,4,68.69,,5.82,588.2,,0
3685,MQ-0075,Norte,tl90,noche,17.0,2363.0,1,82.68,,6.53,544.4,,0
2956,MQ-0161,Este,XR-200,noche,10.0,1792.0,1,67.79,2.62,6.72,334.9,,0
1320,MQ-0057,Oeste,XR-350,mañana,15.0,1747.0,0,58.64,1.316,6.03,377.0,,0
1664,MQ-0040,Este,TL-120,mañana,28.0,4926.0,1,81.52,4.342,5.64,597.1,,0
816,MQ-0084,Sur,TL-120,tarde,34.0,5066.0,3,59.34,1.97,6.46,504.5,,0
3669,MQ-0087,Sur,tl90,tarde,34.0,4777.0,1,84.26,2.891,5.97,641.6,,0
2267,MQ-0060,Este,XR-350,noche,32.0,6338.0,1,68.96,,4.71,567.3,,0
1474,MQ-0132,Norte,TL-90,mañana,40.0,3018.0,0,71.49,1.118,4.92,508.5,,0
1774,MQ-0029,Norte,TL-120,tarde,19.0,3232.0,1,86.78,1.103,6.88,570.7,,0
680,MQ-0075,Oeste,XR-200,mañana,9.0,50.0,0,61.26,4.431,5.97,383.3,5164.3,1
3736,MQ-0005,Norte,XR-200,noche,86.0,15416.0,7,63.95,,6.42,732.5,2387.18,1
1094,MQ-0014,Oeste,xr350,mañana,33.0,3554.0,3,63.41,1.522,6.39,470.5,,0
81,MQ-0136,Norte,tl120,mañana,77.0,10480.0,3,87.27,1.172,5.57,793.1,,0
1951,MQ-0002,Sur,XR-350,tarde,17.0,3278.0,0,72.68,0.95,5.44,479.9,,0
4105,MQ-0136,Norte,BM-500,mañana,53.0,7660.0,2,62.33,2.359,6.83,568.5,1743.69,1
3583,MQ-0017,Sur,TL-90,mañana,52.0,6260.0,1,66.92,2.355,6.45,575.4,,0
3834,MQ-0021,Este,XR-200,noche,81.0,13026.0,2,61.38,1.519,6.1,619.7,,0
2801,MQ-0060,Este,TL-120,mañana,41.0,3812.0,1,81.06,2.455,6.69,550.8,,0
1240,MQ-0153,Este,TL-120,tarde,37.0,6506.0,1,64.26,3.427,5.44,542.5,,0
330,MQ-0082,Oeste,TL-120,mañana,23.0,2407.0,0,75.1,1.508,4.91,469.7,,0
3103,MQ-0026,Oeste,XR-350,tarde,40.0,4751.0,3,82.32,2.486,6.06,690.3,,0
243,MQ-0168,Oeste,XR-350,tarde,64.0,10708.0,4,65.12,2.19,6.94,538.6,,0
3580,MQ-0036,Oeste,TL-90,tarde,35.0,8693.0,3,84.09,3.226,6.93,736.1,,0
642,MQ-0027,Norte,XR 350,noche,54.0,7358.0,4,63.88,,5.59,464.3,,0
697,MQ-0109,Este,tl90,tarde,58.0,10939.0,1,65.26,1.442,6.47,542.4,,0
2258,MQ-0073,Sur,BM-500,mañana,36.0,3691.0,1,81.51,1.39,7.89,688.6,,0
4235,MQ-0065,Oeste,tl120,mañana,46.0,5320.0,2,80.49,1.352,5.91,539.5,,0
2819,MQ-0021,Sur,TL-90,tarde,30.0,5990.0,3,61.95,1.723,6.17,537.3,,0
754,MQ-0123,Este,XR-200,tarde,21.0,4218.0,1,67.75,1.446,4.79,,,0
436,MQ-0046,Sur,BM-500,tarde,87.0,15290.0,8,83.34,1.317,6.42,,,0
1564,MQ-0034,Sur,XR-200,noche,30.0,5456.0,0,83.57,,7.13,631.0,,0
1935,MQ-0010,Este,XR-200,noche,76.0,10454.0,1,86.66,2.119,6.35,760.1,,0
3112,MQ-0112,Oeste,XR-350,mañana,18.0,50.0,0,76.89,2.31,7.18,509.1,,0
4215,MQ-0014,Norte, XR-200 ,noche,18.0,448.0,0,64.53,1.282,6.67,407.6,,0
3023,MQ-0073,Norte,XR-200,tarde,34.0,5634.0,2,68.84,4.011,5.69,506.0,,0
1713,MQ-0002,Sur,XR-350,mañana,58.0,9012.0,4,67.58,1.136,6.22,601.5,,0
552,MQ-0083,Sur,TL 120,mañana,55.0,7775.0,5,82.04,2.055,6.19,680.6,,0
3651,MQ-0163,Sur,TL-90,noche,9.0,3688.0,1,79.73,,5.67,520.3,,0
3803,MQ-0055,Oeste,XR-350,tarde,21.0,1960.0,0,67.51,1.857,6.68,403.3,,0
602,MQ-0041,Este,TL-90,tarde,23.0,3188.0,0,65.32,1.483,6.56,464.2,,0
1965,MQ-0065,Sur,TL-120,noche,13.0,3550.0,0,93.14,2.611,6.33,699.9,,0
1014,MQ-0096,Este,XR-350,tarde,37.0,7523.0,3,71.62,1.616,5.05,636.6,,0
3056,MQ-0061,Este,tl120,tarde,97.0,14539.0,5,63.88,1.624,6.24,751.5,,0
4090,MQ-0092,Norte,TL-90,mañana,27.0,5170.0,3,64.53,4.4,6.35,454.8,,0
1428,MQ-0063,Este,XR-200,noche,58.0,12423.0,2,82.66,1.896,5.84,695.1,,0
2013,MQ-0015,Norte,XR-200,noche,22.0,3238.0,0,81.88,,6.02,497.7,,0
3323,MQ-0023,Este,TL-90,mañana,23.0,4839.0,1,61.9,1.287,4.47,435.9,,0
1387,MQ-0155,Sur,TL-90,noche,51.0,7104.0,0,61.87,,7.37,534.3,,0
1296,MQ-0156,Norte,XR-350,tarde,21.0,1350.0,1,68.72,1.396,4.84,396.7,,0
467,MQ-0102,Este,XR-200,tarde,44.0,6580.0,4,,1.059,6.33,698.4,,0
1500,MQ-0046,Norte,XR-200,mañana,42.0,7633.0,1,85.68,1.91,6.9,674.0,,0
3856,MQ-0107,Este, TL-90 ,mañana,37.0,7050.0,2,69.97,2.385,6.97,,,0
4189,MQ-0075,Sur,TL 90,mañana,66.0,12765.0,1,80.03,1.071,6.58,748.4,,0
278,MQ-0029,Norte,TL-90,mañana,39.0,5298.0,2,84.51,1.461,7.16,548.8,,0
1070,MQ-0082,Norte, XR-200 ,mañana,32.0,8607.0,2,59.82,1.632,5.96,477.6,,0
1549,MQ-0063,Sur,XR 200,tarde,25.0,4208.0,1,85.37,1.9,5.83,503.3,,0
3066,MQ-0076,Norte,XR-350,tarde,72.0,13222.0,2,82.21,0.952,6.04,939.5,,0
1025,MQ-0158,Norte,BM-500,mañana,33.0,7086.0,0,84.24,1.999,6.11,537.2,,0
1466,MQ-0125,Sur,XR-200,noche,117.0,18118.0,3,82.66,1.725,5.84,849.2,,0
2771,MQ-0170,Norte,XR-200,mañana,31.0,6742.0,2,63.54,1.1,6.73,547.3,,0
941,MQ-0058,Este,XR-350,noche,9.0,1152.0,0,65.18,1.109,6.26,367.6,,0
2835,MQ-0010,Este,XR-200,mañana,24.0,50.0,2,79.73,2.795,6.31,456.3,,0
3853,MQ-0154,Este,XR-350,tarde,31.0,6692.0,0,68.19,3.589,5.73,579.5,,0
1467,MQ-0160,Sur,XR-350,mañana,58.0,8544.0,0,77.26,6.152,5.84,691.1,4051.96,1
1324,MQ-0116,Oeste,BM-500,mañana,37.0,7471.0,2,67.94,1.496,5.69,529.4,,0
2676,MQ-0149,Sur,TL-120,noche,39.0,3147.0,5,65.71,,6.17,465.6,,0
1400,MQ-0120,Este,XR-350,tarde,60.0,10572.0,0,89.92,2.102,6.13,722.9,,0
3616,MQ-0035,Norte,XR-350,mañana,10.0,2180.0,1,63.84,2.235,4.73,415.3,,0
1450,MQ-0024,Norte,TL-120,noche,49.0,7728.0,1,64.88,3.051,6.07,,,0
3533,MQ-0066,Sur,xr350,tarde,36.0,3880.0,1,61.35,1.736,5.81,462.2,,0
907,MQ-0056,Sur,TL-90,mañana,42.0,9098.0,1,87.49,2.698,5.52,697.1,,0
3914,MQ-0020,Norte,TL-90,noche,32.0,4960.0,3,65.22,,5.66,496.4,,0
2612,MQ-0174,Oeste,XR-350,noche,33.0,7536.0,1,85.12,,6.25,613.2,,0
1896,MQ-0161,Sur,TL-90,noche,11.0,1834.0,1,64.32,2.435,5.43,385.4,,0
3298,MQ-0142,Sur,XR-350,tarde,42.0,7158.0,2,58.79,1.956,5.99,412.8,,0
389,MQ-0033,Este,XR-200,tarde,45.0,7404.0,2,60.16,2.354,7.35,462.1,,0
2071,MQ-0152,Este,TL-120,tarde,17.0,2625.0,0,,1.614,5.37,681.3,,0
3428,MQ-0002,Norte,xr350,tarde,25.0,1170.0,1,64.5,1.5,6.64,442.9,,0
2173,MQ-0093,Oeste,TL 90,mañana,55.0,7313.0,4,68.76,1.592,4.62,581.7,,0
3457,MQ-0018,Norte,TL-90,tarde,19.0,50.0,0,76.18,1.228,5.77,473.6,,0
2822,MQ-0168,Sur,xr350,tarde,38.0,4329.0,0,,2.691,3.87,681.0,,0
881,MQ-0069,Oeste,TL 120,tarde,84.0,12973.0,3,66.01,1.534,7.23,694.3,,0
3996,MQ-0170,Oeste,BM-500,mañana,19.0,3808.0,1,65.92,2.067,6.17,453.4,,0
3193,MQ-0022,Oeste,XR-200,mañana,56.0,10047.0,2,61.78,7.7,6.14,599.7,,0
3215,MQ-0016,Sur,XR-350,tarde,30.0,5399.0,2,68.31,2.745,5.38,584.8,,0
51,MQ-0155,Norte,XR-350,mañana,38.0,4946.0,3,82.89,0.867,5.34,545.2,,0
1888,MQ-0121,Este,TL-90,mañana,25.0,4615.0,2,57.48,1.526,6.89,496.5,,0
1703,MQ-0147,Sur,TL-120,mañana,44.0,10307.0,1,58.04,1.887,7.4,686.1,,0
3922,MQ-0140,Norte,XR-200,tarde,22.0,4465.0,0,54.93,1.536,7.5,,,0
134,MQ-0120,Sur,XR-200,mañana,59.0,11623.0,1,63.91,2.749,6.94,522.9,,0
1106,MQ-0091,Norte,TL-120,tarde,23.0,3998.0,3,66.74,3.622,6.1,421.8,,0
704,MQ-0151,Sur,TL-90,tarde,58.0,12904.0,3,83.94,1.408,7.24,849.1,,0
483,MQ-0053,Sur,XR-350,mañana,36.0,4809.0,2,66.94,1.622,6.35,452.8,,0
3394,MQ-0147,Oeste, TL-90 ,tarde,32.0,5368.0,1,86.57,1.149,4.38,576.2,,0
1146,MQ-0074,Oeste,tl120,mañana,99.0,18415.0,4,64.79,2.546,6.22,767.1,,0
2039,MQ-0138,Sur,XR-200,tarde,29.0,3266.0,1,,10.456,5.7,657.9,2650.62,1
2252,MQ-0164,Norte,TL-90,mañana,98.0,14788.0,3,71.28,2.35,6.14,747.6,,0
67,MQ-0150,Norte,XR-200,mañana,29.0,1342.0,3,66.55,1.654,7.53,406.9,,0
4064,MQ-0037,Este,xr350,noche,48.0,9536.0,2,65.63,0.861,6.37,547.8,,0
2782,MQ-0019,Este,TL-120,tarde,31.0,7573.0,0,80.13,1.36,5.5,659.6,,0
2314,MQ-0052,Oeste,TL-120,mañana,9.0,1072.0,0,85.05,1.696,6.51,517.4,,0
2850,MQ-0005,Oeste,BM-500,tarde,19.0,4562.0,3,63.26,2.793,6.72,413.0,,0
3854,MQ-0075,Norte,tl90,tarde,57.0,11999.0,6,68.91,1.717,5.32,708.4,,0
3104,MQ-0101,Sur,BM 500,tarde,35.0,5357.0,2,60.87,0.79,6.17,500.2,,0
908,MQ-0071,Este,XR-200,tarde,38.0,7560.0,1,66.41,1.39,5.52,597.7,,0
32,MQ-0103,Sur,XR-350,tarde,15.0,3611.0,1,68.32,2.29,6.58,463.7,,0
2466,MQ-0166,Oeste,XR-200,noche,61.0,8644.0,5,64.61,,5.5,548.2,,0
2930,MQ-0081,Este,XR 350,mañana,120.0,22880.0,7,70.46,1.647,7.29,924.8,,0
2681,MQ-0066,Norte,TL-90,noche,52.0,703800.0,5,68.02,2.211,4.94,547.0,,0
874,MQ-0146,Este,XR-200,noche,26.0,8838.0,0,85.82,2.615,5.85,637.9,,0
11,MQ-0067,Sur,TL-90,mañana,43.0,8147.0,3,63.31,1.923,7.24,540.8,,0
65,MQ-0037,Norte,XR-200,noche,3.0,5063.0,0,59.36,1.876,6.11,438.0,,0
4085,MQ-0045,Oeste,xr200,tarde,37.0,6469.0,1,80.27,0.536,6.58,598.5,,0
777,MQ-0024,Norte,TL-120,tarde,22.0,4351.0,1,68.79,11.462,5.05,401.3,2492.09,1
78,MQ-0177,Norte,TL-120,tarde,44.0,7163.0,1,63.2,0.877,6.4,554.1,,0
492,MQ-0169,Sur,XR-200,noche,70.0,12050.0,1,56.53,2.161,7.75,521.4,,0
3672,MQ-0042,Norte,XR-350,mañana,39.0,7500.0,1,87.59,2.128,6.53,709.4,,0
3826,MQ-0176,Norte,XR-350,noche,76.0,10902.0,5,62.82,3.131,6.08,616.2,,0
2581,MQ-0168,Norte,XR-200,tarde,33.0,4444.0,2,83.23,1.097,6.36,628.6,,0
2114,MQ-0105,Sur,XR-350,mañana,32.0,3184.0,1,65.42,2.857,6.06,403.5,,0
4027,MQ-0006,Este,TL 90,tarde,63.0,9838.0,7,64.03,2.288,6.92,542.0,,0
4145,MQ-0076,Este,XR-350,noche,136.0,25305.0,3,62.79,1.94,4.86,932.8,,0
2345,MQ-0089,Este,TL-120,tarde,19.0,178.0,0,68.67,0.773,6.04,415.7,,0
592,MQ-0125,Este,xr200,tarde,33.0,6340.0,2,68.97,2.286,5.26,542.7,,0
2816,MQ-0160,Sur, XR-200 ,mañana,43.0,8752.0,2,84.6,3.548,6.41,696.2,,0
1286,MQ-0174,Norte,BM-500,tarde,37.0,4720.0,2,77.44,3.314,6.07,555.2,,0
3671,MQ-0121,Norte,TL-120,mañana,23.0,5229.0,2,65.68,2.131,5.28,481.3,,0
725,MQ-0140,Este,TL-90,tarde,24.0,2362.0,2,59.89,1.888,6.76,395.5,,0
3695,MQ-0078,Norte,xr350,noche,17.0,3207.0,0,999.0,3.617,5.59,431.2,,0
3354,MQ-0013,Este,TL-90,mañana,34.0,5073.0,2,68.3,1.541,-1.0,501.4,,0
2675,MQ-0076,Sur,XR-350,mañana,30.0,6863.0,2,89.72,0.991,6.4,650.5,,0
3425,MQ-0039,Sur,BM 500,mañana,33.0,7742.0,0,59.36,1.607,5.74,503.4,,0
3668,MQ-0038,Norte,TL-120,tarde,48.0,10033.0,0,79.49,1.745,6.55,672.3,,0
4205,MQ-0040,Norte,XR-200,mañana,72.0,11314.0,4,84.5,1.315,6.58,,,0
1213,MQ-0164,Sur,xr350,mañana,15.0,2939.0,1,83.16,1.443,5.96,572.1,,0
2483,MQ-0007,Sur,TL 120,mañana,22.0,4133.0,0,82.87,2.581,5.44,523.3,,0
2300,MQ-0026,Sur,XR-200,tarde,37.0,3099.0,3,,6.656,7.56,587.6,2685.4,1
3764,MQ-0055,Este,BM 500,noche,14.0,2007.0,0,59.69,1.164,6.08,445.8,,0
1638,MQ-0106,Sur,TL-90,tarde,38.0,5386.0,2,64.72,2.197,-1.0,444.3,,0
4140,MQ-0039,Sur,TL-90,tarde,17.0,2765.0,2,69.2,,7.45,452.1,,0
1736,MQ-0031,Sur,BM 500,tarde,88.0,14793.0,5,84.17,3.534,5.86,834.5,4627.9,1
3125,MQ-0180,Norte,TL 90,tarde,42.0,6595.0,3,83.48,0.698,5.86,663.3,,0
4186,MQ-0050,Este,XR-200,tarde,33.0,2602.0,3,66.93,1.253,7.22,522.9,,0
983,MQ-0023,Oeste,XR-200,mañana,20.0,3540.0,0,81.54,1.317,7.43,585.5,,0
3028,MQ-0117,Oeste,XR-350,tarde,31.0,4516.0,1,69.03,1.133,5.99,528.8,,0
707,MQ-0111,Sur,BM-500,noche,43.0,5856.0,2,,12.669,6.91,699.4,5822.3,1
2536,MQ-0058,Norte,tl90,mañana,96.0,12196.0,2,57.95,1.488,6.27,546.7,,0
1688,MQ-0031,Sur,TL-90,noche,62.0,7754.0,2,,9.649,6.0,629.9,3921.54,1
3823,MQ-0093,Sur,XR 200,tarde,60.0,12959.0,3,62.55,2.6,6.24,562.1,,0
274,MQ-0042,Sur,TL-120,mañana,38.0,4887.0,1,65.23,1.111,7.2,618.6,,0
1710,MQ-0123,Norte,TL-120,mañana,24.0,3533.0,1,85.03,1.988,5.62,612.1,,0
3795,MQ-0130,Sur,XR 350,noche,52.0,8342.0,2,64.33,1.63,4.84,455.3,,0
4001,MQ-0048,Sur,XR-200,tarde,20.0,5245.0,2,88.41,5.672,6.66,609.8,4013.74,1
964,MQ-0053,Norte,tl120,tarde,60.0,10248.0,3,83.42,1.02,6.4,725.6,,0
2926,MQ-0174,Norte,xr350,mañana,32.0,4886.0,1,63.62,2.062,5.73,480.6,,0
3661,MQ-0041,Norte,TL-90,tarde,74.0,12274.0,1,82.0,1.478,5.55,677.5,,0
2134,MQ-0056,Norte,TL-90,tarde,60.0,14507.0,1,81.06,3.139,7.01,813.6,,0
1473,MQ-0026,Norte,TL-90,tarde,25.0,5675.0,1,61.96,3.009,6.24,409.7,,0
2460,MQ-0151,Sur,XR-200,mañana,17.0,4075.0,1,68.55,1.748,7.31,488.6,,0
3886,MQ-0166,Este,XR-200,tarde,32.0,4511.0,2,82.3,1.831,6.49,607.8,,0
3728,MQ-0082,Norte, XR-200 ,mañana,50.0,6758.0,3,,1.594,5.68,651.0,,0
1453,MQ-0121,Este,TL-120,tarde,77.0,12603.0,2,86.87,3.365,6.71,889.5,3798.36,1
2716,MQ-0003,Sur,BM-500,tarde,56.0,7659.0,6,97.24,4.883,6.99,732.5,3716.37,1
3311,MQ-0093,Norte,XR-350,tarde,25.0,2322.0,1,66.16,2.184,7.34,454.5,,0
150,MQ-0170,Oeste,XR-200,noche,21.0,2868.0,2,63.4,1.416,5.98,494.9,,0
2693,MQ-0078,Oeste,TL-90,noche,9.0,50.0,0,83.58,,6.92,466.4,,0
2768,MQ-0102,Oeste,xr350,mañana,52.0,8611.0,3,74.78,1.155,5.55,631.9,,0
1758,MQ-0146,Oeste,XR-350,tarde,23.0,50.0,0,87.37,3.373,5.23,497.4,,0
219,MQ-0155,Norte,TL-120,mañana,71.0,9558.0,5,65.83,1.101,5.29,610.3,,0
240,MQ-0163,Norte,XR-350,mañana,40.0,7498.0,4,65.31,3.544,7.31,499.6,,0
1132,MQ-0014,Este,XR-350,noche,56.0,9307.0,0,63.57,1.931,5.95,567.2,,0
3958,MQ-0122,Norte,TL-120,noche,29.0,5783.0,2,83.53,1.301,5.5,541.1,,0
3265,MQ-0039,Norte,XR-350,tarde,59.0,8220.0,2,,2.059,5.94,685.0,,0
2841,MQ-0132,Este,XR-350,mañana,31.0,4931.0,0,85.19,4.982,5.45,551.7,,0
2240,MQ-0046,Norte,tl90,noche,25.0,3015.0,0,62.68,,6.56,321.6,,0
2382,MQ-0058,Oeste,xr350,tarde,16.0,2039.0,0,78.61,1.788,6.49,472.9,,0
1254,MQ-0100,Este,XR-350,mañana,30.0,4407.0,2,88.36,2.633,6.13,659.0,,0
1054,MQ-0130,Este,TL-120,mañana,14.0,1834.0,0,87.93,0.856,6.08,676.2,,0
3011,MQ-0029,Norte, XR-200 ,tarde,45.0,2926.0,5,67.48,2.366,-1.0,413.1,,0
1669,MQ-0142,Este,XR-350,tarde,48.0,6371.0,1,64.93,1.848,5.84,,,0
3712,MQ-0151,Sur,XR-350,tarde,39.0,9180.0,2,61.11,1.622,6.55,537.2,,0
3075,MQ-0163,Norte,bm500,mañana,37.0,5935.0,0,94.61,8.794,7.47,501.0,2747.5,1
4206,MQ-0159,Norte,XR-350,tarde,11.0,653.0,0,68.7,1.479,5.59,419.5,,0
3981,MQ-0042,Sur,TL-120,noche,13.0,5743.0,0,61.93,3.194,5.16,448.0,,0
1358,MQ-0120,Este,TL-120,tarde,37.0,6559.0,3,74.23,1.96,5.97,579.0,704.28,1
776,MQ-0085,Norte,XR-350,tarde,78.0,11918.0,1,66.83,1.919,5.71,666.6,,0
2631,MQ-0056,Sur,XR-200,tarde,14.0,3397.0,0,79.03,2.372,7.43,450.9,3415.68,1
2833,MQ-0071,Este,XR-350,noche,32.0,2204.0,2,83.8,1.762,6.62,564.7,,0
3827,MQ-0153,Norte,TL-90,mañana,56.0,10846.0,2,80.73,1.482,6.14,669.9,,0
840,MQ-0164,Oeste,xr200,mañana,24.0,6250.0,1,61.39,0.916,5.99,500.0,,0
628,MQ-0039,Este,XR-350,tarde,96.0,14270.0,7,64.31,2.665,6.12,717.3,,0
324,MQ-0030,Oeste,XR-200,mañana,21.0,6077.0,2,69.47,1.157,6.82,558.1,,0
3972,MQ-0071,Oeste,xr200,tarde,43.0,7065.0,1,84.72,3.173,6.34,610.2,,0
1656,MQ-0033,Oeste,XR-350,noche,52.0,7711.0,4,65.48,1.235,5.75,506.1,,0
1868,MQ-0167,Este,TL-90,mañana,37.0,1263.0,2,57.88,3.001,7.31,355.6,,0
1161,MQ-0180,Sur,xr350,tarde,24.0,5089.0,3,61.66,2.393,5.45,507.8,,0
2827,MQ-0135,Norte,XR-350,tarde,42.0,7705.0,1,65.24,2.203,5.04,605.9,,0
1077,MQ-0068,Norte,TL-90,noche,37.0,8029.0,2,63.54,,5.85,550.0,,0
2988,MQ-0065,Norte,XR-200,mañana,35.0,4083.0,3,999.0,1.435,6.34,465.8,,0
438,MQ-0106,Norte,bm500,tarde,26.0,6640.0,1,85.37,2.847,5.72,530.5,,0
120,MQ-0017,Norte,BM-500,mañana,72.0,11910.0,3,86.38,2.58,6.36,865.7,3864.49,1
3864,MQ-0096,Norte,TL-120,mañana,58.0,7608.0,3,66.17,1.999,7.03,579.7,,0
3605,MQ-0086,Norte,XR 200,mañana,110.0,18899.0,3,59.7,2.961,6.75,776.0,,0
3872,MQ-0150,Este,XR 200,mañana,23.0,3669.0,0,66.96,0.992,5.92,453.3,,0
1815,MQ-0112,Norte,TL-90,tarde,52.0,8060.0,2,68.99,1.067,4.91,583.5,,0
3414,MQ-0159,Norte,tl120,tarde,35.0,6153.0,2,56.5,1.666,7.54,451.5,,0
1840,MQ-0077,Sur,TL 90,mañana,178.0,29746.0,5,71.01,1.568,6.1,1019.0,,0
1027,MQ-0175,Oeste,xr200,mañana,40.0,4921.0,1,59.84,1.426,6.64,398.1,,0
3302,MQ-0012,Sur,BM-500,tarde,28.0,2049.0,1,68.63,2.188,7.82,468.1,,0
3898,MQ-0125,Sur,TL-120,mañana,44.0,9550.0,1,69.66,0.63,5.54,593.6,,0
3429,MQ-0132,Sur, XR-350 ,mañana,42.0,6147.0,1,63.55,1.566,5.48,494.9,,0
77,MQ-0160,Norte,bm500,tarde,26.0,4951.0,2,61.95,1.169,6.45,492.1,,0
3102,MQ-0145,Oeste,TL 90,mañana,53.0,8594.0,3,62.29,1.543,5.74,560.2,,0
901,MQ-0023,Norte,XR-200,tarde,16.0,4175.0,0,63.04,2.145,5.5,502.2,,0
372,MQ-0038,Este,XR-200,tarde,42.0,7173.0,0,82.85,1.855,6.29,,,0
1205,MQ-0164,Oeste,XR-350,tarde,33.0,5207.0,5,65.83,3.979,6.23,,,0
4173,MQ-0121,Sur,XR-200,tarde,70.0,11029.0,3,64.07,1.312,6.23,682.5,,0
4216,MQ-0021,Este,BM-500,mañana,67.0,14099.0,3,76.21,1.077,6.17,,,0
942,MQ-0006,Oeste,XR-350,tarde,21.0,4103.0,0,,2.365,5.97,689.5,,0
2626,MQ-0054,Este,XR 350,mañana,26.0,3675.0,0,80.79,1.972,5.66,573.7,,0
2868,MQ-0019,Este,TL-90,mañana,20.0,4732.0,0,84.67,0.981,6.56,541.9,,0
553,MQ-0107,Oeste,TL-120,mañana,32.0,3603.0,1,68.71,1.333,5.85,455.9,,0
407,MQ-0046,Norte,XR-200,tarde,78.0,14243.0,8,69.69,1.953,6.62,757.1,,0
2118,MQ-0159,Sur,XR-350,mañana,16.0,2028.0,0,63.81,1.582,6.1,482.4,,0
3629,MQ-0055,Norte,XR-350,tarde,12.0,4712.0,0,63.54,3.202,7.86,442.9,,0
1614,MQ-0074,Norte,XR 200,mañana,38.0,7477.0,0,67.2,2.161,5.89,635.9,,0
2935,MQ-0101,Sur,TL-90,tarde,33.0,5934.0,1,61.49,1.526,6.05,500.4,,0
969,MQ-0025,Norte,XR-200,mañana,9.0,1543.0,1,65.68,2.577,6.28,431.5,,0
3913,MQ-0004,Este,XR-200,tarde,25.0,5333.0,2,87.72,1.16,6.53,677.3,,0
2834,MQ-0055,Norte,TL-120,tarde,26.0,3895.0,1,63.99,1.856,6.68,452.7,,0
3848,MQ-0055,Sur,xr350,mañana,36.0,5540.0,0,61.34,2.962,7.21,463.9,2558.29,1
3384,MQ-0057,Oeste,TL-90,noche,12.0,1241.0,0,61.68,3.516,4.45,463.7,,0
3930,MQ-0159,Este,BM-500,mañana,12.0,4048.0,1,61.9,2.383,5.92,406.4,,0
2350,MQ-0040,Norte,TL-90,noche,70.0,10725.0,4,73.72,2.038,6.29,658.2,,0
1747,MQ-0068,Norte,BM-500,noche,59.0,7493.0,0,63.07,0.942,6.75,569.9,,0
690,MQ-0010,Norte, XR-200 ,noche,38.0,4402.0,2,62.84,,6.7,487.5,,0
2861,MQ-0030,Oeste,XR-350,noche,13.0,50.0,2,64.27,,5.77,384.1,,0
3110,MQ-0125,Sur,XR-350,noche,37.0,6409.0,1,71.18,1.266,5.34,663.3,,0
3426,MQ-0155,Este,xr350,mañana,19.0,1150.0,0,85.78,1.968,6.01,496.8,,0
4112,MQ-0041,Oeste,bm500,tarde,43.0,7472.0,4,64.7,2.797,6.83,489.9,,0
1739,MQ-0156,Este,XR-200,tarde,20.0,4790.0,0,67.05,1.432,5.83,381.4,,0
237,MQ-0126,Norte,TL-120,mañana,43.0,5277.0,2,63.52,1.871,5.5,406.4,,0
4201,MQ-0005,Este,XR-200,tarde,16.0,1661.0,0,83.27,2.036,6.66,500.7,,0
1987,MQ-0126,Norte,BM-500,tarde,67.0,11363.0,6,80.92,2.205,5.77,712.0,,0
1984,MQ-0159,Oeste,xr200,tarde,42.0,4112.0,1,62.86,1.219,6.67,473.1,,0
3164,MQ-0111,Sur,bm500,mañana,27.0,3856.0,1,83.42,3.407,6.3,599.3,,0
2843,MQ-0023,Este,BM-500,tarde,37.0,6126.0,3,64.39,1.359,5.23,515.2,,0
500,MQ-0005,Este,TL 90,tarde,35.0,6504.0,4,81.65,1.206,7.61,694.7,,0
823,MQ-0008,Norte,TL-120,noche,33.0,1256.0,1,82.98,,6.0,580.4,,0
3128,MQ-0138,Sur,XR-200,noche,67.0,9951.0,4,64.97,3.184,6.15,622.0,,0
3375,MQ-0111,Oeste,XR 200,tarde,128.0,18899.0,3,92.65,13.791,5.32,844.1,3031.09,1
795,MQ-0118,Oeste,TL-120,tarde,-39.0,7421.0,0,65.06,,5.57,569.3,,0
3359,MQ-0066,Sur,XR-200,mañana,40.0,7429.0,5,90.39,2.117,7.35,645.1,,0
3831,MQ-0022,Norte,XR 350,mañana,29.0,5422.0,2,81.91,1.981,4.94,625.3,5190.0,1
3292,MQ-0032,Este,BM-500,mañana,52.0,6676.0,3,93.84,5.575,5.4,642.3,2186.63,1
991,MQ-0070,Norte,XR-200,mañana,26.0,6744.0,2,73.74,3.05,7.37,,,0
568,MQ-0081,Norte,XR-200,tarde,93.0,14047.0,2,84.85,1.942,5.98,841.3,,0
2983,MQ-0108,Norte,XR 200,mañana,27.0,3867.0,0,87.65,1.567,5.65,591.7,,0
2436,MQ-0120,Norte,TL-120,tarde,37.0,2634.0,0,63.58,1.172,6.81,,,0
3768,MQ-0038,Norte,TL-90,tarde,56.0,10404.0,1,86.3,2.954,6.08,772.9,,0
391,MQ-0098,Sur,XR-350,tarde,25.0,2255.0,2,86.4,1.127,6.3,635.7,,0
744,MQ-0077,Este,XR-350,noche,42.0,7521.0,4,82.58,1.397,6.02,587.4,,0
2401,MQ-0143,Norte, TL-90 ,mañana,34.0,4600.0,4,68.89,0.645,5.86,467.1,,0
1218,MQ-0116,Sur,XR-200,noche,4.0,50.0,1,61.29,,5.75,,,0
236,MQ-0086,Sur,XR-350,mañana,26.0,5975.0,1,61.8,2.305,6.75,514.6,,0
4049,MQ-0057,Norte,TL 90,mañana,25.0,4260.0,2,64.34,0.664,6.24,478.4,1976.23,1
481,MQ-0058,Oeste,TL-90,tarde,9.0,3029.0,0,63.86,3.577,6.63,457.1,,0
2043,MQ-0168,Sur,XR-200,tarde,27.0,6109.0,0,66.13,2.159,5.6,555.7,,0
2616,MQ-0024,Sur,BM-500,noche,20.0,3992.0,1,79.7,0.904,5.56,573.2,,0
3189,MQ-0071,Sur,TL-90,tarde,61.0,11193.0,4,64.02,3.591,6.48,588.1,,0
1678,MQ-0118,Este,TL-90,mañana,16.0,50.0,0,67.66,,6.94,467.9,,0
4016,MQ-0100,Sur,TL-120,noche,16.0,5524.0,0,80.54,,5.16,609.7,,0
4163,MQ-0096,Norte,XR-200,tarde,46.0,4514.0,0,79.84,0.922,6.89,626.7,,0
3785,MQ-0024,Norte,XR-350,tarde,24.0,5233.0,0,63.24,1.152,5.91,457.5,,0
3876,MQ-0041,Norte,TL-120,noche,25.0,1891.0,0,,2.062,6.01,517.3,,0
121,MQ-0012,Este, TL-120 ,noche,35.0,4284.0,3,85.52,1.733,6.66,615.7,5521.07,1
3437,MQ-0142,Norte,xr200,mañana,61.0,6904.0,1,64.94,1.284,6.83,549.6,,0
4074,MQ-0138,Sur, TL-90 ,tarde,8.0,2895.0,0,72.38,9.863,6.36,487.2,911.34,1
3073,MQ-0120,Norte,TL-90,tarde,29.0,4811.0,1,67.62,1.432,6.22,524.7,,0
3135,MQ-0094,Norte, BM-500 ,tarde,38.0,8213.0,0,66.89,1.408,5.26,607.6,,0
1273,MQ-0097,Oeste,TL-90,noche,17.0,4326.0,2,58.09,,-1.0,423.4,,0
3526,MQ-0045,Este,TL-90,mañana,27.0,4959.0,0,64.17,2.015,6.22,492.5,,0
927,MQ-0011,Norte,TL-90,mañana,61.0,9909.0,3,86.18,2.701,5.87,633.7,,0
2564,MQ-0095,Sur,tl120,noche,56.0,10073.0,3,78.22,1.55,7.74,661.5,,0
1595,MQ-0174,Sur,XR-200,tarde,44.0,6150.0,4,85.76,2.23,7.34,623.2,,0
224,MQ-0029,Sur,TL-120,mañana,25.0,5296.0,0,66.76,2.013,6.46,484.0,,0
767,MQ-0089,Oeste,XR-350,tarde,33.0,6084.0,0,66.38,,5.29,470.1,,0
614,MQ-0133,Oeste,XR-200,mañana,21.0,2307.0,2,60.02,1.81,5.86,324.8,,0
2892,MQ-0097,Este,BM-500,mañana,11.0,4906.0,0,80.75,2.061,6.65,620.6,,0
1246,MQ-0079,Sur,XR 200,tarde,48.0,6872.0,1,69.1,2.374,7.19,557.8,,0
1541,MQ-0082,Norte,TL-120,mañana,26.0,7952.0,0,81.55,2.364,5.06,699.5,,0
3538,MQ-0034,Norte,TL-120,mañana,43.0,8193.0,1,67.47,1.151,6.07,578.6,,0
53,MQ-0134,Norte,TL-120,mañana,26.0,3865.0,0,63.54,4.42,6.74,432.8,5670.11,1
530,MQ-0057,Oeste,XR-200,mañana,21.0,4832.0,0,72.04,2.533,5.84,637.7,,0
2534,MQ-0031,Norte,TL-90,mañana,66.0,10576.0,1,,1.66,6.88,658.6,,0
1900,MQ-0044,Sur,XR-200,tarde,30.0,8532.0,0,60.31,2.649,6.72,529.6,,0
403,MQ-0065,Este,xr350,tarde,28.0,2077.0,2,71.02,1.431,-1.0,453.8,,0
819,MQ-0119,Sur,xr350,mañana,33.0,5656.0,1,65.9,1.121,5.3,397.6,,0
3459,MQ-0126,Norte,XR-350,tarde,103.0,18591.0,3,73.03,9.188,6.82,860.1,5212.21,1
156,MQ-0069,Sur,XR-200,tarde,66.0,11707.0,4,81.23,1.313,6.14,748.5,,0
3415,MQ-0092,Sur,XR-350,tarde,18.0,2558.0,2,56.07,1.354,6.52,346.0,,0
2649,MQ-0055,Sur,bm500,noche,30.0,3470.0,1,64.44,0.491,5.5,507.8,,0
4154,MQ-0032,Norte,XR-200,noche,24.0,7893.0,1,68.48,,6.34,563.5,,0
249,MQ-0014,Oeste,XR-350,tarde,23.0,3483.0,1,61.69,1.21,7.11,380.2,,0
762,MQ-0150,Este,TL-90,mañana,57.0,10432.0,4,87.13,1.304,7.0,796.4,,0
1895,MQ-0021,Sur,XR-350,noche,23.0,4403.0,0,67.24,2.844,6.56,444.1,4911.27,1
2030,MQ-0172,Sur, XR-350 ,mañana,39.0,4183.0,1,60.55,1.431,6.01,362.5,,0
3514,MQ-0012,Sur,TL-120,mañana,45.0,8144.0,1,82.21,2.224,6.54,740.9,,0
2637,MQ-0087,Este,TL-120,tarde,39.0,3800.0,5,81.14,2.186,4.92,585.0,,0
1131,MQ-0150,Norte,xr200,mañana,4.0,1532.0,0,62.15,3.5,6.35,388.8,,0
543,MQ-0128,Sur,XR-350,mañana,88.0,16390.0,3,84.17,1.188,5.59,759.9,,0
794,MQ-0084,Este,TL-120,mañana,29.0,3788.0,3,63.94,2.393,5.73,452.2,,0
1726,MQ-0043,Norte,TL-120,tarde,84.0,15104.0,5,69.68,2.165,6.39,803.7,,0
3190,MQ-0158,Oeste,TL-90,tarde,36.0,10228.0,1,68.19,2.841,6.34,684.4,,0
3737,MQ-0136,Sur,TL-120,mañana,54.0,8788.0,5,66.41,1.785,5.78,640.7,,0
629,MQ-0073,Sur,XR-200,tarde,108.0,18550.0,5,65.24,1.461,5.7,648.6,,0
2199,MQ-0060,Este,BM-500,mañana,25.0,3472.0,1,62.69,1.833,5.32,468.3,,0
3971,MQ-0058,Norte,XR-200,noche,26.0,3588.0,1,79.19,2.216,6.68,562.0,,0
2340,MQ-0062,Sur,BM-500,mañana,35.0,7309.0,2,77.03,1.543,6.11,569.9,,0
3612,MQ-0047,Este,BM 500,tarde,21.0,1452.0,2,70.27,1.97,6.82,385.0,,0
2430,MQ-0109,Este,TL-90,mañana,10.0,3737.0,1,,2.101,5.91,655.6,,0
4138,MQ-0094,Norte,TL-90,noche,12.0,2586.0,0,81.55,,5.38,592.6,,0
2735,MQ-0134,Sur,TL-120,noche,26.0,5234.0,0,64.64,,5.14,474.1,,0
1368,MQ-0002,Sur,XR 200,tarde,56.0,7867.0,3,64.4,2.338,6.85,516.9,1512.09,1
3273,MQ-0176,Sur,TL-90,mañana,33.0,3646.0,0,67.03,2.024,6.19,573.9,,0
1621,MQ-0108,Este,TL-90,mañana,19.0,1659.0,1,67.31,2.249,6.59,436.6,,0
2946,MQ-0055,Norte,TL-90,noche,86.0,16482.0,4,66.27,2.333,5.93,736.0,,0
4091,MQ-0173,Este,TL-90,mañana,66.0,13118.0,4,66.15,3.108,6.21,575.1,,0
2903,MQ-0157,Sur,XR-200,mañana,16.0,1244.0,0,68.84,1.711,6.07,514.0,,0
1072,MQ-0039,Sur,TL-90,tarde,53.0,8691.0,3,84.77,1.151,7.36,688.8,,0
555,MQ-0029,Norte,TL-120,mañana,25.0,4968.0,0,86.33,5.081,6.29,610.9,4915.51,1
1829,MQ-0129,Sur,BM-500,tarde,50.0,9510.0,5,61.68,2.406,4.64,473.2,,0
827,MQ-0052,Oeste,XR-200,noche,50.0,11698.0,3,69.49,,5.77,700.1,,0
1640,MQ-0013,Sur,XR-200,mañana,10.0,1922.0,0,68.42,2.222,6.63,434.0,,0
1985,MQ-0093,Oeste,XR-200,noche,37.0,6053.0,0,,0.857,5.51,651.0,,0
4024,MQ-0148,Sur,TL-120,noche,55.0,8081.0,2,64.05,1.491,6.66,601.8,2843.37,1
1838,MQ-0067,Este,XR-200,noche,47.0,8619.0,3,86.61,1.654,5.45,641.0,,0
3578,MQ-0174,Este,XR-200,mañana,23.0,3045.0,1,79.35,1.26,6.38,626.6,,0
2940,MQ-0114,Oeste,tl120,mañana,60.0,9390.0,2,83.4,3.171,7.32,691.4,,0
3421,MQ-0156,Norte,TL-90,tarde,35.0,5970.0,0,65.45,1.36,6.38,459.3,,0
536,MQ-0150,Este,XR-200,mañana,40.0,7374.0,7,59.4,2.109,4.89,471.3,,0
3413,MQ-0002,Norte,tl120,noche,34.0,7082.0,1,77.72,4.154,5.83,612.4,,0
3924,MQ-0091,Este,XR-200,tarde,16.0,50.0,0,82.67,2.29,5.34,,,0
2664,MQ-0070,Norte,XR-350,tarde,52.0,8364.0,3,75.25,1.825,6.12,589.4,,0
155,MQ-0063,Norte,BM 500,tarde,59.0,13789.0,1,77.44,3.0,5.15,672.1,,0
3242,MQ-0055,Norte,xr350,tarde,27.0,3571.0,2,86.08,2.091,5.64,644.0,,0
3782,MQ-0175,Este,TL-90,mañana,67.0,9732.0,6,87.56,2.055,5.36,749.5,,0
3150,MQ-0033,Norte,TL-90,tarde,51.0,8981.0,2,64.78,2.947,7.21,519.2,,0
2953,MQ-0126,Sur,XR-200,mañana,69.0,9522.0,1,68.15,3.816,7.47,695.5,,0
1312,MQ-0161,Norte,TL-90,mañana,41.0,6482.0,1,77.86,1.865,5.85,629.8,,0
323,MQ-0104,Este,xr200,tarde,45.0,7896.0,1,84.53,2.451,6.02,648.0,5793.83,1
1711,MQ-0169,Oeste,TL-120,mañana,15.0,2041.0,0,82.34,2.847,4.71,575.8,,0
15,MQ-0088,Oeste,XR 350,noche,83.0,13441.0,3,67.71,1.893,5.19,632.6,,0
3331,MQ-0142,Sur,XR-350,noche,26.0,1096.0,3,59.34,0.937,5.74,452.3,,0
1799,MQ-0047,Norte,XR-350,noche,27.0,5528.0,2,67.98,2.216,6.32,582.4,,0
4117,MQ-0072,Este,XR-350,mañana,70.0,7426.0,1,64.02,1.962,5.98,560.2,,0
83,MQ-0165,Este,xr350,tarde,33.0,6088.0,2,68.28,2.93,5.84,475.6,,0
2561,MQ-0167,Este,TL-90,tarde,20.0,3337.0,2,59.97,3.208,4.67,436.0,,0
1944,MQ-0019,Este,TL-120,tarde,9.0,50.0,0,78.11,1.332,6.72,570.7,,0
1989,MQ-0063,Norte,XR-200,tarde,47.0,6426.0,9,86.71,2.339,5.0,637.8,,0
3537,MQ-0046,Norte,XR-350,mañana,32.0,5403.0,0,82.33,1.984,6.91,569.7,,0
2673,MQ-0082,Oeste,XR 200,tarde,8.0,50.0,0,79.46,2.371,5.69,482.4,,0
1384,MQ-0086,Este,xr200,noche,56.0,11582.0,0,67.45,1.618,5.71,632.1,,0
1575,MQ-0126,Norte,XR-200,noche,31.0,4895.0,0,62.22,,5.54,478.8,,0
2978,MQ-0080,Oeste,XR-350,tarde,38.0,6063.0,1,67.28,2.43,6.16,487.8,,0
3962,MQ-0014,Norte,TL-90,noche,39.0,6768.0,1,71.2,,6.79,589.5,,0
3406,MQ-0074,Sur,TL-120,noche,63.0,8993.0,0,63.9,,7.16,565.2,,0
2059,MQ-0134,Este,tl90,noche,16.0,2941.0,2,59.09,,6.15,495.0,,0
1763,MQ-0120,Norte,XR-200,tarde,88.0,15475.0,1,64.31,2.158,5.59,736.9,,0
1495,MQ-0133,Norte,XR 200,mañana,34.0,8628.0,2,72.13,2.483,5.4,646.0,2967.38,1
832,MQ-0003,Norte,XR-350,mañana,40.0,5036.0,3,64.5,1.338,5.41,451.8,,0
2081,MQ-0149,Norte, XR-200 ,mañana,-3.0,50.0,0,68.72,1.985,6.6,403.4,,0
1175,MQ-0058,Este,TL-90,mañana,49.0,10406.0,0,87.31,1.636,5.6,735.0,,0
414,MQ-0040,Sur,XR-200,noche,37.0,3812.0,0,61.94,1.312,5.08,461.3,,0
2629,MQ-0086,Norte,XR-200,noche,87.0,15596.0,8,83.18,2.793,6.57,780.1,,0
3455,MQ-0056,Sur,XR-350,noche,100.0,13949.0,6,77.75,2.017,6.52,792.6,,0
1818,MQ-0131,Oeste,XR-200,tarde,27.0,3598.0,4,61.53,3.42,5.73,473.6,,0
166,MQ-0062,Sur,XR-200,mañana,13.0,3107.0,1,66.98,3.388,5.97,418.2,,0
3880,MQ-0118,Sur,XR-350,mañana,30.0,3888.0,1,68.25,1.269,5.92,447.1,,0
4187,MQ-0078,Norte,TL-120,mañana,82.0,8458.0,7,83.45,1.01,7.02,,6240.92,1
615,MQ-0144,Oeste,TL-90,mañana,26.0,4573.0,1,63.14,0.77,6.48,,,0
3094,MQ-0017,Sur,XR-350,noche,20.0,5043.0,0,65.04,,5.34,416.7,,0
3451,MQ-0086,Sur,xr200,noche,36.0,9943.0,2,82.79,4.515,5.74,686.7,,0
1015,MQ-0087,Norte,tl90,mañana,22.0,2962.0,1,86.73,2.196,6.52,584.9,,0
2138,MQ-0168,Norte,XR 350,mañana,74.0,12690.0,5,66.57,1.051,5.66,728.7,,0
4147,MQ-0015,Oeste,XR-200,tarde,50.0,4565.0,2,65.98,1.142,5.83,561.3,,0
4026,MQ-0171,Sur,TL-120,mañana,48.0,12248.0,2,,2.373,5.75,576.5,,0
2650,MQ-0151,Norte,XR 350,mañana,61.0,7364.0,2,82.52,2.744,7.27,608.3,,0
1238,MQ-0085,Oeste,XR-350,tarde,16.0,1082.0,1,66.87,5.036,6.02,320.9,,0
3405,MQ-0093,Norte,TL-90,tarde,52.0,6648.0,0,86.76,2.623,6.23,668.2,,0
2182,MQ-0115,Oeste,TL-90,noche,98.0,18319.0,3,65.49,2.331,5.69,723.0,,0
3419,MQ-0141,Este,XR-200,tarde,25.0,6367.0,2,68.75,1.089,5.67,565.5,,0
556,MQ-0139,Sur,TL-90,mañana,58.0,8124.0,8,999.0,1.521,6.16,616.3,,0
3080,MQ-0094,Norte,XR-350,mañana,59.0,9558.0,2,84.63,1.989,7.18,768.6,,0
3878,MQ-0082,Norte,XR-350,noche,7.0,1394.0,0,60.94,1.413,6.74,,,0
2369,MQ-0003,Oeste,XR-350,tarde,52.0,8116.0,0,78.12,2.312,5.66,637.1,,0
2304,MQ-0004,Norte,XR-200,mañana,60.0,11612.0,5,68.69,5.407,6.12,684.8,,0
1212,MQ-0016,Sur,XR-350,mañana,83.0,15351.0,2,65.64,2.536,6.17,755.1,,0
4089,MQ-0029,Norte,XR-350,mañana,21.0,1360.0,1,86.68,2.687,7.19,657.3,,0
635,MQ-0095,Este,XR-350,tarde,83.0,10846.0,3,65.64,2.829,5.8,562.4,,0
2601,MQ-0175,Este,TL-90,noche,30.0,2216.0,2,60.79,,5.99,412.0,,0
3377,MQ-0044,Sur,XR-350,tarde,21.0,3742.0,1,81.61,1.952,6.68,515.5,,0
1056,MQ-0087,Sur,XR-350,mañana,34.0,4318.0,1,64.76,,6.08,555.1,,0
2341,MQ-0166,Oeste,TL-120,tarde,18.0,2608.0,0,68.3,3.373,6.69,494.5,,0
1709,MQ-0152,Este,TL-90,noche,63.0,8091.0,3,58.16,1.798,6.02,528.1,,0
797,MQ-0097,Sur,XR-200,tarde,36.0,7634.0,2,59.31,1.588,5.47,556.6,,0
2991,MQ-0029,Sur,BM 500,mañana,39.0,5077.0,2,81.53,1.549,5.21,660.3,,0
3313,MQ-0142,Sur,XR 200,tarde,32.0,6255.0,0,67.06,2.128,7.3,,,0
4055,MQ-0131,Sur,XR-350,tarde,36.0,4926.0,2,65.59,4.111,5.69,412.4,,0
175,MQ-0040,Este, TL-90 ,noche,77.0,14937.0,3,66.6,1.541,4.88,720.1,,0
2815,MQ-0133,Norte,TL-90,mañana,34.0,5191.0,1,73.78,1.675,6.24,612.3,,0
246,MQ-0057,Oeste,XR-350,mañana,35.0,5274.0,1,65.72,1.81,6.29,482.3,,0
1081,MQ-0108,Norte,XR-200,tarde,78.0,11156.0,2,68.04,4.572,5.93,585.6,4108.35,1
1655,MQ-0049,Sur,XR-350,mañana,57.0,10285.0,0,71.5,3.333,6.99,595.8,2737.84,1
1608,MQ-0143,Norte,BM-500,mañana,52.0,7034.0,3,57.31,1.9,6.16,478.6,,0
145,MQ-0072,Este, TL-120 ,noche,13.0,3392.0,0,70.84,1.578,6.64,,,0
146,MQ-0131,Norte,TL-90,mañana,13.0,3478.0,0,84.42,1.264,5.37,602.3,,0
91,MQ-0103,Este,XR-200,mañana,17.0,1351.0,2,62.8,2.119,6.26,339.9,,0
3751,MQ-0081,Oeste, TL-90 ,noche,18.0,1412.0,1,67.15,1.711,4.54,478.7,,0
3465,MQ-0102,Este,BM-500,tarde,18.0,171.0,3,85.7,1.711,6.89,461.0,,0
683,MQ-0163,Este,XR-200,tarde,11.0,2985.0,0,57.79,1.533,5.82,478.6,,0
311,MQ-0175,Sur,XR-200,tarde,58.0,8642.0,2,67.26,1.125,6.45,579.1,,0
3432,MQ-0044,Norte,BM 500,tarde,23.0,3704.0,2,69.07,2.162,6.93,481.4,,0
94,MQ-0170,Norte,XR-200,noche,27.0,8850.0,0,63.56,1.619,7.16,666.5,,0
3881,MQ-0106,Oeste,XR 200,noche,78.0,12780.0,4,59.99,,6.73,579.7,,0
1957,MQ-0030,Sur,XR 200,mañana,39.0,9001.0,0,61.59,1.882,5.95,551.8,,0
925,MQ-0119,Oeste,tl120,mañana,45.0,4736.0,0,64.61,1.97,5.08,451.1,,0
4022,MQ-0146,Sur,XR-350,tarde,40.0,8972.0,4,79.39,2.074,6.6,622.2,,0
1910,MQ-0072,Sur,XR-200,tarde,55.0,9368.0,0,61.2,1.093,5.82,568.7,,0
1036,MQ-0141,Oeste,TL-120,tarde,9.0,50.0,1,84.19,2.167,6.61,438.5,4943.96,1
1401,MQ-0097,Oeste,XR-350,tarde,60.0,9387.0,7,65.62,1.702,6.01,576.6,,0
2292,MQ-0067,Norte,xr350,noche,12.0,50.0,0,71.57,1.111,6.08,448.8,,0
1501,MQ-0044,Sur,XR 350,tarde,7.0,50.0,0,60.78,1.542,5.9,334.6,,0
3160,MQ-0105,Este,XR-200,tarde,19.0,3815.0,0,68.44,1.408,5.37,562.2,,0
2263,MQ-0081,Norte,XR-200,mañana,97.0,15735.0,3,70.2,1.391,5.87,784.6,,0
1469,MQ-0028,Este,XR-200,mañana,44.0,8513.0,1,67.72,1.438,6.6,628.1,,0
3246,MQ-0155,Sur,XR-350,tarde,39.0,7188.0,4,80.26,2.447,5.25,680.2,,0
999,MQ-0053,Sur,TL 90,tarde,59.0,10882.0,1,60.4,1.477,5.74,693.4,,0
854,MQ-0150,Norte,XR-200,tarde,52.0,8090.0,3,60.08,3.305,6.49,564.0,,0
2474,MQ-0115,Oeste,tl120,noche,26.0,4626.0,2,73.29,1.209,5.05,512.2,,0
2205,MQ-0176,Norte,TL 90,mañana,28.0,4378.0,1,67.45,1.813,6.26,507.3,,0
1143,MQ-0140,Este,XR-200,mañana,53.0,9068.0,2,65.76,2.415,6.08,571.2,,0
1144,MQ-0026,Sur,XR-350,noche,19.0,5681.0,2,79.58,1.457,6.59,620.5,,0
3748,MQ-0126,Norte, XR-350 ,mañana,54.0,9558.0,3,80.71,,6.37,740.3,,0
2275,MQ-0180,Norte,TL-120,noche,38.0,7636.0,1,77.22,,4.55,677.1,,0
2945,MQ-0152,Norte,XR-350,tarde,7.0,2510.0,0,64.23,1.701,6.75,366.4,,0
2049,MQ-0064,Norte,TL-90,noche,211.0,35149.0,15,63.9,,5.94,,,0
3467,MQ-0085,Norte,TL-90,mañana,27.0,1902.0,2,61.37,1.38,5.86,441.7,,0
402,MQ-0032,Sur,XR-200,noche,42.0,7318.0,2,83.55,,5.87,628.8,,0
3477,MQ-0019,Norte,TL 120,mañana,29.0,7617.0,1,64.55,2.502,5.75,640.9,,0
1104,MQ-0014,Oeste,XR-350,tarde,23.0,4929.0,0,66.42,1.656,6.27,510.3,,0
85,MQ-0145,Norte, BM-500 ,noche,38.0,6483.0,1,75.11,1.348,6.52,589.0,,0
2211,MQ-0141,Norte,XR-200,mañana,45.0,9871.0,4,83.57,1.29,4.95,638.8,,0
1857,MQ-0123,Sur,TL 90,mañana,28.0,7410.0,1,59.68,1.706,6.51,532.9,,0
115,MQ-0167,Sur,BM-500,mañana,58.0,10179.0,4,56.67,1.614,6.15,524.3,,0
2719,MQ-0027,Sur,XR-200,tarde,26.0,5555.0,1,87.5,3.012,6.44,708.5,,0
3223,MQ-0159,Sur,XR-350,tarde,74.0,14175.0,4,,1.488,6.16,831.9,,0
3829,MQ-0139,Sur,XR-200,tarde,51.0,5732.0,5,83.88,3.235,5.52,620.7,,0
3810,MQ-0016,Norte,TL-120,tarde,43.0,4334.0,2,84.62,2.39,6.05,,,0
1586,MQ-0127,Norte,XR-350,mañana,38.0,5965.0,3,63.7,1.607,7.46,531.8,,0
3441,MQ-0074,Sur,TL-120,mañana,20.0,2186.0,1,60.22,0.603,6.25,296.1,,0
1568,MQ-0160,Sur,bm500,mañana,9.0,331.0,0,56.3,1.429,6.0,284.5,,0
2938,MQ-0005,Norte,TL-120,tarde,37.0,7714.0,2,85.77,3.473,6.24,735.4,3039.09,1
1502,MQ-0167,Sur,XR-200,tarde,42.0,8932.0,3,69.17,3.311,5.45,647.9,,0
1661,MQ-0096,Norte,XR-200,tarde,50.0,10110.0,0,78.71,1.709,6.47,656.0,,0
1557,MQ-0115,Norte,TL-120,mañana,23.0,3766.0,0,65.44,1.389,5.64,472.8,,0
2008,MQ-0070,Sur, XR-200 ,noche,41.0,7496.0,1,93.73,3.128,6.34,673.5,2538.3,1
626,MQ-0172,Norte,XR-200,mañana,41.0,5955.0,0,62.87,2.351,-1.0,487.0,,0
3765,MQ-0021,Este,TL-90,tarde,32.0,4079.0,0,86.95,1.323,5.89,732.1,,0
3585,MQ-0175,Norte,XR-350,noche,50.0,7544.0,1,85.57,3.358,4.62,643.8,3208.97,1
3832,MQ-0107,Este,XR-200,tarde,24.0,6341.0,3,82.44,3.164,7.45,,6144.6,1
1886,MQ-0114,Norte,TL-90,tarde,43.0,5515.0,3,66.67,2.296,6.67,507.4,,0
3145,MQ-0153,Sur,xr350,tarde,33.0,4379.0,0,77.07,1.288,5.39,512.5,,0
1867,MQ-0001,Norte,tl120,noche,52.0,9227.0,0,68.91,,5.03,587.6,,0
953,MQ-0130,Norte,XR-200,mañana,39.0,8120.0,3,74.89,1.728,6.87,630.9,,0
2856,MQ-0137,Sur,XR-350,mañana,69.0,11471.0,2,85.49,2.953,5.4,789.8,,0
2307,MQ-0153,Sur,XR 350,noche,30.0,6200.0,0,60.39,3.957,6.99,395.4,,0
625,MQ-0112,Sur,TL-120,mañana,84.0,13562.0,6,81.99,4.651,5.43,,4350.05,1
2875,MQ-0068,Sur,TL-90,noche,20.0,3268.0,1,60.64,1.649,6.38,460.1,,0
235,MQ-0009,Sur,xr200,mañana,23.0,3393.0,0,82.01,2.322,5.23,568.0,,0
2184,MQ-0065,Norte,XR-350,mañana,32.0,8811.0,2,90.57,5.562,5.82,647.0,3633.88,1
2665,MQ-0051,Este,tl120,tarde,25.0,2329.0,0,63.72,2.176,5.43,343.4,,0
3589,MQ-0055,Este,TL 120,mañana,16.0,5688.0,0,84.83,6.327,6.17,638.5,,0
3268,MQ-0081,Oeste,TL-90,mañana,50.0,5680.0,0,70.05,1.038,4.59,457.7,,0
2885,MQ-0042,Este,XR-350,mañana,39.0,6185.0,1,82.6,2.242,6.83,559.4,,0
2891,MQ-0143,Sur,XR-350,tarde,38.0,6014.0,3,62.54,2.151,4.89,358.6,2365.52,1
2035,MQ-0106,Sur,BM-500,tarde,31.0,4401.0,0,81.45,3.092,6.43,522.4,,0
3008,MQ-0114,Norte,tl90,mañana,39.0,6546.0,4,62.62,1.47,5.46,558.9,,0
1827,MQ-0129,Este,tl120,tarde,55.0,12677.0,0,61.99,3.532,5.53,491.3,,0
1834,MQ-0163,Este,tl90,mañana,45.0,4665.0,3,58.87,1.584,7.03,470.8,,0
2641,MQ-0015,Sur,XR-350,tarde,36.0,3790.0,0,71.19,8.554,7.22,502.1,2175.21,1
1315,MQ-0132,Norte,XR-350,tarde,87.0,15251.0,2,59.28,0.956,6.85,767.3,,0
1526,MQ-0107,Sur,xr200,mañana,38.0,5569.0,0,84.04,1.791,6.38,540.1,,0
1563,MQ-0019,Oeste,XR 200,mañana,50.0,8129.0,1,66.04,1.223,5.94,632.0,,0
3340,MQ-0132,Este,TL-90,mañana,24.0,1858.0,0,63.85,2.953,6.74,459.6,,0
1753,MQ-0164,Sur,BM-500,tarde,34.0,4019.0,4,61.11,2.314,6.19,546.6,,0
1606,MQ-0115,Sur,XR-350,noche,67.0,11642.0,2,73.42,1.549,6.75,669.7,5696.85,1
344,MQ-0028,Norte,XR-350,mañana,41.0,9249.0,2,86.24,1.999,5.69,684.3,,0
2543,MQ-0017,Sur,XR-350,mañana,68.0,10952.0,3,84.55,,7.04,763.5,,0
3889,MQ-0069,Este,TL-90,tarde,10.0,473.0,0,59.45,1.822,6.24,307.8,,0
2342,MQ-0072,Norte,XR-350,noche,57.0,8282.0,4,66.79,1.943,5.84,592.0,,0
2413,MQ-0161,Sur,TL-120,tarde,36.0,7655.0,2,86.92,3.586,6.94,784.4,,0
2227,MQ-0163,Este,XR-350,tarde,24.0,2757.0,2,57.5,2.3,6.75,421.3,,0
2708,MQ-0049,Norte,XR 350,mañana,42.0,1837.0,4,61.07,4.115,6.91,344.0,,0
997,MQ-0134,Sur,TL-90,tarde,21.0,3641.0,2,62.36,2.474,6.31,407.9,,0
2063,MQ-0032,Este,XR-350,mañana,37.0,5755.0,1,60.64,1.271,5.25,476.9,,0
3759,MQ-0152,Este, TL-90 ,tarde,51.0,7395.0,3,85.58,2.171,5.04,732.1,,0
1111,MQ-0111,Oeste,tl120,tarde,41.0,6231.0,0,64.11,1.613,6.46,468.9,,0
3443,MQ-0151,Sur,XR-350,noche,19.0,3340.0,0,87.01,1.592,6.24,593.0,,0
2214,MQ-0109,Este,TL-90,mañana,24.0,3004.0,0,64.06,1.666,5.62,430.7,,0
3204,MQ-0089,Sur,TL-120,noche,14.0,2644.0,0,85.29,,6.14,703.5,,0
1360,MQ-0111,Norte,XR-350,mañana,19.0,4311.0,0,62.72,3.81,5.31,,4224.95,1
2108,MQ-0075,Sur,XR-200,noche,50.0,10706.0,1,70.9,2.091,6.11,586.2,,0
710,MQ-0044,Norte,BM-500,mañana,85.0,14453.0,4,81.69,0.914,5.49,738.4,,0
1879,MQ-0031,Este,XR-200,tarde,41.0,7417.0,0,65.75,2.138,6.59,539.3,,0
2725,MQ-0007,Norte,XR-350,noche,36.0,8096.0,0,60.15,1.825,5.36,443.7,,0
1379,MQ-0042,Oeste,TL 90,noche,18.0,5902.0,0,999.0,2.381,5.07,453.8,,0
2829,MQ-0015,Sur,XR-200,tarde,31.0,4626.0,1,82.12,1.491,7.77,598.5,,0
425,MQ-0152,Este,XR-350,tarde,16.0,4413.0,1,83.05,1.426,5.85,614.1,,0
293,MQ-0024,Este,XR-200,mañana,22.0,4604.0,0,74.67,3.436,6.01,512.7,,0
1066,MQ-0001,Sur,XR-350,noche,35.0,3822.0,2,73.0,,5.95,455.9,,0
2922,MQ-0100,Este,xr200,mañana,45.0,9967.0,2,68.82,1.317,5.86,,,0
2378,MQ-0065,Norte,XR-350,tarde,18.0,3097.0,1,57.43,1.762,5.3,417.5,,0
1639,MQ-0076,Oeste,XR-350,mañana,40.0,8276.0,3,60.42,2.127,6.36,530.0,,0
2478,MQ-0032,Norte, TL-120 ,mañana,57.0,9465.0,3,71.52,1.155,6.4,675.4,,0
1013,MQ-0081,Este,TL-120,mañana,38.0,7055.0,3,61.58,2.205,6.54,617.6,,0
2128,MQ-0104,Oeste,XR-200,tarde,15.0,3686.0,0,66.0,,5.8,484.4,,0
1718,MQ-0061,Norte,XR-350,mañana,20.0,1802.0,1,65.34,1.439,6.49,449.0,,0
3101,MQ-0079,Sur,XR-200,mañana,20.0,4114.0,3,83.69,1.278,6.9,718.4,1832.43,1
938,MQ-0036,Este,BM-500,mañana,8.0,5044.0,0,62.02,1.27,5.51,441.2,,0
3780,MQ-0178,Sur,TL-90,mañana,37.0,5362.0,2,61.08,2.018,4.38,533.0,,0
835,MQ-0079,Sur,XR 200,noche,38.0,6144.0,2,67.07,1.872,8.01,541.3,,0
2798,MQ-0121,Sur,xr350,noche,20.0,382.0,0,67.52,,5.98,335.1,,0
2939,MQ-0155,Oeste,BM-500,noche,42.0,4047.0,3,67.16,4.001,5.97,595.9,2019.55,1
255,MQ-0019,Norte,XR-200,tarde,60.0,7557.0,3,65.29,0.967,5.96,505.8,,0
4084,MQ-0176,Norte,TL-90,tarde,22.0,3328.0,1,86.83,1.335,7.82,658.1,,0
1483,MQ-0039,Norte,TL-120,tarde,29.0,4538.0,0,68.85,3.895,5.69,549.4,,0
945,MQ-0097,Este, TL-120 ,mañana,58.0,10738.0,1,78.92,1.59,5.19,689.9,,0
1408,MQ-0101,Sur,XR 350,mañana,93.0,17135.0,6,999.0,1.345,6.45,984.3,,0
3386,MQ-0095,Norte,TL-120,noche,50.0,10007.0,3,62.51,1.782,7.74,554.6,,0
3157,MQ-0096,Norte,BM-500,noche,21.0,2510.0,2,59.16,3.323,6.1,427.0,,0
3647,MQ-0080,Oeste,xr200,mañana,32.0,8515.0,2,64.79,2.824,5.79,638.5,,0
1787,MQ-0071,Sur,XR-350,tarde,41.0,7416.0,3,79.24,3.414,6.08,625.1,3966.56,1
2185,MQ-0074,Este,TL-120,noche,39.0,6541.0,1,69.55,1.662,5.47,563.8,,0
3184,MQ-0134,Este,XR-350,noche,24.0,6047.0,0,67.72,,4.73,533.1,,0
3267,MQ-0155,Sur,XR-200,tarde,26.0,5545.0,1,65.75,1.437,7.42,475.9,,0
2901,MQ-0180,Norte,TL-90,tarde,66.0,14122.0,4,92.2,9.368,6.38,806.6,6245.99,1
3251,MQ-0137,Oeste,XR-350,mañana,15.0,2203.0,0,61.09,2.089,6.65,483.4,,0
4180,MQ-0147,Sur,XR 200,noche,55.0,8375.0,2,65.23,2.693,4.15,,,0
724,MQ-0047,Norte,XR-200,mañana,30.0,5830.0,2,92.09,4.123,7.32,519.3,1435.17,1
2908,MQ-0012,Norte,tl90,mañana,47.0,7525.0,4,72.69,1.258,5.91,673.5,,0
970,MQ-0024,Oeste,XR-350,mañana,20.0,1221.0,0,76.99,0.676,7.17,526.8,,0
497,MQ-0150,Sur,TL 90,mañana,20.0,2616.0,1,94.2,,6.7,627.6,4287.74,1
951,MQ-0157,Sur,XR-200,mañana,52.0,4377.0,1,58.83,1.016,7.01,443.2,,0
806,MQ-0043,Norte,XR-350,mañana,44.0,6843.0,3,69.45,,6.05,541.0,,0
1830,MQ-0017,Norte,xr350,tarde,11.0,1800.0,0,80.75,1.29,4.47,597.9,,0
2178,MQ-0070,Este,tl120,mañana,49.0,9535.0,2,61.76,2.183,4.89,613.6,,0
1740,MQ-0177,Norte,XR-350,mañana,57.0,8712.0,3,63.29,1.857,7.13,573.0,,0
338,MQ-0095,Norte,XR-350,noche,110.0,18143.0,3,,,6.13,904.8,4030.77,1
731,MQ-0077,Norte,BM 500,tarde,29.0,2624.0,0,87.2,1.85,7.21,656.8,,0
609,MQ-0138,Este,TL-90,mañana,43.0,6448.0,1,60.93,3.361,4.33,516.8,,0
1149,MQ-0097,Norte,XR-350,noche,22.0,5047.0,1,86.88,3.29,7.53,706.5,,0
2244,MQ-0136,Oeste, TL-120 ,mañana,45.0,7109.0,2,59.93,0.731,6.74,476.9,,0
3299,MQ-0023,Oeste,BM-500,tarde,101.0,13452.0,2,64.8,2.114,4.92,738.7,,0
1714,MQ-0156,Norte,TL-90,mañana,-10.0,2877.0,0,56.04,1.747,6.14,299.0,,0
3341,MQ-0049,Sur,XR-200,mañana,30.0,4519.0,0,62.24,2.934,7.07,518.3,,0
4217,MQ-0168,Este,XR-350,mañana,49.0,9240.0,2,69.25,2.812,5.29,611.6,,0
910,MQ-0151,Oeste,XR-350,tarde,34.0,6790.0,1,64.35,2.212,6.28,503.6,,0
2633,MQ-0057,Norte,xr350,noche,31.0,7157.0,1,67.15,2.428,6.13,547.5,,0
2152,MQ-0148,Este,tl90,tarde,46.0,5008.0,4,82.31,2.461,7.68,593.8,,0
2011,MQ-0120,Este,tl120,mañana,26.0,3878.0,0,64.43,2.107,8.28,519.8,,0
3666,MQ-0009,Norte,XR-200,mañana,26.0,4268.0,3,83.59,1.524,6.95,500.5,,0
2492,MQ-0083,Norte,TL-90,mañana,34.0,5380.0,0,84.8,1.667,7.28,613.8,,0
4167,MQ-0041,Norte,XR-350,mañana,41.0,4951.0,3,65.24,2.675,6.6,404.9,,0
1811,MQ-0176,Oeste,XR-200,tarde,66.0,10546.0,2,83.37,1.517,7.59,723.9,,0
1995,MQ-0084,Este,XR-350,tarde,49.0,7428.0,3,67.41,2.46,6.47,499.4,,0
720,MQ-0081,Sur,XR-200,mañana,28.0,2476.0,1,70.52,2.567,4.37,426.6,,0
2933,MQ-0055,Norte,XR-200,mañana,81.0,13183.0,3,66.9,1.919,5.67,,,0
2825,MQ-0012,Norte,TL-120,mañana,7.0,3442.0,0,62.51,2.3,5.74,,,0
1570,MQ-0155,Sur,BM-500,mañana,24.0,5157.0,2,64.94,1.391,6.28,547.9,,0
2898,MQ-0146,Norte, BM-500 ,mañana,60.0,6743.0,3,79.79,1.43,6.01,,,0
2943,MQ-0174,Sur,BM-500,mañana,32.0,4500.0,1,63.31,5.234,5.92,425.2,,0
2276,MQ-0112,Este,XR-350,mañana,22.0,1441.0,2,52.61,1.054,6.05,358.4,,0
435,MQ-0179,Norte,XR-200,mañana,7.0,3159.0,0,999.0,2.982,6.89,395.5,,0
3374,MQ-0077,Norte,XR-200,mañana,47.0,8009.0,2,94.41,11.212,5.31,799.4,2451.23,1
3927,MQ-0036,Sur,XR 350,tarde,39.0,7072.0,4,82.51,2.24,6.36,609.1,,0
1300,MQ-0018,Oeste,BM-500,tarde,47.0,9041.0,1,64.46,2.372,6.8,590.9,,0
2175,MQ-0178,Norte,XR-350,mañana,92.0,14568.0,5,64.96,0.442,5.19,640.6,,0
406,MQ-0095,Norte,XR-350,mañana,26.0,3233.0,0,61.54,2.162,7.43,463.4,,0
2824,MQ-0149,Norte,TL-90,mañana,44.0,7131.0,4,76.18,1.908,6.44,580.4,,0
822,MQ-0047,Sur,TL 90,mañana,11.0,5169.0,0,87.3,1.663,5.45,702.2,,0
2760,MQ-0042,Este,XR 200,tarde,25.0,3327.0,3,64.68,1.398,4.89,411.0,,0
1790,MQ-0075,Sur, XR-200 ,noche,54.0,10075.0,1,66.72,1.792,6.29,600.7,,0
3756,MQ-0109,Norte,TL-90,noche,49.0,6575.0,2,85.24,,7.64,620.4,1662.71,1
3822,MQ-0040,Oeste,XR-350,mañana,32.0,5818.0,2,65.41,1.344,6.08,534.1,,0
2505,MQ-0154,Sur,XR-200,mañana,90.0,13940.0,5,83.36,1.251,5.93,804.9,,0
3109,MQ-0072,Este,XR-200,mañana,13.0,2248.0,1,60.44,1.722,6.34,402.2,,0
3212,MQ-0008,Sur,XR 350,tarde,73.0,12912.0,7,68.95,2.593,6.11,711.5,,0
2352,MQ-0088,Este, TL-90 ,mañana,46.0,9015.0,0,80.85,1.568,6.2,698.7,,0
2316,MQ-0006,Sur,TL-90,tarde,47.0,8209.0,3,65.33,3.508,7.8,519.2,,0
1859,MQ-0151,Este,xr350,noche,11.0,5158.0,0,66.73,,7.33,434.7,,0
1558,MQ-0151,Oeste,xr200,mañana,26.0,7124.0,0,83.86,2.393,6.04,667.9,,0
546,MQ-0113,Sur,XR-350,tarde,23.0,4418.0,1,86.95,1.954,6.41,,,0
213,MQ-0052,Este,XR-350,noche,35.0,4817.0,2,76.13,1.647,7.68,520.5,,0
897,MQ-0088,Sur,XR-200,noche,20.0,4668.0,2,74.06,,5.85,624.4,,0
3541,MQ-0103,Sur,tl90,tarde,22.0,4571.0,0,60.63,1.346,6.77,467.5,,0
3271,MQ-0107,Norte,XR-200,noche,45.0,6873.0,3,83.93,1.686,5.27,731.1,,0
1942,MQ-0015,Norte,TL-90,tarde,25.0,4837.0,0,63.26,2.026,6.86,528.0,2601.01,1
1892,MQ-0090,Norte,XR-350,mañana,63.0,10359.0,3,83.3,1.3,5.69,738.3,3750.56,1
3745,MQ-0154,Norte,XR-200,mañana,78.0,9493.0,0,66.74,1.501,-1.0,579.2,,0
917,MQ-0009,Este,XR-200,tarde,64.0,11271.0,2,,1.657,7.4,898.6,,0
3600,MQ-0115,Norte,TL-90,tarde,14.0,4311.0,0,,3.545,5.53,524.9,,0
2724,MQ-0018,Este,XR-350,tarde,12.0,3284.0,1,85.58,1.988,6.05,598.8,,0
1290,MQ-0074,Norte,xr200,tarde,27.0,1823.0,1,66.63,1.296,6.41,447.3,,0
815,MQ-0145,Sur,XR-350,noche,53.0,6473.0,1,68.3,4.338,5.69,381.8,,0
1266,MQ-0048,Norte,XR-200,mañana,39.0,7032.0,1,67.42,0.798,6.19,537.0,,0
343,MQ-0095,Oeste, XR-200 ,tarde,89.0,14418.0,1,76.86,,5.77,760.7,,0
2598,MQ-0129,Norte,XR-350,noche,35.0,7264.0,1,,3.293,5.77,616.4,,0
1411,MQ-0081,Sur,XR-350,mañana,24.0,1380.0,1,63.97,3.293,7.19,400.7,,0
1215,MQ-0020,Este,tl90,mañana,33.0,4379.0,3,58.53,2.337,6.43,449.9,,0
967,MQ-0141,Oeste, XR-350 ,tarde,27.0,4195.0,1,59.72,1.597,7.75,413.1,,0
1231,MQ-0016,Oeste,XR-350,noche,41.0,10161.0,4,83.61,,6.45,713.3,,0
2344,MQ-0085,Este,XR-350,noche,18.0,4046.0,1,85.85,,6.96,628.7,,0
696,MQ-0004,Norte,TL-90,tarde,54.0,7526.0,3,60.74,1.457,6.19,628.2,,0
3501,MQ-0130,Norte,XR-200,mañana,31.0,4291.0,3,72.05,1.656,5.67,496.4,,0
2122,MQ-0143,Este,TL-120,noche,27.0,7358.0,2,85.73,2.996,6.47,752.2,,0
606,MQ-0082,Norte,XR-200,noche,59.0,11029.0,2,63.19,0.954,5.65,,,0
105,MQ-0147,Norte,XR-200,mañana,66.0,9922.0,1,,2.989,5.27,768.6,,0
646,MQ-0095,Norte, XR-200 ,mañana,30.0,4378.0,2,62.78,2.264,4.84,418.1,,0
1405,MQ-0080,Este,xr200,noche,25.0,3863.0,3,81.5,,5.81,661.1,2534.84,1
495,MQ-0079,Sur,XR-200,tarde,47.0,8829.0,2,86.14,0.874,4.5,709.4,,0
3089,MQ-0003,Norte,XR-350,noche,19.0,2706.0,1,68.44,4.094,5.42,551.6,,0
2488,MQ-0004,Norte,XR-350,mañana,10.0,2422.0,1,85.58,1.524,6.07,661.3,,0
1020,MQ-0161,Sur,XR-200,mañana,52.0,10874.0,1,83.86,0.979,5.67,725.9,,0
92,MQ-0018,Oeste,tl120,mañana,35.0,2468.0,5,60.79,2.975,5.29,494.8,,0
1113,MQ-0021,Sur,TL-90,noche,88.0,18797.0,4,59.27,,-1.0,849.4,,0
2871,MQ-0041,Norte,TL-120,tarde,29.0,6810.0,2,999.0,1.995,5.95,374.3,,0
909,MQ-0105,Norte,TL-90,tarde,65.0,10346.0,1,82.49,3.165,6.38,708.2,1803.18,1
1475,MQ-0140,Este,tl90,noche,21.0,3472.0,0,76.76,1.472,6.41,474.8,,0
1742,MQ-0115,Este,XR-350,tarde,86.0,11233.0,4,69.82,4.229,6.5,655.0,12402.56,1
2151,MQ-0008,Este,TL-120,tarde,33.0,3914.0,2,67.34,0.924,6.34,389.9,,0
239,MQ-0015,Este,XR-350,tarde,15.0,50.0,1,,2.567,6.15,529.7,,0
4047,MQ-0022,Este,XR 200,tarde,38.0,6157.0,2,66.71,1.934,6.63,540.9,,0
943,MQ-0047,Oeste,TL-90,tarde,37.0,3843.0,1,81.63,1.429,6.45,490.7,,0
1271,MQ-0157,Este, XR-350 ,tarde,36.0,6875.0,1,81.13,1.164,6.08,660.1,1742.99,1
939,MQ-0050,Norte, XR-350 ,tarde,13.0,3153.0,1,68.06,1.679,5.6,473.3,,0
1425,MQ-0119,Norte,XR-350,mañana,40.0,7312.0,3,81.45,2.14,6.01,619.1,,0
3230,MQ-0061,Norte, TL-90 ,noche,68.0,12061.0,2,83.15,,7.1,849.5,,0
3552,MQ-0067,Sur,xr350,mañana,9.0,1307.0,0,81.3,3.016,5.45,548.2,,0
1863,MQ-0122,Este,TL-90,mañana,35.0,5292.0,3,69.14,2.316,6.68,464.9,,0
1670,MQ-0178,Sur, XR-200 ,noche,65.0,7299.0,2,,,6.64,629.5,5136.57,1
6,MQ-0141,Norte,XR 200,mañana,34.0,6552.0,2,82.66,,5.16,670.2,,0
248,MQ-0161,Norte,XR-350,tarde,61.0,11564.0,0,62.85,1.789,7.37,593.8,,0
3944,MQ-0056,Oeste,TL-120,tarde,27.0,4604.0,2,61.02,1.407,6.56,468.0,,0
3014,MQ-0145,Norte,TL-120,mañana,170.0,26918.0,6,62.4,2.14,5.33,,,0
19,MQ-0122,Oeste,XR 200,mañana,33.0,4533.0,2,83.02,1.2,5.98,651.9,,0
3479,MQ-0046,Oeste,TL-90,mañana,49.0,6447.0,2,81.79,1.456,6.57,604.9,,0
2170,MQ-0080,Este,TL-90,mañana,66.0,10337.0,4,62.05,2.054,6.13,700.0,,0
1971,MQ-0055,Norte,TL-90,tarde,64.0,10866.0,2,84.15,1.621,6.66,782.6,,0
2710,MQ-0024,Norte,XR-200,noche,33.0,6105.0,3,66.08,,5.67,628.2,,0
2233,MQ-0151,Sur,TL-90,mañana,27.0,4813.0,2,57.24,1.333,6.68,299.5,,0
2323,MQ-0025,Este, XR-350 ,mañana,18.0,2904.0,0,55.57,2.405,6.4,432.6,,0
2482,MQ-0065,Norte,XR-350,tarde,16.0,5265.0,1,61.26,2.196,6.04,515.3,,0
812,MQ-0095,Oeste,XR-200,mañana,14.0,50.0,0,63.98,3.8,6.91,414.9,,0
1301,MQ-0134,Norte,TL-90,mañana,26.0,2279.0,0,65.86,2.126,5.54,412.0,,0
1336,MQ-0172,Norte, XR-200 ,noche,26.0,4657.0,2,62.03,,4.99,523.9,,0
45,MQ-0127,Norte,BM-500,noche,60.0,11413.0,3,,4.375,6.52,,5343.72,1
261,MQ-0095,Oeste,TL-90,mañana,33.0,6946.0,1,82.47,2.222,6.31,604.0,,0
1805,MQ-0120,Sur,TL-90,mañana,13.0,50.0,4,62.0,1.616,5.5,377.1,,0
1571,MQ-0132,Este, XR-350 ,mañana,23.0,2989.0,0,83.19,1.451,6.92,542.3,,0
2230,MQ-0122,Sur,XR-200,tarde,21.0,6489.0,0,,8.574,4.69,632.5,5815.24,1
185,MQ-0063,Norte,TL-120,mañana,80.0,16906.0,2,90.27,1.894,6.97,892.0,,0
2455,MQ-0124,Sur,TL 90,noche,27.0,6055.0,0,63.9,,6.47,508.8,,0
1744,MQ-0169,Norte,TL-90,mañana,17.0,1206.0,0,83.88,0.954,5.85,516.5,,0
2914,MQ-0129,Este,XR-350,noche,104.0,18933.0,1,83.9,3.588,6.73,933.2,,0
1631,MQ-0166,Sur,XR-350,mañana,56.0,9688.0,4,64.79,1.86,7.53,648.0,,0
1717,MQ-0139,Norte,TL-120,tarde,79.0,14215.0,4,68.14,1.773,5.43,673.2,,0
521,MQ-0147,Oeste,XR-200,tarde,26.0,6743.0,2,65.51,4.029,6.74,513.6,,0
3938,MQ-0120,Norte,xr350,noche,56.0,8546.0,3,79.12,,5.78,630.3,,0
3052,MQ-0029,Este,TL-90,tarde,68.0,11156.0,3,59.89,1.294,5.38,562.0,,0
2429,MQ-0082,Norte,BM-500,tarde,69.0,12945.0,3,84.94,2.475,6.12,805.2,4074.45,1
2017,MQ-0152,Norte,XR 200,tarde,29.0,2214.0,0,999.0,1.46,5.89,553.8,,0
3483,MQ-0147,Este,XR 350,tarde,34.0,4909.0,1,62.4,1.833,6.34,455.4,,0
1659,MQ-0173,Sur,TL-120,tarde,11.0,3576.0,1,80.32,2.891,6.79,671.6,,0
3442,MQ-0098,Este,TL-120,noche,47.0,6661.0,2,83.48,,4.81,670.3,4162.55,1
3473,MQ-0091,Norte,TL-120,mañana,31.0,4872.0,1,85.62,2.071,5.83,643.7,,0
1613,MQ-0075,Sur,XR-200,mañana,22.0,3925.0,2,60.79,1.648,6.43,519.7,2434.17,1
2476,MQ-0109,Este, TL-120 ,noche,31.0,7264.0,1,81.17,1.911,5.1,620.7,,0
3949,MQ-0071,Este,XR-200,tarde,138.0,21125.0,7,999.0,8.432,6.16,912.8,2284.06,1
2127,MQ-0027,Este,XR-350,tarde,45.0,6409.0,2,65.45,2.246,6.37,556.2,,0
3935,MQ-0164,Sur,TL-90,noche,32.0,5222.0,1,71.02,0.869,6.77,538.5,,0
3646,MQ-0086,Este,XR-350,mañana,55.0,9714.0,0,63.37,2.017,6.17,549.9,,0
3058,MQ-0164,Este,XR-200,tarde,26.0,4142.0,3,62.7,0.982,6.54,471.6,,0
764,MQ-0013,Este,bm500,tarde,21.0,2249.0,0,86.31,2.855,7.2,,,0
3710,MQ-0084,Oeste,tl90,tarde,45.0,7931.0,1,59.47,2.793,6.7,455.4,,0
608,MQ-0003,Oeste,tl90,noche,19.0,2817.0,1,999.0,2.124,5.81,429.5,,0
231,MQ-0022,Sur,XR-200,mañana,28.0,3638.0,0,58.62,1.937,6.81,435.1,,0
3141,MQ-0171,Oeste,TL-120,mañana,34.0,9365.0,0,,3.323,5.83,715.8,,0
3932,MQ-0094,Norte,XR-350,noche,15.0,1912.0,3,67.78,,-1.0,474.5,,0
332,MQ-0147,Este,tl120,mañana,52.0,10106.0,5,59.16,0.978,5.8,532.3,,0
3106,MQ-0112,Norte,XR-200,tarde,77.0,12742.0,4,,3.708,5.03,914.2,2638.78,1
1441,MQ-0034,Sur,XR-200,mañana,66.0,13264.0,5,81.5,2.116,7.59,860.8,,0
3563,MQ-0048,Norte, XR-350 ,noche,19.0,5595.0,2,75.41,0.738,6.92,555.4,,0
3634,MQ-0071,Este,TL-120,noche,72.0,14120.0,7,65.32,2.056,6.22,662.7,,0
1928,MQ-0064,Norte,TL-90,noche,85.0,15053.0,3,62.47,2.895,7.13,,,0
1092,MQ-0088,Este,TL-90,noche,47.0,9064.0,1,64.87,2.09,6.64,671.9,,0
3609,MQ-0057,Norte,tl90,mañana,24.0,4700.0,2,59.27,1.483,6.58,427.5,,0
1102,MQ-0058,Este,XR-350,tarde,12.0,3345.0,0,68.56,2.579,6.67,473.8,,0
1130,MQ-0091,Oeste,TL-90,tarde,40.0,6296.0,1,60.87,2.455,5.61,,,0
3284,MQ-0150,Sur,BM-500,mañana,36.0,5806.0,0,81.11,1.633,6.96,568.2,,0
462,MQ-0136,Sur,XR-350,tarde,22.0,5503.0,2,84.95,1.071,5.73,606.1,,0
959,MQ-0167,Sur,BM-500,noche,51.0,9660.0,4,78.73,1.184,6.71,617.0,,0
1663,MQ-0067,Norte,XR-350,tarde,19.0,1116.0,1,68.15,1.949,5.96,431.7,,0
560,MQ-0002,Sur,TL-90,mañana,18.0,4001.0,2,64.24,3.201,6.51,413.5,,0
2895,MQ-0177,Sur,TL-120,mañana,8.0,3714.0,0,86.41,1.606,6.51,599.3,,0
4099,MQ-0179,Sur,TL-90,tarde,28.0,6078.0,3,86.1,1.601,7.39,690.4,,0
2739,MQ-0097,Sur,tl90,mañana,54.0,12201.0,4,61.53,1.669,6.48,668.9,,0
1851,MQ-0022,Norte,TL-120,tarde,39.0,5097.0,0,,2.359,6.15,708.2,,0
1520,MQ-0043,Sur,TL-120,noche,61.0,10682.0,0,61.87,0.958,6.32,,,0
2141,MQ-0066,Sur,TL-120,tarde,48.0,8895.0,1,63.58,1.503,6.4,546.1,,0
4166,MQ-0151,Norte,XR-200,mañana,105.0,16528.0,3,62.33,1.465,5.46,706.0,,0
3808,MQ-0020,Norte,TL-120,noche,102.0,16850.0,2,57.34,1.504,5.39,710.0,,0
2033,MQ-0105,Este,TL-120,tarde,89.0,13390.0,3,69.0,3.211,5.26,823.5,,0
2485,MQ-0127,Este,XR-200,mañana,47.0,4264.0,0,66.89,1.613,7.97,449.9,,0
2539,MQ-0040,Norte,xr200,mañana,32.0,4280.0,0,69.69,1.501,6.06,405.3,,0
367,MQ-0063,Este,TL-90,noche,53.0,6369.0,3,64.67,1.516,6.8,577.9,,0
3902,MQ-0152,Norte,TL-90,noche,10.0,50.0,0,85.62,2.595,6.35,538.4,,0
2098,MQ-0068,Norte,XR-200,noche,39.0,5287.0,2,63.48,2.527,5.39,479.3,,0
3678,MQ-0166,Este,BM-500,noche,18.0,2118.0,0,63.47,1.263,6.98,422.1,,0
3436,MQ-0110,Sur,TL-120,mañana,62.0,7080.0,2,79.63,1.873,5.66,597.7,,0
1949,MQ-0180,Sur,XR-200,noche,40.0,7676.0,1,83.36,1.402,7.23,,,0
70,MQ-0087,Sur,TL-90,tarde,63.0,8591.0,1,58.51,2.342,6.63,510.0,,0
1573,MQ-0029,Sur,TL-120,tarde,36.0,3299.0,2,60.75,2.906,4.2,372.2,,0
809,MQ-0004,Oeste,TL-120,noche,41.0,4942.0,1,68.83,,6.37,449.3,,0
3233,MQ-0017,Norte,XR-350,mañana,15.0,3905.0,1,59.3,1.62,6.26,485.1,,0
3947,MQ-0021,Este,TL-120,mañana,21.0,4933.0,1,61.75,4.762,6.98,519.9,,0
12,MQ-0014,Norte,XR-350,mañana,32.0,3914.0,2,84.04,1.044,5.66,566.3,,0
2026,MQ-0023,Oeste,TL-120,noche,98.0,13934.0,5,65.04,2.388,5.65,713.1,537.68,1
2193,MQ-0067,Norte,XR-200,mañana,15.0,3203.0,0,79.77,2.516,5.76,529.1,,0
918,MQ-0129,Este,TL-90,tarde,16.0,2289.0,1,66.57,0.818,5.7,395.3,,0
3590,MQ-0009,Norte,BM-500,tarde,56.0,7730.0,2,67.19,2.293,5.36,522.8,,0
1452,MQ-0060,Norte,XR-200,tarde,88.0,14533.0,4,63.3,,5.23,662.7,,0
2688,MQ-0105,Norte,TL-120,mañana,11.0,2663.0,0,78.59,2.476,5.23,528.6,,0
177,MQ-0043,Oeste,TL-90,tarde,45.0,5359.0,0,91.68,2.447,5.56,618.1,,0
995,MQ-0117,Norte,XR-200,mañana,54.0,12007.0,4,63.95,1.816,5.77,744.7,,0
2489,MQ-0126,Norte,XR-200,noche,30.0,6320.0,1,65.11,3.855,6.14,517.5,,0
3887,MQ-0027,Norte,XR-200,noche,34.0,6469.0,1,73.46,2.525,6.15,553.3,,0
2570,MQ-0070,Norte,bm500,noche,24.0,5548.0,1,72.81,3.371,6.44,579.3,1067.72,1
3521,MQ-0169,Norte,TL-120,noche,26.0,5128.0,0,82.77,2.86,5.97,661.4,,0
3761,MQ-0156,Este,XR-200,mañana,24.0,5336.0,2,82.7,1.104,7.41,573.0,,0
3283,MQ-0021,Este,XR-350,mañana,15.0,2838.0,0,87.89,1.888,7.1,466.1,,0
1665,MQ-0034,Norte,XR-200,tarde,16.0,4771.0,1,67.0,1.857,5.21,406.1,,0
2192,MQ-0059,Oeste,TL 120,mañana,64.0,9761.0,2,80.16,3.385,4.96,751.7,,0
4233,MQ-0071,Este, BM-500 ,tarde,19.0,1943.0,2,76.48,13.757,6.04,496.0,2818.46,1
3371,MQ-0018,Este,XR-200,mañana,12.0,3393.0,1,70.77,1.249,6.66,479.9,,0
2661,MQ-0014,Este,XR-350,mañana,55.0,9671.0,5,85.39,2.67,6.6,854.0,,0
3579,MQ-0083,Este,TL-90,noche,36.0,4294.0,3,87.64,,6.12,601.0,,0
2047,MQ-0029,Sur,xr200,noche,43.0,6426.0,2,63.28,2.311,5.89,520.2,,0
2625,MQ-0070,Este,bm500,tarde,26.0,5025.0,3,63.96,1.719,6.63,541.0,,0
3411,MQ-0018,Sur,XR-200,noche,67.0,11540.0,6,79.29,2.063,5.69,712.6,,0
1186,MQ-0174,Este,XR 200,noche,54.0,7231.0,2,63.74,1.513,7.99,600.4,,0
1007,MQ-0066,Sur,XR-350,mañana,15.0,4121.0,0,83.12,2.087,6.04,594.5,,0
3570,MQ-0133,Oeste,xr200,mañana,48.0,6856.0,3,62.86,1.044,7.19,447.9,,0
3738,MQ-0081,Este,TL-120,noche,16.0,1138.0,1,80.18,,5.9,536.9,,0
2050,MQ-0027,Sur,BM-500,tarde,109.0,17228.0,7,82.39,0.813,6.03,940.9,,0
4012,MQ-0012,Norte,BM-500,tarde,60.0,11954.0,2,59.19,1.124,6.29,589.6,,0
270,MQ-0169,Sur,TL-90,mañana,27.0,5520.0,1,67.34,1.818,7.11,,,0
1994,MQ-0129,Sur,XR-200,mañana,50.0,5462.0,3,68.17,2.911,5.64,576.9,2817.58,1
266,MQ-0104,Norte,xr200,tarde,36.0,5560.0,0,64.21,1.552,6.07,578.7,,0
915,MQ-0139,Este,XR-200,tarde,30.0,3915.0,0,83.22,1.223,4.36,563.9,1286.23,1
2279,MQ-0131,Este,XR-350,mañana,37.0,4750.0,1,83.6,1.654,5.44,610.4,7979.72,1
2232,MQ-0051,Oeste,TL-120,mañana,44.0,8715.0,4,82.32,1.902,6.25,653.8,,0
291,MQ-0111,Este,BM-500,tarde,94.0,15299.0,2,83.09,1.938,6.79,913.8,,0
2913,MQ-0148,Sur,TL-90,tarde,36.0,8849.0,2,64.79,1.705,6.16,690.5,,0
2094,MQ-0170,Norte,XR-350,mañana,32.0,3962.0,4,65.21,1.136,5.11,446.1,,0
1653,MQ-0022,Sur, BM-500 ,tarde,26.0,4128.0,2,80.38,1.083,6.31,459.2,,0
3040,MQ-0035,Norte,XR-350,mañana,32.0,4925.0,2,62.85,1.002,5.33,476.7,,0
2678,MQ-0153,Sur,XR-200,tarde,54.0,10160.0,2,63.7,,5.84,561.7,,0
289,MQ-0153,Oeste,XR-200,mañana,47.0,9615.0,2,79.49,2.412,4.44,778.9,,0
3108,MQ-0067,Norte,xr350,mañana,38.0,5168.0,2,59.63,,6.82,440.8,,0
4208,MQ-0111,Sur,TL-120,mañana,18.0,455.0,0,71.77,2.241,4.44,444.6,,0
576,MQ-0087,Este,XR-200,tarde,33.0,3063.0,0,67.11,5.494,5.38,455.2,3046.14,1
851,MQ-0036,Este,TL-90,noche,57.0,13127.0,1,64.85,,6.1,601.8,,0
3884,MQ-0171,Norte,XR-200,noche,54.0,12999.0,3,86.14,1.111,7.96,854.2,,0
1723,MQ-0042,Este,TL-90,mañana,24.0,2440.0,2,63.63,1.078,6.84,483.7,,0
3950,MQ-0129,Sur,BM-500,tarde,12.0,50.0,1,66.11,2.824,6.84,388.7,,0
1101,MQ-0074,Oeste,XR-350,mañana,68.0,14302.0,1,67.04,1.031,5.33,718.5,,0
1208,MQ-0074,Sur,XR-200,tarde,-17.0,2016.0,1,81.58,2.063,5.13,501.1,,0
1844,MQ-0078,Este,bm500,mañana,50.0,10599.0,3,79.82,1.901,7.0,718.7,,0
1849,MQ-0044,Sur,XR-200,tarde,28.0,8711.0,1,55.96,1.189,6.49,582.7,,0
2525,MQ-0153,Este,TL-90,tarde,60.0,12383.0,3,66.76,1.777,6.45,701.9,,0
3948,MQ-0173,Sur,bm500,mañana,70.0,13146.0,1,68.41,4.716,5.62,679.7,4050.23,1
1695,MQ-0048,Norte,XR 200,mañana,36.0,5115.0,1,68.4,2.792,5.77,531.9,,0
3961,MQ-0112,Sur,XR-200,tarde,76.0,11318.0,5,65.2,1.144,6.17,,,0
234,MQ-0008,Este,XR-350,tarde,65.0,8986.0,1,66.99,1.295,5.77,667.7,,0
3333,MQ-0118,Oeste,XR-350,mañana,100.0,16253.0,7,79.86,2.325,6.02,855.8,3292.54,1
2648,MQ-0064,Norte,XR-200,mañana,35.0,3537.0,0,59.6,3.948,5.37,441.7,,0
4042,MQ-0112,Sur,XR-200,tarde,17.0,4229.0,1,84.2,0.918,-1.0,533.7,,0
1712,MQ-0146,Norte, TL-120 ,mañana,18.0,2637.0,2,67.79,2.103,5.52,512.4,,0
183,MQ-0016,Este,TL-90,noche,26.0,4809.0,1,61.51,,6.78,429.4,,0
1463,MQ-0105,Sur,XR 350,mañana,42.0,8136.0,2,65.74,1.414,5.91,528.3,,0
50,MQ-0046,Oeste,xr200,tarde,16.0,2910.0,0,84.4,3.047,6.94,512.6,,0
4174,MQ-0052,Este,TL-90,mañana,30.0,3810.0,1,65.5,2.077,6.72,487.9,,0
107,MQ-0022,Norte,XR-350,mañana,48.0,9044.0,1,62.37,1.943,6.3,637.1,,0
444,MQ-0074,Sur,TL-120,mañana,54.0,7153.0,3,72.89,1.61,7.01,635.3,,0
1955,MQ-0065,Este,TL-120,noche,26.0,3502.0,2,68.15,,5.53,456.2,,0
727,MQ-0034,Este,xr350,mañana,37.0,5733.0,2,67.39,2.808,6.58,516.1,,0
2239,MQ-0051,Oeste,BM-500,tarde,24.0,2399.0,1,63.03,2.309,5.58,406.3,,0
2331,MQ-0107,Norte,XR-200,tarde,25.0,5102.0,3,87.72,1.622,7.55,659.3,,0
4126,MQ-0052,Sur,XR-350,mañana,52.0,7844.0,7,86.29,2.966,5.01,634.6,,0
170,MQ-0166,Este,xr200,tarde,30.0,4598.0,2,79.13,3.4,5.76,500.4,,0
1002,MQ-0008,Oeste,TL-90,tarde,62.0,9445.0,4,63.05,2.587,5.86,587.5,,0
3253,MQ-0063,Sur,BM-500,tarde,12.0,180.0,1,56.26,2.085,5.92,394.9,,0
2149,MQ-0083,Este,XR-350,mañana,62.0,8434.0,0,,1.429,6.39,747.9,,0
198,MQ-0028,Norte,XR-200,tarde,52.0,8762.0,1,83.73,3.295,5.4,719.4,,0
3794,MQ-0170,Norte,TL-90,mañana,8.0,526.0,1,83.1,5.929,5.73,498.0,,0
648,MQ-0158,Oeste,XR-350,noche,23.0,3005.0,1,83.87,,6.57,592.8,,0
3036,MQ-0023,Sur,TL-120,noche,14.0,2321.0,1,72.99,2.542,6.31,429.8,,0
4141,MQ-0180,Oeste,TL-90,tarde,35.0,5102.0,1,58.96,1.258,6.11,515.9,,0
3734,MQ-0094,Sur,XR-200,tarde,27.0,4743.0,2,70.75,3.685,6.12,547.4,,0
2759,MQ-0083,Sur,xr200,mañana,42.0,6776.0,0,66.59,2.044,6.86,504.7,,0
374,MQ-0160,Sur,XR-350,mañana,50.0,9665.0,0,57.97,1.712,5.12,420.0,,0
567,MQ-0148,Este,TL-120,tarde,18.0,5503.0,1,82.11,1.671,5.99,681.0,,0
3721,MQ-0005,Norte,XR-350,tarde,52.0,11244.0,0,69.56,1.439,5.55,618.2,,0
2896,MQ-0161,Norte,XR-200,tarde,15.0,50.0,1,86.45,4.28,6.36,421.3,2426.56,1
3486,MQ-0097,Norte,XR-200,mañana,59.0,11161.0,4,59.65,3.354,6.26,512.4,,0
1156,MQ-0175,Este,TL-120,noche,28.0,8921.0,0,67.76,,4.57,550.0,,0
4136,MQ-0096,Norte,XR-200,tarde,35.0,3660.0,0,76.77,3.746,6.35,551.9,,0
974,MQ-0084,Este,XR-200,mañana,77.0,11366.0,2,70.17,1.679,6.18,,,0
3288,MQ-0109,Sur,tl120,noche,58.0,10205.0,1,67.39,,4.81,673.3,,0
3628,MQ-0157,Sur,tl90,mañana,29.0,4839.0,0,91.6,2.649,5.43,638.7,,0
3639,MQ-0057,Norte,tl120,mañana,24.0,4436.0,2,78.61,1.518,6.47,576.5,,0
1836,MQ-0008,Sur,TL-90,mañana,37.0,5897.0,1,66.28,2.711,6.24,544.9,,0
2309,MQ-0009,Sur,TL-120,tarde,31.0,4377.0,1,999.0,5.42,6.66,604.0,2374.26,1
1841,MQ-0003,Este,XR-200,mañana,53.0,9473.0,0,82.71,1.954,5.09,,,0
2045,MQ-0113,Norte,XR-350,noche,34.0,8244.0,3,66.78,1.618,5.03,587.5,,0
845,MQ-0135,Norte,TL-90,mañana,52.0,7150.0,3,68.08,1.253,5.66,,,0
2156,MQ-0039,Oeste,TL-90,tarde,44.0,6736.0,2,60.51,2.371,6.32,523.4,,0
350,MQ-0034,Sur,TL-120,tarde,40.0,7038.0,0,85.0,1.209,6.06,693.3,,0
785,MQ-0089,Norte,BM-500,tarde,63.0,8970.0,1,68.45,3.043,6.28,545.8,,0
48,MQ-0119,Norte,XR 200,mañana,16.0,672.0,0,67.8,1.029,5.98,511.6,,0
3652,MQ-0090,Este,XR-200,mañana,48.0,5170.0,7,65.12,1.719,5.99,507.0,,0
4019,MQ-0089,Oeste,XR-200,mañana,21.0,2960.0,0,62.0,1.613,5.47,415.8,,0
1440,MQ-0145,Sur,XR-200,mañana,64.0,9685.0,2,86.68,2.101,7.07,780.9,,0
1866,MQ-0178,Sur,XR-350,mañana,24.0,1015.0,1,62.28,1.364,6.4,452.8,,0
3196,MQ-0085,Norte,xr350,noche,19.0,4021.0,0,65.59,3.445,6.59,463.8,1711.32,1
34,MQ-0042,Sur,TL-120,mañana,21.0,3548.0,1,58.23,1.231,5.72,433.0,,0
788,MQ-0138,Norte,XR-200,tarde,35.0,3690.0,1,68.18,0.9,-1.0,521.1,,0
2628,MQ-0015,Sur,TL 90,noche,52.0,7880.0,5,86.42,1.659,6.87,716.5,,0
932,MQ-0177,Norte,TL-120,tarde,90.0,15206.0,7,69.51,2.226,6.18,741.6,,0
2405,MQ-0019,Norte, XR-200 ,tarde,43.0,500160.0,1,87.22,2.506,5.47,784.3,,0
1686,MQ-0071,Este, XR-350 ,tarde,45.0,4147.0,6,73.45,4.341,5.11,512.4,3741.4,1
1249,MQ-0040,Sur,XR-350,noche,43.0,6331.0,0,80.35,,5.47,652.1,,0
93,MQ-0134,Norte,XR-200,noche,52.0,7257.0,2,62.67,1.999,6.28,582.6,,0
2852,MQ-0130,Norte,bm500,tarde,44.0,5750.0,0,64.22,5.534,6.86,472.2,,0
2794,MQ-0131,Sur,XR-200,noche,72.0,12377.0,3,68.12,1.893,6.4,671.5,,0
765,MQ-0042,Sur,XR-350,noche,42.0,7265.0,1,83.0,2.583,6.13,722.4,,0
2989,MQ-0165,Norte,XR-200,tarde,62.0,9102.0,0,67.25,1.485,6.59,555.2,,0
2449,MQ-0119,Este,xr200,noche,62.0,10860.0,0,83.66,,6.09,733.6,,0
1729,MQ-0040,Sur,BM-500,noche,51.0,12536.0,2,74.09,3.532,6.01,759.4,1156.95,1
258,MQ-0006,Norte,xr350,mañana,50.0,9288.0,1,64.11,1.784,7.06,454.3,,0
1220,MQ-0026,Oeste,XR-350,mañana,66.0,12260.0,2,66.48,1.172,6.32,692.8,,0
1162,MQ-0145,Norte,XR-350,mañana,45.0,6164.0,2,84.44,1.414,5.37,656.9,,0
773,MQ-0022,Oeste,XR-350,mañana,31.0,4355.0,2,66.29,2.862,4.61,554.1,,0
313,MQ-0160,Norte,XR-350,mañana,34.0,6993.0,1,69.77,1.101,8.18,578.1,,0
4033,MQ-0179,Este,XR-200,noche,35.0,4970.0,0,62.76,1.539,7.18,449.1,,0
2998,MQ-0165,Oeste,xr350,noche,111.0,20128.0,5,89.98,5.336,6.36,958.7,6522.82,1
1177,MQ-0119,Oeste, XR-350 ,mañana,59.0,14102.0,5,87.02,2.007,4.84,758.3,,0
3897,MQ-0028,Oeste,XR-350,mañana,61.0,10487.0,3,66.8,1.821,5.64,620.2,,0
1350,MQ-0037,Este,XR-200,noche,64.0,5653.0,3,,3.557,5.89,672.8,2751.8,1
3776,MQ-0007,Norte,XR-200,mañana,63.0,13208.0,2,71.13,2.178,5.96,647.3,,0
3117,MQ-0029,Sur, BM-500 ,tarde,36.0,4691.0,1,94.12,6.771,5.63,603.5,4138.72,1
3517,MQ-0154,Oeste,tl90,mañana,18.0,1295.0,0,64.17,3.606,6.74,374.4,,0
2299,MQ-0023,Norte,TL 90,tarde,18.0,2053.0,2,64.5,1.867,5.99,468.2,1926.89,1
2872,MQ-0148,Norte,BM-500,tarde,12.0,190.0,0,70.7,1.346,6.86,447.7,,0
392,MQ-0079,Sur,xr350,mañana,30.0,3349.0,1,84.29,0.962,5.65,581.2,,0
1457,MQ-0053,Oeste,XR 350,tarde,13.0,1682.0,1,,2.783,6.53,660.2,,0
1093,MQ-0048,Norte,TL-120,tarde,57.0,7863.0,1,66.05,1.369,5.89,465.8,,0
3240,MQ-0161,Sur,TL-120,noche,61.0,8709.0,4,63.36,,5.85,612.2,,0
2779,MQ-0112,Sur,TL-120,mañana,38.0,4414.0,1,66.65,2.258,6.31,495.8,,0
3657,MQ-0164,Sur,TL-90,mañana,36.0,5250.0,3,75.91,1.837,7.05,567.1,,0
2584,MQ-0058,Norte,xr350,noche,55.0,10415.0,1,66.85,,6.71,698.2,,0
3258,MQ-0131,Sur,XR 350,tarde,34.0,6227.0,1,63.85,2.656,5.77,574.4,,0
1373,MQ-0141,Norte,TL 90,mañana,69.0,11009.0,1,86.08,2.074,6.75,,,0
920,MQ-0158,Norte,XR-200,mañana,30.0,7163.0,2,67.0,1.12,6.75,565.1,,0
2551,MQ-0021,Sur,XR-200,noche,17.0,2892.0,1,68.9,1.822,6.96,522.2,,0
538,MQ-0124,Norte,XR-200,tarde,17.0,1670.0,2,61.54,1.182,6.68,430.0,,0
1221,MQ-0169,Norte, XR-200 ,noche,44.0,5965.0,3,70.97,,6.34,647.1,,0
